Customer,Education,Customer Lifetime Value,Income,Monthly Premium Auto,Number of Open Complaints,Policy Type,Vehicle Class,Total Claim Amount,State,Gender
RB50392,Master,7714,0,1000,0,Personal Auto,Four-Door Car,2,Washington,F
QZ44356,Bachelor,697953,0,94,0,Personal Auto,Four-Door Car,1131,Arizona,F
AI49188,Bachelor,1288743,48767,108,0,Personal Auto,Two-Door Car,566,Nevada,F
WW63253,Bachelor,764586,0,106,0,Corporate Auto,SUV,529,California,M
GA49547,High School or Below,536307,36357,68,0,Personal Auto,Four-Door Car,17,Washington,M
OC83172,Bachelor,825629,62902,69,0,Personal Auto,Two-Door Car,159,Oregon,F
XZ87318,College,538089,55350,67,0,Corporate Auto,Four-Door Car,321,Oregon,F
CF85061,Master,721610,0,101,0,Corporate Auto,Four-Door Car,363,Arizona,M
DY87989,Bachelor,2412750,14072,71,0,Corporate Auto,Four-Door Car,511,Oregon,M
BQ94931,College,738817,28812,93,0,Special Auto,Four-Door Car,425,Oregon,F
SX51350,College,473899,0,67,0,Personal Auto,Four-Door Car,482,California,M
VQ65197,College,819719,0,110,0,Personal Auto,SUV,528,California,F
DP39365,Master,879879,77026,110,2,Corporate Auto,Four-Door Car,472,California,F
SJ95423,High School or Below,881901,99845,110,1,Corporate Auto,SUV,528,Arizona,F
IL66569,College,538443,83689,70,2,Corporate Auto,Four-Door Car,307,California,F
BW63560,Bachelor,746313,24599,64,1,Corporate Auto,Four-Door Car,42,Oregon,F
FV94802,High School or Below,256686,25049,67,0,Personal Auto,Two-Door Car,454,Nevada,F
OE15005,College,394524,28855,101,0,Personal Auto,SUV,647,California,F
WC83389,College,571033,51148,72,0,Personal Auto,Four-Door Car,308,Oregon,F
FL50705,High School or Below,816261,66140,101,0,Corporate Auto,Four-Door Car,484,California,F
ZK25313,High School or Below,287205,57749,74,0,Personal Auto,Two-Door Car,355,Oregon,F
QK46697,Bachelor,617710,61040,79,1,Personal Auto,Two-Door Car,20,Washington,M
YH23384,Bachelor,2412750,14072,71,0,Personal Auto,Four-Door Car,511,Arizona,F
TZ98966,Bachelor,245019,0,73,3,Corporate Auto,Four-Door Car,554,Nevada,F
HM55802,Bachelor,239210,17870,61,0,Corporate Auto,Four-Door Car,439,California,F
FS42516,College,580206,97541,72,0,Personal Auto,Four-Door Car,389,Oregon,F
US89481,Bachelor,394637,0,111,0,Personal Auto,Four-Door Car,799,California,F
HS14476,College,916206,29723,80,0,Personal Auto,Four-Door Car,20,Washington,M
GE62437,College,1290256,86584,111,2,Personal Auto,Four-Door Car,532,Arizona,F
EJ77678,Master,323536,75690,80,1,Personal Auto,Four-Door Car,384,Oregon,F
SV85652,College,245458,23158,63,1,Personal Auto,Four-Door Car,322,Arizona,F
UL64533,High School or Below,1897545,65999,237,0,Corporate Auto,Luxury,615,Nevada,F
PF41800,Bachelor,471532,0,65,0,Personal Auto,Four-Door Car,308,California,F
HD95276,College,473787,0,130,0,Personal Auto,SUV,23,Washington,F
SK67821,Bachelor,493291,37260,62,0,Corporate Auto,Four-Door Car,15,Oregon,F
YV55495,High School or Below,574422,68987,71,0,Personal Auto,Four-Door Car,204,Arizona,F
KY38074,Bachelor,1389173,42305,117,0,Personal Auto,Four-Door Car,561,California,F
DM79012,Master,738097,65706,91,0,Personal Auto,Four-Door Car,436,Oregon,F
CM61827,Bachelor,309003,0,90,0,Personal Auto,Two-Door Car,648,Oregon,F
WC35801,High School or Below,252163,53243,66,2,Personal Auto,Four-Door Car,157,Arizona,F
QG25316,High School or Below,265206,0,70,1,Corporate Auto,Two-Door Car,484,Nevada,F
MB98372,College,277104,50071,71,0,Corporate Auto,Two-Door Car,18,Oregon,F
IL19217,Bachelor,393900,60021,99,0,Personal Auto,Four-Door Car,882,California,F
SR38658,High School or Below,1223187,43244,103,0,Personal Auto,Luxury,494,Arizona,F
YD87931,Doctor,495165,46896,35354,1,Personal Auto,Four-Door Car,31,Washington,M
HG65722,Doctor,1281910,10105,172,3,Personal Auto,SUV,0,Oregon,F
BU27331,Bachelor,446851,0,73,3,Personal Auto,Four-Door Car,579,Arizona,F
XM45289,High School or Below,551434,23218,71,0,Personal Auto,Two-Door Car,447,Oregon,F
KP34198,Bachelor,334387,0,92,0,Corporate Auto,Four-Door Car,529,California,F
SH90947,High School or Below,229447,0,62,0,Personal Auto,Four-Door Car,313,Arizona,F
WE95729,College,3670742,24804,104,0,Personal Auto,SUV,593,Oregon,F
PY51963,Bachelor,3347334,33190,106,0,Corporate Auto,SUV,508,California,F
RB69909,High School or Below,798343,36014,69,3,Special Auto,Four-Door Car,173,Nevada,F
NW21079,Master,487938,67163,61,2,Personal Auto,Two-Door Car,33,Washington,F
FR46645,Bachelor,429399,16701,113,0,Personal Auto,Four-Door Car,831,California,F
SY17488,College,716439,46623,91,0,Corporate Auto,Four-Door Car,436,Arizona,F
AP67935,College,761951,64749,64,0,Special Auto,Four-Door Car,302,California,F
FS37417,High School or Below,395800,0,101,0,Personal Auto,SUV,484,Arizona,F
ML29312,High School or Below,449949,16969,124,2,Personal Auto,SUV,704,Oregon,F
UB61619,Master,405956,11621,108,0,Personal Auto,Four-Door Car,518,Oregon,F
CD86811,Bachelor,445811,17622,65,1,Personal Auto,Four-Door Car,312,Arizona,F
RU83859,Bachelor,811033,11489,105,0,Personal Auto,Two-Door Car,504,California,F
FG63582,Bachelor,333976,0,94,0,Personal Auto,Two-Door Car,863,Oregon,F
NN71951,High School or Below,2426101,66525,100,0,Personal Auto,SUV,104,California,F
WB37082,Bachelor,661397,0,63,0,Personal Auto,Four-Door Car,676,Arizona,F
SM52139,College,293069,33663,73,0,Personal Auto,Four-Door Car,350,Washington,F
FL82372,College,867219,22547,112,0,Corporate Auto,SUV,537,Oregon,F
DP45816,High School or Below,1163866,61486,97,0,Personal Auto,Two-Door Car,465,Arizona,F
GW33762,Bachelor,684615,0,95,0,Personal Auto,Two-Door Car,456,Oregon,F
RZ33670,College,1172777,29879,102,0,Personal Auto,Four-Door Car,500,California,F
PY70169,High School or Below,2264383,93011,113,0,Personal Auto,SUV,281,Oregon,F
MO91628,Master,261447,65186,65,0,Personal Auto,Two-Door Car,5,Oregon,F
HW87852,Master,245175,26840,64,2,Personal Auto,Four-Door Car,307,Oregon,F
HB20453,Bachelor,678127,0,104,1,Personal Auto,Luxury,982,Oregon,F
BN87372,Bachelor,497480,75644,65,3,Personal Auto,Two-Door Car,467,Oregon,F
YX23800,Bachelor,859160,38984,73,0,Personal Auto,Four-Door Car,350,Oregon,F
DZ87709,High School or Below,559216,71811,71,0,Personal Auto,Four-Door Car,29,Oregon,F
XW13033,College,800947,20961,67,0,Personal Auto,Four-Door Car,321,Nevada,F
SP81997,Master,7714,41275,96,0,Personal Auto,Four-Door Car,41,Washington,F
OM82309,Bachelor,5816655,61321,186,1,Personal Auto,Luxury,427,California,F
ZU35962,College,802522,0,77,0,Personal Auto,Two-Door Car,25,California,F
VH85817,High School or Below,578018,51066,74,0,Personal Auto,Four-Door Car,787,California,F
DT85712,Doctor,411853,34378,102,0,Personal Auto,SUV,489,California,F
YJ88573,Master,252307,43072,63,0,Personal Auto,Four-Door Car,302,Nevada,F
SQ19467,College,655421,25222,90,0,Personal Auto,Four-Door Car,475,Oregon,F
YB66933,Bachelor,538275,77552,68,1,Corporate Auto,Four-Door Car,45,Washington,F
ET79815,College,592672,23091,96,5,Personal Auto,Four-Door Car,460,California,F
QC35222,Bachelor,268347,48269,69,3,Corporate Auto,Four-Door Car,282,California,F
CJ15590,Bachelor,269518,32720,67,0,Personal Auto,Four-Door Car,321,Oregon,F
OI48267,College,604702,20396,76,1,Personal Auto,Four-Door Car,364,California,F
JY67916,College,1317101,21513,119,1,Personal Auto,Two-Door Car,679,Oregon,F
OW15518,College,1595001,0,87,1,Personal Auto,Two-Door Car,46,Washington,F
CZ33664,Bachelor,252765,80744,63,0,Corporate Auto,Four-Door Car,11,Oregon,F
WK30175,Bachelor,267209,52822,67,0,Corporate Auto,Two-Door Car,350,Oregon,F
ON44465,High School or Below,531329,0,77,1,Personal Auto,Four-Door Car,863,California,F
TV87155,Bachelor,2094619,69738,74,1,Personal Auto,Four-Door Car,492,Oregon,F
KH48895,Master,837535,17780,109,0,Personal Auto,SUV,132,Arizona,F
NZ30757,Bachelor,480166,18107,62,0,Personal Auto,Four-Door Car,297,California,F
RI22468,Bachelor,574594,57740,74,3,Personal Auto,Four-Door Car,269,Arizona,F
FZ30935,College,606611,32627,76,0,Personal Auto,Two-Door Car,380,Oregon,F
UG93476,College,800230,0,107,0,Personal Auto,SUV,513,California,F
AB96670,College,239391,0,70,0,Personal Auto,Four-Door Car,425,California,F
XK64261,Bachelor,476281,65795,62,1,Corporate Auto,Two-Door Car,49,Oregon,F
EV68375,College,433038,60475,107,0,Personal Auto,Four-Door Car,513,California,F
UN51653,High School or Below,940272,0,130,0,Personal Auto,SUV,936,California,F
TO96662,Bachelor,696669,41837,88,0,Personal Auto,Four-Door Car,142,Oregon,F
MR52087,Bachelor,769406,32303,65,0,Personal Auto,Four-Door Car,45,California,F
DE75225,High School or Below,871756,0,117,1,Personal Auto,SUV,561,Oregon,F
EP80820,Bachelor,592874,40531,74,0,Personal Auto,Two-Door Car,30,California,F
GU99037,College,245297,79898,62,1,Corporate Auto,Four-Door Car,271,Oregon,F
WI57118,College,670157,56398,85,0,Personal Auto,Four-Door Car,408,California,F
GP39118,High School or Below,499655,71600,63,0,Personal Auto,Two-Door Car,46,Washington,M
MQ14219,College,849269,27804,109,0,Personal Auto,SUV,784,Arizona,F
KN20603,Bachelor,771349,45506,66,2,Personal Auto,Four-Door Car,316,Oregon,F
SG20925,Master,518579,99428,6464,1,Personal Auto,Four-Door Car,48,Washington,F
JI70886,High School or Below,729006,0,102,1,Corporate Auto,SUV,489,California,F
VF72557,High School or Below,477294,20993,133,0,Personal Auto,SUV,638,Oregon,F
OX28638,High School or Below,680649,37839,86,0,Personal Auto,Two-Door Car,465,Arizona,F
SK55033,Bachelor,246978,92711,62,0,Personal Auto,Two-Door Car,368,California,F
OO88645,College,310392,74665,78,2,Corporate Auto,Four-Door Car,236,California,F
FM14335,College,1048491,61108,89,0,Personal Auto,Four-Door Car,49,Washington,F
CW82151,Bachelor,890273,46833,112,0,Personal Auto,Luxury,64,California,F
DY22043,High School or Below,549944,88768,68,0,Personal Auto,Two-Door Car,326,Oregon,F
SH36774,High School or Below,1502359,28262,192,0,Personal Auto,Luxury,921,California,F
EM43724,Bachelor,250910,33555,63,0,Personal Auto,Four-Door Car,101,Nevada,F
FH85960,College,3122174,42780,113,1,Personal Auto,Four-Door Car,542,Oregon,F
XA55993,Master,313350,58850,78,0,Personal Auto,Four-Door Car,143,Oregon,F
GO36627,College,383745,21880,97,0,Special Auto,Four-Door Car,424,Arizona,F
QH48047,College,1179049,25251,66,0,Personal Auto,Four-Door Car,316,Oregon,F
HS28694,High School or Below,282986,25317,71,0,Personal Auto,Two-Door Car,50,Washington,F
UH65059,High School or Below,430580,24188,109,0,Personal Auto,Luxury,523,Arizona,F
FV21968,Bachelor,597397,41611,74,0,Special Auto,Four-Door Car,113,Nevada,F
QA87025,Bachelor,567044,28406,72,1,Personal Auto,Four-Door Car,192,Oregon,F
TQ13499,College,473174,69833,118,0,Personal Auto,Four-Door Car,828,Arizona,F
BU44523,High School or Below,802637,0,74,0,Corporate Auto,Four-Door Car,532,Arizona,F
MS41162,High School or Below,402296,0,117,0,Personal Auto,SUV,975,Arizona,F
PU25891,High School or Below,961831,80536,119,0,Special Auto,Luxury,53,Oregon,F
LH92841,Bachelor,725595,88891,89,0,Personal Auto,Four-Door Car,50,Washington,F
SX26335,College,955292,97732,79,0,Personal Auto,Four-Door Car,289,Oregon,F
AZ95587,Bachelor,1038855,61222,89,0,Special Auto,Four-Door Car,392,Arizona,F
DS81757,College,247012,0,74,0,Personal Auto,Two-Door Car,721,Oregon,M
OJ94107,Master,561906,50335,140,0,Personal Auto,SUV,456,Arizona,M
LP84436,High School or Below,904711,0,127,0,Personal Auto,Luxury,1087,California,F
FF22360,Doctor,268731,82210,68,4,Personal Auto,Four-Door Car,51,Washington,F
LM19287,High School or Below,373150,0,96,0,Personal Auto,Four-Door Car,460,Oregon,F
ZU18643,Bachelor,366077,64495,92,0,Corporate Auto,Four-Door Car,251,Nevada,M
AZ82578,College,792882,0,72,0,Corporate Auto,Four-Door Car,345,California,F
XC67861,Bachelor,501175,28859,67,3,Corporate Auto,Two-Door Car,321,Arizona,F
YC43143,High School or Below,798825,77330,99,0,Personal Auto,Four-Door Car,99,Arizona,F
EK59571,College,388545,0,105,0,Corporate Auto,Four-Door Car,504,Oregon,M
PA38372,High School or Below,935773,33060,117,0,Personal Auto,Four-Door Car,56,Washington,F
RO18530,Master,254068,42557,65,0,Personal Auto,Four-Door Car,57,Washington,M
PD27940,High School or Below,488516,26372,126,0,Personal Auto,SUV,604,Arizona,M
BS77946,Bachelor,975330,17514,127,0,Personal Auto,SUV,8,Arizona,F
YM50253,Bachelor,294615,89270,74,0,Personal Auto,Four-Door Car,316,California,F
NR15332,High School or Below,258111,29757,65,0,Personal Auto,Four-Door Car,312,California,M
RC62865,College,351738,51814,92,0,Personal Auto,Four-Door Car,56,Oregon,M
CC15295,Bachelor,974335,24028,82,0,Personal Auto,Four-Door Car,393,Oregon,F
KA61892,College,387364,28142,105,0,Personal Auto,Luxury,701,Arizona,M
OS94884,Bachelor,764928,52705,64,1,Personal Auto,Two-Door Car,128,Arizona,F
ND87334,High School or Below,228759,0,63,0,Corporate Auto,Two-Door Car,679,California,M
OY51402,High School or Below,825576,54040,103,0,Personal Auto,SUV,59,Washington,F
YL74911,College,871492,0,118,0,Personal Auto,SUV,566,California,F
GK92563,Doctor,681923,22492,85,0,Personal Auto,Two-Door Car,61,Washington,F
HL53154,Bachelor,741619,0,77,2,Personal Auto,Four-Door Car,554,California,M
RI78966,Master,777115,21876,68,0,Personal Auto,Four-Door Car,465,Oregon,M
IC13702,Bachelor,696834,0,69,1,Personal Auto,Four-Door Car,496,California,F
BE10809,High School or Below,425028,0,61,1,Personal Auto,Four-Door Car,292,California,F
HT87217,High School or Below,1977656,70699,82,0,Personal Auto,Four-Door Car,256,Oregon,F
TH95618,High School or Below,2134346,0,74,1,Personal Auto,Four-Door Car,355,California,F
TS19868,College,241313,27501,63,0,Personal Auto,Four-Door Car,542,California,M
LP45550,Doctor,1536384,15897,101,0,Personal Auto,Four-Door Car,303,Oregon,F
QR87004,College,845696,25141,73,1,Personal Auto,Four-Door Car,25,Nevada,F
OE75747,College,218964,0,61,3,Personal Auto,Four-Door Car,292,Nevada,F
DX91392,High School or Below,578018,51066,74,0,Personal Auto,Four-Door Car,787,California,M
AB72731,Bachelor,463998,28358,117,0,Personal Auto,Luxury,84,California,F
GX84338,Doctor,382443,62530,95,0,Personal Auto,Four-Door Car,61,Washington,F
IS12901,Bachelor,596811,90972,74,0,Personal Auto,Two-Door Car,232,Arizona,F
BN90616,Bachelor,859033,63110,72,0,Personal Auto,Four-Door Car,68,Washington,F
HH90090,Bachelor,407663,29549,104,0,Personal Auto,Luxury,710,California,F
IU25463,Bachelor,1225260,0,115,1,Personal Auto,Four-Door Car,552,California,F
KC11055,Bachelor,1693627,39411,217,2,Personal Auto,Luxury,1122,Nevada,F
PD33979,High School or Below,489243,21709,62,0,Personal Auto,Four-Door Car,408,Oregon,M
NK71023,Bachelor,994230,67890,85,0,Personal Auto,Four-Door Car,408,Nevada,M
AB13432,Bachelor,373583,0,110,0,Personal Auto,SUV,792,California,M
OZ97704,High School or Below,1311752,84311,111,4,Personal Auto,SUV,532,California,F
UF46533,College,457452,99316,114,0,Corporate Auto,SUV,754,California,F
XP47431,Bachelor,547006,54507,138,0,Personal Auto,SUV,702,Arizona,F
GK73582,Bachelor,297884,64586,76,0,Personal Auto,Four-Door Car,206,California,F
RV98763,College,641096,61709,82,2,Personal Auto,Four-Door Car,275,Oregon,M
II62831,Master,447902,94656,111,1,Special Auto,SUV,459,California,M
XK33449,High School or Below,238373,0,69,0,Special Auto,Two-Door Car,496,California,F
TR85083,Bachelor,276449,61085,70,1,Personal Auto,Two-Door Car,336,California,M
EO95328,Bachelor,792010,89284,67,3,Personal Auto,Two-Door Car,321,Oregon,F
EN21086,High School or Below,688909,0,63,0,Personal Auto,Four-Door Car,302,Arizona,F
YL83902,Bachelor,327419,31686,81,0,Personal Auto,Four-Door Car,430,Washington,F
AZ62651,High School or Below,995170,56855,255,0,Corporate Auto,Luxury,1836,Oregon,M
ZW25874,Bachelor,252155,53703,67,2,Special Auto,Four-Door Car,67,Oregon,M
EH41854,High School or Below,2370611,0,96,1,Personal Auto,Two-Door Car,844,Washington,F
MW70227,College,604702,20396,76,1,Personal Auto,Four-Door Car,364,California,M
SL22297,Master,1114030,27679,150,0,Personal Auto,SUV,722,California,F
RV14138,Bachelor,433406,23904,123,3,Personal Auto,SUV,590,Nevada,F
UO62808,High School or Below,279974,65351,69,0,Corporate Auto,Four-Door Car,481,Arizona,F
ZX64745,College,792313,0,113,0,Personal Auto,SUV,1124,California,M
FL34139,High School or Below,368811,0,63,3,Personal Auto,Four-Door Car,669,California,M
TS11219,College,1206745,0,116,0,Personal Auto,SUV,1284,California,M
XX12304,College,292497,64459,72,0,Personal Auto,Four-Door Car,240,California,F
SD64087,College,1501409,32961,190,0,Corporate Auto,SUV,912,California,M
OY38576,High School or Below,927723,71416,116,0,Corporate Auto,SUV,556,Oregon,F
BG76355,Bachelor,627412,68964,78,0,Personal Auto,Four-Door Car,115,Washington,F
IP66913,High School or Below,388664,78108,98,0,Personal Auto,Two-Door Car,470,California,M
LE95702,College,438627,10621,67,0,Special Auto,Four-Door Car,321,California,M
KX54357,College,1136526,84910,95,0,Corporate Auto,Two-Door Car,383,Washington,M
EZ78112,High School or Below,561096,77493,70,0,Special Auto,Four-Door Car,307,California,F
XN16891,College,291289,81097,74,0,Personal Auto,Four-Door Car,355,Arizona,M
XK31350,College,691572,96610,85,0,Corporate Auto,Four-Door Car,520,Oregon,F
CC30924,College,626266,30110,159,0,Corporate Auto,Luxury,466,Oregon,M
IT78748,High School or Below,650339,22081,84,0,Special Auto,Two-Door Car,451,Oregon,F
KY33386,High School or Below,800739,0,112,0,Personal Auto,Luxury,537,Washington,F
CO44221,College,292991,98473,72,0,Personal Auto,Four-Door Car,345,California,M
LK60013,Bachelor,596955,97431,74,0,Personal Auto,Four-Door Car,355,Oregon,F
DE21533,Bachelor,547315,93870,69,0,Personal Auto,Four-Door Car,331,California,M
YS94121,High School or Below,564539,50366,72,0,Personal Auto,Four-Door Car,428,Nevada,M
UK68427,High School or Below,636926,34498,83,0,Personal Auto,Two-Door Car,398,Washington,M
TE49565,College,1183376,16552,103,0,Personal Auto,SUV,494,Oregon,F
RA88421,College,612110,26787,77,0,Personal Auto,Four-Door Car,369,Oregon,F
KQ51983,College,515936,0,74,0,Personal Auto,Two-Door Car,831,Nevada,M
CD88896,High School or Below,251459,43860,65,0,Corporate Auto,Four-Door Car,156,Nevada,F
YV22553,High School or Below,866861,21474,114,2,Corporate Auto,SUV,373,Arizona,M
WU14435,Bachelor,496096,18174,66,0,Corporate Auto,Four-Door Car,395,California,M
XV84099,Bachelor,550413,0,73,0,Corporate Auto,Four-Door Car,350,Arizona,F
RI24911,College,750745,60920,64,0,Personal Auto,Two-Door Car,231,Arizona,M
KO26461,High School or Below,3226985,41520,90,0,Personal Auto,Four-Door Car,289,Arizona,M
HI14283,Bachelor,565703,0,152,0,Personal Auto,SUV,729,Oregon,F
PT50227,High School or Below,506175,0,68,0,Personal Auto,Two-Door Car,326,Arizona,M
BH36570,Bachelor,591278,72208,73,0,Personal Auto,Two-Door Car,350,California,M
TX17484,Bachelor,1518227,53863,63,0,Personal Auto,Four-Door Car,105,California,F
CT41158,College,1074703,66446,136,0,Corporate Auto,SUV,639,Washington,M
AO87348,College,205062,0,61,0,Personal Auto,Four-Door Car,292,Washington,M
DE55857,Bachelor,246544,64997,63,1,Personal Auto,Four-Door Car,383,Washington,F
LF66923,High School or Below,534312,64460,66,0,Corporate Auto,Two-Door Car,316,Nevada,F
CN24514,College,811982,46618,67,0,Personal Auto,Four-Door Car,99,Arizona,F
UW32074,College,460526,0,64,0,Corporate Auto,Four-Door Car,307,Oregon,F
HP36979,College,640878,49988,84,5,Personal Auto,Two-Door Car,566,California,M
PP40919,College,237653,0,91,5,Personal Auto,Two-Door Car,436,California,F
RO73268,Bachelor,321107,16269,86,0,Corporate Auto,Two-Door Car,412,California,M
HO61691,Bachelor,509452,72006,64,0,Personal Auto,Four-Door Car,307,Arizona,F
BS13062,High School or Below,2575527,0,81,2,Personal Auto,Four-Door Car,388,Arizona,F
FO35655,Bachelor,867222,0,245,0,Corporate Auto,Luxury,2345,Oregon,M
HR10526,Master,804473,44320,67,0,Personal Auto,Four-Door Car,321,California,M
IA63417,High School or Below,400151,19782,108,0,Personal Auto,Two-Door Car,773,Arizona,F
BH35016,Bachelor,1670611,63933,70,0,Personal Auto,Two-Door Car,424,Nevada,F
PK52952,Doctor,854441,28224,109,0,Personal Auto,SUV,523,Arizona,M
OD76309,College,780531,21073,106,1,Personal Auto,SUV,508,Washington,F
IL28481,Bachelor,611275,63243,77,0,Personal Auto,Four-Door Car,364,Oregon,M
GY55092,High School or Below,477294,20993,133,0,Personal Auto,SUV,638,Nevada,M
UF33451,Bachelor,1097909,94827,135,0,Personal Auto,SUV,354,Oregon,F
CF15558,Master,500426,39161,63,1,Personal Auto,Two-Door Car,283,California,F
JM62924,Bachelor,1322304,37534,84,2,Personal Auto,Four-Door Car,403,Washington,M
EM66435,Bachelor,262331,80210,65,0,Corporate Auto,Four-Door Car,20,Oregon,F
QX45933,Bachelor,1784019,0,62,0,Personal Auto,Four-Door Car,385,California,M
JI71369,College,510611,30110,64,0,Personal Auto,Four-Door Car,140,California,F
JU93290,College,1793060,21708,68,0,Personal Auto,Four-Door Car,326,Arizona,F
GU66096,High School or Below,545734,94731,67,0,Personal Auto,Four-Door Car,321,Arizona,M
UC33108,Bachelor,656364,32375,83,0,Personal Auto,Four-Door Car,398,California,M
LW93867,College,481252,16531,63,0,Corporate Auto,Four-Door Car,102,Oregon,M
OU78470,Master,2932804,32006,94,0,Corporate Auto,Four-Door Car,56,Arizona,F
XW90265,Bachelor,577352,81676,72,0,Personal Auto,Two-Door Car,463,Arizona,F
HS67749,College,684711,71038,86,0,Corporate Auto,Four-Door Car,205,California,M
VZ51506,High School or Below,359531,0,103,0,Corporate Auto,Luxury,741,Arizona,F
UI64281,Master,2285561,20832,65,0,Personal Auto,Two-Door Car,56,Nevada,F
AE98193,High School or Below,785941,0,113,0,Personal Auto,SUV,813,Washington,M
AZ74055,High School or Below,411557,52405,103,0,Personal Auto,Four-Door Car,494,Oregon,M
XS76911,High School or Below,502963,0,133,0,Personal Auto,Luxury,795,Arizona,F
AY40674,Bachelor,482141,26583,1005,4,Personal Auto,SUV,614,Washington,F
NA12740,Master,500431,25486,65,0,Special Auto,Two-Door Car,72,Oregon,M
UA84837,College,863005,24065,111,0,Corporate Auto,Four-Door Car,532,Arizona,M
DJ51510,High School or Below,932208,70435,116,0,Personal Auto,Four-Door Car,67,Arizona,F
VM58985,College,1672756,0,76,2,Personal Auto,Two-Door Car,402,California,M
OH60605,High School or Below,365253,39679,92,0,Personal Auto,Two-Door Car,641,Oregon,F
UO98052,College,615860,0,89,0,Personal Auto,Four-Door Car,342,Nevada,M
NC53424,Bachelor,437608,0,69,4,Personal Auto,Two-Door Car,331,California,M
LQ13873,High School or Below,556945,53565,71,1,Personal Auto,Four-Door Car,340,Nevada,M
LA97014,Bachelor,257651,37574,66,1,Personal Auto,Two-Door Car,412,Washington,M
NB79936,Bachelor,834698,48259,108,0,Personal Auto,Two-Door Car,73,Washington,M
NT89061,High School or Below,632392,78532,78,0,Personal Auto,Four-Door Car,374,Arizona,F
AF10970,Bachelor,597314,96163,73,0,Corporate Auto,Four-Door Car,350,Arizona,F
ZG48513,Bachelor,470667,0,72,0,Personal Auto,Four-Door Car,345,California,M
JQ59145,High School or Below,809341,0,114,1,Personal Auto,Luxury,722,California,M
FE84989,College,503574,72672,63,0,Personal Auto,Four-Door Car,259,Washington,M
JT52858,Bachelor,902786,99002,112,1,Personal Auto,Four-Door Car,537,Oregon,F
MC62068,High School or Below,728888,79494,91,0,Personal Auto,Four-Door Car,396,California,M
EU27538,Master,1804247,35704,225,0,Personal Auto,Luxury,358,Oregon,M
RH42306,Bachelor,499206,0,71,0,Corporate Auto,Four-Door Car,653,Arizona,F
US23612,High School or Below,910226,26049,118,0,Personal Auto,Two-Door Car,121,Oregon,F
WV76014,Doctor,254040,70125,64,0,Special Auto,Four-Door Car,92,Arizona,M
RK96223,College,1294189,52369,110,1,Personal Auto,SUV,528,California,M
MF82000,Bachelor,236534,0,66,2,Special Auto,Four-Door Car,159,Washington,F
FM46980,College,572076,41770,72,0,Personal Auto,Four-Door Car,476,Arizona,M
SY56792,High School or Below,703553,0,101,0,Corporate Auto,Four-Door Car,727,Oregon,M
RF61565,College,263697,31911,67,0,Personal Auto,Four-Door Car,321,California,M
IM94808,Bachelor,539583,70051,68,0,Corporate Auto,Four-Door Car,42,Nevada,M
VI14730,High School or Below,838263,19683,117,1,Personal Auto,Luxury,561,Oregon,M
YR34119,College,3116174,30916,112,0,Personal Auto,SUV,200,Washington,F
RR77985,Bachelor,288774,0,80,0,Personal Auto,Four-Door Car,676,Oregon,F
QD28391,College,742584,84302,62,0,Personal Auto,Four-Door Car,76,Washington,M
WV17090,Bachelor,2558572,0,116,0,Corporate Auto,SUV,830,California,M
TM23514,College,1027260,60145,132,0,Personal Auto,SUV,580,Oregon,M
MQ68407,Bachelor,437636,63774,111,0,Personal Auto,Four-Door Car,60,Oregon,F
GJ59592,Bachelor,531889,25134,67,0,Corporate Auto,Four-Door Car,321,California,F
FY56083,Bachelor,471976,37057,61,1,Personal Auto,Four-Door Car,47,Oregon,M
UA94723,High School or Below,442803,58577,110,0,Personal Auto,SUV,303,Oregon,F
FW91032,High School or Below,587917,85857,73,0,Corporate Auto,Four-Door Car,100,California,M
DE34457,Doctor,941690,70602,116,0,Personal Auto,SUV,481,Oregon,F
HD32044,Master,828815,33816,106,2,Corporate Auto,Four-Door Car,508,Oregon,F
HH30454,Bachelor,3265483,0,153,0,Personal Auto,SUV,1101,Oregon,M
AH84063,College,471945,89642,121,4,Corporate Auto,SUV,86,Oregon,F
QA17596,Bachelor,390347,60068,98,0,Personal Auto,Two-Door Car,470,California,F
XI41052,Bachelor,545725,50044,139,0,Personal Auto,SUV,667,California,F
DI30528,Master,272535,36650,69,1,Personal Auto,Four-Door Car,56,California,F
SC66359,College,443397,50653,110,0,Corporate Auto,SUV,262,Arizona,F
EN61670,Doctor,533246,68931,66,0,Personal Auto,Four-Door Car,309,Arizona,F
DQ10761,Bachelor,231509,0,73,1,Corporate Auto,Four-Door Car,350,Oregon,M
BQ51587,College,541195,0,73,0,Personal Auto,Four-Door Car,365,California,F
JE21522,Bachelor,958733,39266,80,0,Personal Auto,Four-Door Car,384,California,M
WS47147,College,2210350,0,102,0,Personal Auto,SUV,489,California,M
ZA64638,High School or Below,976494,0,98,1,Personal Auto,Four-Door Car,705,Nevada,F
EW38459,Bachelor,256715,40864,65,0,Corporate Auto,Four-Door Car,9,Nevada,F
QW87316,College,265062,39035,68,0,Personal Auto,Four-Door Car,244,Oregon,F
IC43478,Bachelor,1126436,34923,98,0,Personal Auto,Two-Door Car,639,California,M
TE34064,High School or Below,216852,0,63,0,Personal Auto,Four-Door Car,453,California,M
WU60905,High School or Below,861066,0,111,0,Corporate Auto,SUV,532,California,F
YM18992,College,283464,24506,71,0,Personal Auto,Two-Door Car,511,California,F
PD55753,High School or Below,893013,0,82,0,Personal Auto,Four-Door Car,554,Oregon,M
KU56006,College,553638,52220,70,1,Personal Auto,Four-Door Car,336,Arizona,F
MJ69973,High School or Below,284085,0,74,0,Personal Auto,Two-Door Car,402,Arizona,M
TW43626,College,808288,53554,67,0,Personal Auto,Four-Door Car,327,California,M
XX84133,Bachelor,525473,34476,67,1,Corporate Auto,Four-Door Car,5,California,M
ZW84453,Bachelor,511623,0,70,0,Personal Auto,Four-Door Car,131,Arizona,F
HO29524,College,303464,68205,76,0,Personal Auto,Two-Door Car,99,California,M
VE89726,High School or Below,802489,0,119,1,Personal Auto,SUV,856,California,F
GE87503,High School or Below,1821114,53690,154,0,Personal Auto,SUV,739,California,M
PX90263,High School or Below,512156,0,72,0,Personal Auto,Four-Door Car,518,Oregon,M
NI17718,High School or Below,215017,0,61,0,Personal Auto,Four-Door Car,292,California,F
FY32213,High School or Below,559538,74454,71,0,Personal Auto,Four-Door Car,340,California,F
RZ13254,Bachelor,756282,0,73,0,Personal Auto,Four-Door Car,350,Nevada,F
GN45013,High School or Below,538585,29664,71,0,Personal Auto,Four-Door Car,340,Oregon,M
NM39588,Doctor,267805,72450,66,0,Corporate Auto,Four-Door Car,84,Washington,F
KU84464,Bachelor,942256,47272,79,3,Personal Auto,Four-Door Car,64,Nevada,F
YH43527,College,360586,21585,92,0,Corporate Auto,Four-Door Car,441,Oregon,F
RO30676,College,776259,23827,106,2,Personal Auto,Four-Door Car,37,California,F
QL59704,College,2344490,69906,74,2,Corporate Auto,Four-Door Car,202,Arizona,F
QH19450,High School or Below,255817,0,72,0,Corporate Auto,Four-Door Car,345,California,F
SA54664,Master,265438,73196,66,1,Personal Auto,Four-Door Car,85,Washington,M
CI38330,Bachelor,254978,72217,6464,0,Personal Auto,Four-Door Car,91,Washington,M
WB38524,High School or Below,296959,46131,74,0,Personal Auto,Two-Door Car,355,California,M
CE56187,Master,436312,54514,109,3,Personal Auto,SUV,286,Oregon,F
JL19416,High School or Below,588430,0,161,0,Personal Auto,SUV,1159,California,F
JZ61422,College,527219,96668,66,0,Personal Auto,Four-Door Car,316,Nevada,F
LA13377,Doctor,550989,78879,69,1,Personal Auto,Four-Door Car,466,California,M
NC99948,College,1631368,0,69,0,Personal Auto,Four-Door Car,331,Nevada,M
QD34785,Bachelor,567805,0,76,0,Personal Auto,Four-Door Car,364,Arizona,F
RO26085,Bachelor,1210120,0,112,0,Personal Auto,Luxury,1252,California,F
ES57969,Bachelor,245357,29735,69,0,Personal Auto,Four-Door Car,331,Oregon,M
JK55587,High School or Below,507566,23082,65,0,Special Auto,Four-Door Car,312,California,M
RN97635,Bachelor,321497,53984,80,0,Corporate Auto,Four-Door Car,421,Arizona,M
BI76326,College,1227534,52135,156,0,Personal Auto,SUV,430,California,F
JA34909,College,272221,17576,71,0,Corporate Auto,Four-Door Car,398,California,F
OJ90342,Bachelor,245744,29486,62,0,Personal Auto,Four-Door Car,7,Oregon,F
CM88932,Master,355484,58557,88,0,Corporate Auto,Four-Door Car,55,Oregon,F
JJ97525,Bachelor,492954,25632,63,0,Personal Auto,Two-Door Car,351,California,M
XV21647,High School or Below,803645,0,112,0,Personal Auto,Luxury,806,California,F
MC83487,Bachelor,427691,18768,68,3,Corporate Auto,Four-Door Car,647,Arizona,M
BL90769,Bachelor,3347334,33190,106,0,Personal Auto,SUV,508,California,F
CR57148,Master,596058,47945,74,0,Personal Auto,Two-Door Car,128,Oregon,F
CP85232,College,4479546,58778,126,0,Special Auto,SUV,302,Arizona,M
YL74732,High School or Below,383211,15192,100,0,Personal Auto,SUV,480,California,F
FG16766,Bachelor,683793,51859,171,0,Personal Auto,SUV,1003,California,F
NV55438,High School or Below,528526,23422,72,0,Personal Auto,Two-Door Car,518,Nevada,F
RM10880,College,309651,21604,79,0,Corporate Auto,Four-Door Car,379,California,F
GL56175,College,358971,79298,90,0,Personal Auto,Four-Door Car,244,Arizona,M
UK52289,Bachelor,258240,76731,64,0,Special Auto,Four-Door Car,201,Arizona,F
OT85112,College,340391,38460,88,1,Personal Auto,Four-Door Car,91,Washington,M
BC62782,College,1357567,48534,115,1,Personal Auto,SUV,552,Arizona,F
TI19722,Doctor,343613,30817,88,0,Corporate Auto,Four-Door Car,91,Washington,M
JP30654,College,2868582,48412,104,0,Personal Auto,SUV,707,Oregon,F
UM45563,Bachelor,450267,68798,114,0,Personal Auto,SUV,92,Washington,M
EN60878,Bachelor,618311,23712,85,0,Personal Auto,Four-Door Car,376,Oregon,M
JF36291,College,387364,28142,105,0,Personal Auto,Luxury,701,California,M
BK59444,Master,1892933,72196,68,0,Personal Auto,Four-Door Car,152,California,F
MK70700,Master,555329,68197,69,0,Personal Auto,Four-Door Car,176,California,M
IW71076,Bachelor,501125,75248,63,0,Corporate Auto,Four-Door Car,104,California,M
AP98768,College,1044244,0,98,0,Personal Auto,Four-Door Car,941,California,F
OM24164,Bachelor,219961,0,65,1,Personal Auto,Two-Door Car,468,Nevada,M
HR85211,Master,512317,89879,63,0,Personal Auto,Two-Door Car,94,Washington,F
VC87846,High School or Below,748431,46998,96,0,Corporate Auto,Four-Door Car,460,Oregon,M
ZM92052,Bachelor,261302,57099,67,0,Personal Auto,Two-Door Car,67,Oregon,M
ON73702,Bachelor,908063,33897,114,0,Corporate Auto,SUV,539,Arizona,F
QQ90441,High School or Below,1377097,59207,116,0,Personal Auto,Four-Door Car,556,Nevada,F
HU35721,High School or Below,287682,40171,73,0,Personal Auto,Four-Door Car,350,Oregon,M
YP47665,Doctor,540891,80192,67,0,Personal Auto,Four-Door Car,95,Washington,M
FU99476,High School or Below,677030,74422,85,1,Personal Auto,Four-Door Car,95,Washington,M
AG85615,College,2414387,0,87,0,Special Auto,Four-Door Car,626,Oregon,M
OY74069,College,353805,0,67,5,Personal Auto,Four-Door Car,321,Arizona,F
DJ91267,Bachelor,2909123,34226,244,0,Personal Auto,Luxury,494,Nevada,F
KB72438,High School or Below,1983420,65989,123,1,Personal Auto,SUV,115,California,F
TR67616,High School or Below,473136,30686,61,0,Corporate Auto,Four-Door Car,19,Oregon,M
GF65731,Master,3553784,0,113,0,Personal Auto,Luxury,799,California,F
HB67642,High School or Below,3461137,20090,109,0,Personal Auto,Luxury,523,Arizona,F
DP84567,High School or Below,2021630,0,183,0,Personal Auto,Luxury,878,California,M
VV77534,College,1397651,77094,176,0,Personal Auto,SUV,444,Oregon,M
GL67540,College,590408,97413,73,0,Personal Auto,Four-Door Car,268,California,F
SV50502,Master,559583,79189,69,0,Corporate Auto,Four-Door Car,331,Oregon,F
UK59698,High School or Below,229430,0,62,0,Personal Auto,Two-Door Car,297,California,F
OA57352,College,627391,18577,86,0,Personal Auto,Four-Door Car,412,Arizona,F
ZF84449,College,372672,0,112,1,Special Auto,Luxury,806,Oregon,F
AX86150,High School or Below,265671,62777,67,0,Personal Auto,Two-Door Car,101,Washington,M
HG39060,Bachelor,511068,0,74,0,Corporate Auto,Four-Door Car,532,Oregon,M
EM29359,College,712659,17483,183,0,Personal Auto,Luxury,1317,Nevada,M
SF57173,Master,460163,84394,114,0,Personal Auto,SUV,691,Oregon,M
OT47603,College,915523,0,127,0,Personal Auto,Luxury,804,Oregon,M
SW31412,College,1480805,41440,62,1,Personal Auto,Four-Door Car,297,Oregon,F
JS36322,High School or Below,890167,0,136,1,Personal Auto,Luxury,1090,Arizona,M
RE81445,College,573459,98132,71,0,Personal Auto,Two-Door Car,50,Oregon,F
RM24280,High School or Below,417769,0,112,0,Personal Auto,Four-Door Car,537,Oregon,F
LC25393,Bachelor,2777628,88220,230,0,Personal Auto,Luxury,151,California,M
UX38930,Master,1036434,58327,129,0,Personal Auto,SUV,347,Arizona,F
HD95496,Master,785190,25950,66,0,Personal Auto,Two-Door Car,271,Oregon,M
RX24650,High School or Below,477294,20993,133,0,Corporate Auto,SUV,638,Oregon,M
DW19309,High School or Below,1422650,65726,177,0,Corporate Auto,SUV,849,Oregon,M
MT41386,Bachelor,287543,84768,72,0,Personal Auto,Two-Door Car,110,Washington,M
WZ40465,Bachelor,504129,36234,63,0,Personal Auto,Four-Door Car,113,Washington,F
DB42794,College,436293,58842,110,0,Personal Auto,Four-Door Car,528,California,M
JB50798,Master,962452,25629,124,2,Corporate Auto,Luxury,595,Oregon,F
IP69763,College,2191440,77311,181,0,Personal Auto,SUV,113,Washington,F
TE35785,Doctor,694842,0,196,2,Personal Auto,Luxury,1337,California,M
HX74855,High School or Below,247152,95697,61,0,Personal Auto,Two-Door Car,114,Washington,M
QN65180,Bachelor,2190391,22254,79,0,Personal Auto,Four-Door Car,125,Oregon,F
GE47180,High School or Below,902882,65974,113,0,Personal Auto,Luxury,235,Nevada,M
VQ38776,College,530375,0,76,0,Personal Auto,Four-Door Car,395,Oregon,F
BH86846,High School or Below,2070825,92079,65,1,Corporate Auto,Four-Door Car,114,Washington,M
IN17648,High School or Below,512376,0,74,0,Personal Auto,Two-Door Car,772,Nevada,M
DF95759,College,949234,0,132,0,Personal Auto,SUV,633,Oregon,M
QG45324,High School or Below,820486,0,73,0,Personal Auto,Four-Door Car,350,Oregon,F
MN61620,College,987729,67752,131,4,Personal Auto,Luxury,168,Arizona,F
YH86390,Bachelor,481500,25398,64,0,Corporate Auto,Four-Door Car,307,California,F
FY13480,High School or Below,627701,0,88,0,Personal Auto,Four-Door Car,633,California,M
YH61661,High School or Below,826063,33321,105,0,Special Auto,SUV,504,California,M
NL93182,Bachelor,254945,0,78,0,Corporate Auto,Four-Door Car,845,Nevada,M
LN31673,College,1131808,38923,99,2,Personal Auto,Four-Door Car,115,Washington,F
WE68644,Bachelor,380392,20325,100,0,Personal Auto,Luxury,668,Oregon,F
EZ30498,Bachelor,863540,13129,117,0,Personal Auto,SUV,700,Oregon,M
QY74517,High School or Below,551055,0,73,0,Personal Auto,Four-Door Car,525,Oregon,F
NM88660,Master,358588,49080,91,0,Corporate Auto,Four-Door Car,25,Nevada,M
MZ82036,College,488925,42536,63,0,Personal Auto,Four-Door Car,375,Nevada,M
ID20929,Bachelor,275694,29926,74,0,Corporate Auto,Four-Door Car,418,Oregon,M
EY50028,Doctor,328954,0,86,0,Corporate Auto,Two-Door Car,398,Nevada,M
TT82373,Bachelor,1093717,21450,138,0,Personal Auto,Luxury,938,California,F
OH64088,High School or Below,737556,33345,65,0,Corporate Auto,Four-Door Car,338,California,M
SK97780,Bachelor,1011077,15752,90,0,Corporate Auto,Two-Door Car,339,California,F
IO33050,High School or Below,511941,40169,65,1,Personal Auto,Four-Door Car,302,Oregon,F
XA55917,College,853383,26049,113,1,Personal Auto,SUV,619,California,F
JK32620,College,222476,0,68,0,Personal Auto,Four-Door Car,326,Nevada,M
RQ19236,Doctor,804280,55411,100,0,Personal Auto,Luxury,259,Arizona,M
QC47433,College,255443,12459,70,0,Personal Auto,Four-Door Car,336,Oregon,M
RA93608,Bachelor,1807394,64620,76,1,Personal Auto,Two-Door Car,364,Oregon,M
XH97711,Bachelor,243050,83140,61,0,Corporate Auto,Four-Door Car,179,California,M
AU96286,Bachelor,316765,0,92,0,Corporate Auto,Four-Door Car,662,Oregon,F
KC17170,Bachelor,546560,54422,68,0,Corporate Auto,Four-Door Car,75,Arizona,F
ZN47335,College,1035751,68309,131,0,Corporate Auto,SUV,306,California,M
EI46264,High School or Below,253781,56621,65,2,Personal Auto,Four-Door Car,84,California,M
EK87864,College,282194,38977,70,0,Special Auto,Four-Door Car,139,Arizona,F
GV45403,Bachelor,775712,0,111,0,Corporate Auto,Two-Door Car,607,Arizona,M
QK31192,High School or Below,407913,0,114,0,Corporate Auto,Two-Door Car,631,Arizona,M
LU89008,College,595554,0,83,0,Personal Auto,Four-Door Car,628,Arizona,F
NS10490,Bachelor,1415861,83235,70,0,Personal Auto,Two-Door Car,336,Oregon,F
KL98495,College,848723,0,74,0,Personal Auto,Two-Door Car,426,Nevada,M
IU96845,College,628547,32390,80,0,Personal Auto,Four-Door Car,91,Arizona,M
QL93655,High School or Below,1147348,66538,95,0,Personal Auto,Two-Door Car,317,Oregon,F
PF40592,College,494263,23285,65,0,Personal Auto,Two-Door Car,118,Washington,F
LZ34046,Bachelor,2359468,76358,66,0,Personal Auto,Four-Door Car,86,Oregon,M
JC80093,Master,257250,21104,66,0,Personal Auto,Four-Door Car,118,Washington,M
YE88490,College,538089,55350,67,0,Personal Auto,Four-Door Car,321,Arizona,F
YC80498,College,477055,12964,65,0,Personal Auto,Two-Door Car,362,California,F
AI85843,Master,675665,33288,86,2,Personal Auto,Four-Door Car,221,Arizona,F
XD66024,College,593601,0,84,0,Personal Auto,Four-Door Car,980,Arizona,F
FY51713,Bachelor,357076,56168,88,0,Personal Auto,Four-Door Car,614,Arizona,F
PH26378,College,601996,0,92,0,Personal Auto,Four-Door Car,662,California,M
WQ18638,High School or Below,542686,23105,69,0,Personal Auto,Two-Door Car,331,Oregon,M
KY14688,Master,273031,36218,68,0,Personal Auto,Four-Door Car,145,Oregon,F
TC97762,High School or Below,498268,52275,62,0,Corporate Auto,Four-Door Car,374,California,F
QC87108,College,876926,49665,74,0,Personal Auto,Four-Door Car,355,Oregon,F
CX12134,High School or Below,422061,32471,110,0,Personal Auto,Two-Door Car,528,Nevada,M
SM73248,High School or Below,1153750,0,86,1,Corporate Auto,Two-Door Car,619,Arizona,M
CK19789,Master,588718,62773,73,0,Personal Auto,Four-Door Car,80,California,F
UV12583,College,470058,76694,117,0,Personal Auto,SUV,561,California,F
JC11405,High School or Below,1096395,55687,276,0,Personal Auto,Luxury,1324,Oregon,M
KA89683,High School or Below,252317,0,70,0,Personal Auto,Four-Door Car,504,Arizona,F
BG85305,Doctor,375780,36633,96,1,Personal Auto,Four-Door Car,460,Nevada,M
UQ87917,High School or Below,1294173,77060,106,0,Personal Auto,SUV,468,Oregon,M
XN11823,Bachelor,376446,92600,94,0,Corporate Auto,Two-Door Car,842,Nevada,F
OS46571,High School or Below,688955,0,66,0,Personal Auto,Four-Door Car,475,California,M
PX17116,College,362345,0,111,2,Corporate Auto,SUV,1171,Nevada,M
RP19541,College,758211,64801,64,0,Personal Auto,Four-Door Car,268,Arizona,M
ZR25747,College,827774,45257,103,0,Corporate Auto,Two-Door Car,494,Oregon,F
NQ86532,High School or Below,257645,26854,66,0,Personal Auto,Four-Door Car,475,California,M
JY27336,College,820538,85840,102,2,Corporate Auto,SUV,138,Oregon,F
PB54378,Doctor,1958246,26463,72,0,Corporate Auto,Four-Door Car,345,Oregon,F
SV38190,Bachelor,648152,30689,81,0,Personal Auto,Four-Door Car,467,Nevada,F
CV24005,High School or Below,259931,29590,66,0,Corporate Auto,Two-Door Car,467,Oregon,M
EX28656,College,983033,25965,253,0,Personal Auto,Luxury,1214,Oregon,F
CF57022,Bachelor,1044265,17269,139,0,Personal Auto,SUV,667,Oregon,M
GM16780,College,3605753,90330,137,3,Corporate Auto,Luxury,192,Oregon,M
BX94438,High School or Below,847003,0,113,0,Corporate Auto,SUV,619,California,F
RM41745,High School or Below,827878,0,110,0,Personal Auto,Four-Door Car,1002,California,F
XR70252,High School or Below,478893,0,67,1,Personal Auto,Two-Door Car,321,California,F
YH92099,Bachelor,308799,18558,80,0,Special Auto,Four-Door Car,384,Arizona,F
SG81493,Bachelor,444373,46384,113,0,Corporate Auto,Four-Door Car,251,Arizona,M
ZX23819,High School or Below,798408,0,72,0,Personal Auto,Two-Door Car,866,Oregon,F
FJ54907,College,718097,42303,180,0,Personal Auto,Luxury,1210,Oregon,F
CU26127,Bachelor,1565603,71731,130,0,Corporate Auto,SUV,599,California,F
YH60476,High School or Below,578018,51066,74,0,Corporate Auto,Four-Door Car,787,Oregon,M
ZZ97035,College,2071494,0,203,0,Corporate Auto,Luxury,2027,California,M
GE82737,Bachelor,533735,0,86,3,Personal Auto,Four-Door Car,619,Nevada,F
KY21873,College,505082,0,69,0,Personal Auto,Two-Door Car,72,Arizona,M
UA51318,High School or Below,511662,26173,68,1,Corporate Auto,Four-Door Car,449,Arizona,F
BV55014,Bachelor,726873,24445,63,0,Personal Auto,Two-Door Car,302,Oregon,M
HX21307,College,261661,72302,66,0,Personal Auto,Two-Door Car,316,Oregon,M
LQ68252,High School or Below,373843,27208,102,0,Personal Auto,SUV,489,Oregon,M
CR92802,Master,272535,36650,69,1,Special Auto,Four-Door Car,56,California,F
SL35268,College,545386,30855,68,0,Corporate Auto,Four-Door Car,259,Arizona,M
RD62882,Bachelor,684615,0,95,0,Personal Auto,Two-Door Car,456,Arizona,F
JS42382,Master,617291,99960,76,0,Corporate Auto,Four-Door Car,364,Oregon,M
BT30554,Bachelor,1034632,0,98,0,Personal Auto,Four-Door Car,470,Arizona,F
VP57424,Bachelor,699700,55873,88,0,Personal Auto,Four-Door Car,299,Nevada,F
VU19243,High School or Below,419625,18052,111,0,Personal Auto,Four-Door Car,699,Arizona,F
TA82973,High School or Below,785810,28937,104,2,Personal Auto,SUV,117,Oregon,F
GK71720,High School or Below,606434,0,86,0,Personal Auto,Four-Door Car,545,Oregon,F
OQ61223,College,1749752,0,73,0,Personal Auto,Two-Door Car,350,California,M
LL62746,Doctor,897064,12829,118,0,Personal Auto,SUV,328,Oregon,M
JQ56711,Master,592311,92163,73,0,Personal Auto,Two-Door Car,66,Oregon,F
AW77988,High School or Below,3585059,17588,192,0,Personal Auto,Luxury,1382,Oregon,M
QP84605,Bachelor,870984,41546,111,0,Corporate Auto,Four-Door Car,121,Washington,F
MY97912,College,1330933,0,127,0,Personal Auto,SUV,609,Arizona,M
IB87349,High School or Below,452850,70340,113,0,Special Auto,Four-Door Car,542,California,M
AW73065,High School or Below,279190,0,74,0,Personal Auto,Four-Door Car,532,Oregon,F
BW80872,High School or Below,443441,34549,111,0,Personal Auto,Four-Door Car,125,Washington,M
PX70175,College,799600,93459,99,0,Personal Auto,Four-Door Car,655,Arizona,M
KF75098,Bachelor,512973,86148,65,2,Personal Auto,Four-Door Car,312,Arizona,M
IS50283,Bachelor,569717,27048,72,0,Corporate Auto,Four-Door Car,345,California,F
MY64920,College,921713,73259,115,0,Personal Auto,SUV,673,Oregon,F
KN34250,College,1020892,35482,129,0,Corporate Auto,SUV,619,Oregon,F
GN46207,Master,417068,29462,107,1,Personal Auto,SUV,513,Oregon,F
KL57176,College,450540,67801,115,1,Personal Auto,SUV,23,Oregon,F
MN94234,High School or Below,310756,0,94,4,Personal Auto,Two-Door Car,451,California,M
JY90595,High School or Below,552866,16042,73,0,Personal Auto,Two-Door Car,350,Arizona,M
HK26543,High School or Below,504586,28056,64,1,Personal Auto,Four-Door Car,307,California,M
PN86062,High School or Below,296272,16495,85,3,Corporate Auto,Four-Door Car,408,California,M
VW27730,Master,866595,41163,108,0,Corporate Auto,SUV,231,California,F
SH55671,College,1141344,0,161,1,Personal Auto,Luxury,772,Arizona,F
MO56878,Bachelor,1548843,33799,109,3,Corporate Auto,SUV,664,California,M
VO38365,College,886114,90125,110,0,Corporate Auto,SUV,128,Washington,F
SV35618,Bachelor,593474,87747,147,1,Personal Auto,SUV,46,Oregon,F
RX12347,College,354323,35695,90,0,Personal Auto,Four-Door Car,432,Nevada,M
FR55658,Master,349002,90985,87,0,Personal Auto,Four-Door Car,78,California,M
XS12556,College,368309,0,101,0,Corporate Auto,Luxury,564,California,F
ZU73588,College,598977,66839,154,0,Personal Auto,Luxury,739,California,M
WT43034,High School or Below,1250084,0,165,0,Personal Auto,SUV,792,California,F
VM13430,Bachelor,860915,79090,107,0,Corporate Auto,SUV,289,Oregon,F
TC78849,Bachelor,249745,24825,64,0,Personal Auto,Two-Door Car,155,Oregon,M
VC34764,College,701917,26806,63,0,Personal Auto,Four-Door Car,302,California,M
WO90953,College,538792,56835,67,0,Personal Auto,Two-Door Car,326,Oregon,F
IU47468,Bachelor,616555,0,88,0,Special Auto,Two-Door Car,653,Oregon,F
KO46064,Bachelor,273020,46135,69,0,Personal Auto,Four-Door Car,103,California,M
RB34917,Bachelor,516211,0,73,0,Personal Auto,Four-Door Car,809,Arizona,F
BI38192,High School or Below,793706,22862,67,0,Personal Auto,Two-Door Car,321,Oregon,F
PU18983,High School or Below,860815,21450,110,2,Personal Auto,Luxury,528,Oregon,F
SW79912,Bachelor,263254,95854,65,0,Personal Auto,Two-Door Car,312,Oregon,M
ES39217,Bachelor,778500,44897,99,1,Personal Auto,Four-Door Car,580,Oregon,F
KP72427,High School or Below,2163983,64455,108,0,Personal Auto,SUV,133,Washington,M
UA19178,Master,498082,53265,62,0,Personal Auto,Four-Door Car,238,Oregon,F
PR53785,High School or Below,745723,0,198,1,Personal Auto,Luxury,1577,Arizona,F
XF57481,Master,1064093,50450,90,0,Personal Auto,Two-Door Car,135,Washington,M
CN90378,High School or Below,686250,54780,88,3,Personal Auto,Four-Door Car,135,California,F
KI56154,High School or Below,904898,0,119,0,Personal Auto,Luxury,571,Nevada,M
UI55951,Bachelor,554803,67798,69,0,Personal Auto,Four-Door Car,331,California,M
FF28650,Bachelor,831268,21442,118,0,Personal Auto,SUV,566,Oregon,M
FS55302,Bachelor,238998,27615,62,1,Personal Auto,Four-Door Car,297,California,M
TN79487,Bachelor,445811,17622,65,1,Personal Auto,Four-Door Car,312,California,M
HG32616,High School or Below,529574,50200,135,0,Personal Auto,Luxury,637,Nevada,M
UK41984,Doctor,383960,0,112,2,Personal Auto,SUV,537,Arizona,F
LZ52266,High School or Below,373150,0,96,0,Personal Auto,Four-Door Car,460,California,F
PM27367,Master,277890,73570,70,1,Special Auto,Two-Door Car,75,California,F
ZK21724,High School or Below,401654,0,111,0,Personal Auto,SUV,799,Oregon,F
BH35482,Doctor,493094,70412,61,0,Corporate Auto,Two-Door Car,136,Washington,M
QE22757,Doctor,249131,36631,62,0,Personal Auto,Four-Door Car,67,Nevada,M
ON77649,College,290887,35895,73,0,Personal Auto,Four-Door Car,312,Oregon,F
RN82884,College,428294,40864,109,1,Personal Auto,SUV,166,Arizona,F
CQ75652,College,834162,0,118,0,Personal Auto,Four-Door Car,566,Oregon,M
FF58467,Master,509078,93018,63,0,Personal Auto,Four-Door Car,135,Arizona,F
BS83666,Bachelor,736618,70014,62,0,Corporate Auto,Four-Door Car,17,Oregon,M
WO29605,College,243687,48875,61,0,Personal Auto,Two-Door Car,1,Oregon,F
TL77607,Bachelor,885268,67969,74,0,Personal Auto,Four-Door Car,197,California,M
EZ50606,High School or Below,2387547,0,108,0,Corporate Auto,SUV,612,Oregon,F
OS39723,Doctor,560049,68665,69,0,Personal Auto,Two-Door Car,331,Oregon,F
FN69743,College,463654,26802,66,1,Corporate Auto,Two-Door Car,316,California,M
XW96958,High School or Below,757334,0,110,0,Corporate Auto,Four-Door Car,1193,Nevada,M
TU92578,College,1469663,45345,125,0,Personal Auto,SUV,600,California,M
TL43709,Bachelor,897214,89689,74,0,Personal Auto,Four-Door Car,136,Washington,M
YE68736,Bachelor,772484,32051,193,1,Personal Auto,SUV,926,California,F
OB96537,Master,594667,81139,74,0,Special Auto,Four-Door Car,392,Oregon,M
EU68825,Master,800054,63834,100,1,Personal Auto,Luxury,215,Oregon,F
CC31456,Bachelor,645756,37548,81,0,Special Auto,Four-Door Car,160,Arizona,M
DJ77787,High School or Below,728144,0,69,3,Personal Auto,Four-Door Car,371,Arizona,F
LN26837,High School or Below,259243,72421,65,0,Personal Auto,Four-Door Car,312,California,M
YI92916,Master,467842,83102,116,0,Corporate Auto,Four-Door Car,443,Nevada,M
NW54906,College,1386992,28432,118,0,Personal Auto,SUV,612,Oregon,M
ME77513,Master,871777,83707,108,0,Corporate Auto,Four-Door Car,290,Nevada,F
UK76891,College,523398,63259,65,0,Corporate Auto,Four-Door Car,316,California,F
SI26888,High School or Below,476418,0,67,0,Personal Auto,Four-Door Car,405,Nevada,F
YD74948,College,247246,63860,62,0,Personal Auto,Four-Door Car,208,Oregon,F
HB64268,Bachelor,281369,43836,73,0,Personal Auto,Four-Door Car,138,Washington,M
BW52697,College,550505,86132,68,0,Personal Auto,Two-Door Car,301,California,F
NL41409,Bachelor,260620,28519,66,0,Personal Auto,Two-Door Car,456,Oregon,F
OD69005,High School or Below,1048194,39102,88,0,Personal Auto,Four-Door Car,152,Arizona,F
ZZ91716,Bachelor,325676,0,89,0,Personal Auto,Four-Door Car,491,California,F
UK70255,College,3047578,97298,128,0,Personal Auto,Luxury,48,California,F
QT25383,High School or Below,636490,41986,84,2,Personal Auto,Two-Door Car,430,Nevada,M
AW18068,High School or Below,946850,0,88,0,Personal Auto,Two-Door Car,633,Arizona,M
NS45347,College,563145,17291,73,0,Personal Auto,Four-Door Car,350,Oregon,F
FV19421,Bachelor,778099,0,74,0,Personal Auto,Four-Door Car,246,California,M
XW89091,College,981652,37256,62,0,Personal Auto,Four-Door Car,128,California,M
YC11951,High School or Below,751913,96306,95,1,Corporate Auto,Four-Door Car,185,Oregon,M
UY18770,Bachelor,1017971,14290,271,0,Personal Auto,Luxury,1300,California,F
RA49085,College,277283,37038,71,1,Corporate Auto,Four-Door Car,9,California,F
BG84194,College,403750,90760,103,2,Special Auto,SUV,133,Oregon,M
PT64580,Master,419196,77048,103,0,Personal Auto,SUV,141,Washington,M
MR67738,High School or Below,267686,54480,67,0,Personal Auto,Four-Door Car,321,Oregon,F
DM95829,College,252395,16244,68,0,Personal Auto,Two-Door Car,623,California,M
DB75522,College,698840,22436,89,0,Special Auto,Four-Door Car,427,California,F
LM34525,College,874205,71592,72,0,Personal Auto,Four-Door Car,141,Washington,F
WW30771,Master,267331,28728,67,0,Personal Auto,Four-Door Car,321,Arizona,M
QP65569,High School or Below,1215732,57449,103,0,Personal Auto,Four-Door Car,494,Arizona,M
TN50051,Doctor,295776,83318,73,0,Personal Auto,Two-Door Car,211,California,F
UO86707,Bachelor,717390,75217,61,1,Personal Auto,Four-Door Car,147,Washington,M
JA41698,Bachelor,309953,0,102,5,Corporate Auto,SUV,862,Nevada,M
NX18774,Bachelor,841568,55308,107,0,Corporate Auto,SUV,513,Oregon,M
DA69469,College,2684312,36068,97,0,Personal Auto,Two-Door Car,113,Oregon,F
CN23147,Bachelor,1305717,48804,112,1,Corporate Auto,Four-Door Car,537,Oregon,M
RA68844,College,959995,0,131,0,Personal Auto,SUV,943,Oregon,M
GH42026,Bachelor,853510,55790,111,0,Personal Auto,SUV,117,Oregon,M
BD16530,Bachelor,829348,70258,69,0,Personal Auto,Four-Door Car,225,Arizona,F
JH91579,Bachelor,684615,0,95,0,Personal Auto,Two-Door Car,456,Oregon,F
WK23685,Bachelor,663685,47274,83,1,Corporate Auto,Four-Door Car,182,Oregon,F
GR62267,College,560908,44705,71,0,Personal Auto,Two-Door Car,148,Washington,F
PI78084,High School or Below,507732,0,73,0,Personal Auto,Two-Door Car,525,Arizona,M
GF97874,Master,527562,70446,65,0,Personal Auto,Four-Door Car,155,Washington,F
ZH19885,High School or Below,251459,43860,65,0,Personal Auto,Four-Door Car,156,Washington,F
UK25655,Bachelor,343525,64348,86,0,Personal Auto,Two-Door Car,212,Oregon,F
QR45101,Bachelor,662461,0,62,0,Corporate Auto,Two-Door Car,297,Oregon,M
EL93539,Master,575744,88997,72,0,Special Auto,Four-Door Car,174,California,M
EE99484,High School or Below,251459,43860,65,0,Corporate Auto,Four-Door Car,156,Washington,F
DP46882,High School or Below,288645,10312,78,0,Corporate Auto,Four-Door Car,486,California,F
WP41146,High School or Below,534143,0,72,1,Personal Auto,Four-Door Car,345,California,F
TK60799,High School or Below,416001,96263,103,0,Personal Auto,SUV,1,Arizona,F
DN29808,College,284624,28919,72,0,Corporate Auto,Four-Door Car,518,California,F
SS59521,College,477025,0,68,1,Personal Auto,Two-Door Car,326,Oregon,F
NG66579,Bachelor,505961,41869,64,0,Personal Auto,Two-Door Car,262,Oregon,M
TC14209,High School or Below,909574,0,128,0,Personal Auto,SUV,921,Arizona,F
ED50963,High School or Below,268886,32808,68,1,Personal Auto,Four-Door Car,541,California,F
GP40701,Bachelor,827763,79780,68,0,Personal Auto,Four-Door Car,326,California,F
CP98451,College,905793,91025,112,0,Personal Auto,SUV,327,Oregon,F
NX52648,High School or Below,380175,33043,95,0,Personal Auto,Two-Door Car,456,California,F
ZC32510,High School or Below,933934,69442,118,3,Personal Auto,Four-Door Car,1265,Arizona,M
NG27780,College,252012,0,70,0,Corporate Auto,Four-Door Car,63,Oregon,M
HN95240,College,498409,0,70,0,Corporate Auto,Four-Door Car,336,Arizona,F
EB59129,Bachelor,259574,47234,65,0,Personal Auto,Four-Door Car,15,Oregon,F
RA70851,High School or Below,743769,86863,92,0,Personal Auto,Four-Door Car,441,Oregon,M
PM19162,Bachelor,1453678,25805,66,2,Personal Auto,Four-Door Car,375,Oregon,M
MS59005,Bachelor,591330,43676,76,0,Personal Auto,Four-Door Car,364,Nevada,M
SU71163,College,277166,59855,74,4,Personal Auto,Two-Door Car,355,Arizona,M
BD35676,Master,2919436,35296,126,0,Personal Auto,SUV,452,Arizona,M
NI44621,Master,988038,36576,125,1,Personal Auto,SUV,113,Oregon,F
EW33419,High School or Below,1511440,28513,100,1,Corporate Auto,SUV,480,California,F
HX44948,Bachelor,575991,85448,72,0,Special Auto,Four-Door Car,16,Oregon,M
DL36983,High School or Below,849516,23791,110,3,Personal Auto,Two-Door Car,615,Oregon,F
XR87264,Bachelor,438118,20597,112,0,Personal Auto,Four-Door Car,615,California,F
NN99001,College,699782,56940,87,0,Personal Auto,Four-Door Car,512,Arizona,F
XV95530,Bachelor,1143058,93210,71,0,Personal Auto,Two-Door Car,74,Oregon,M
OL97871,Bachelor,748248,48992,94,1,Personal Auto,Four-Door Car,426,Oregon,F
HQ23708,Master,859691,53736,71,0,Personal Auto,Two-Door Car,169,Arizona,F
WR63188,College,785496,25378,66,1,Personal Auto,Four-Door Car,419,Arizona,M
NG82219,Bachelor,258240,76731,64,0,Personal Auto,Four-Door Car,201,Oregon,F
KU29408,Master,907576,37722,116,0,Corporate Auto,Luxury,158,Washington,M
RE46783,Bachelor,411858,69379,103,0,Personal Auto,Two-Door Car,494,California,F
RU94434,High School or Below,1215732,57449,103,0,Personal Auto,Four-Door Car,494,Oregon,M
GI82355,Bachelor,515281,0,68,0,Corporate Auto,Four-Door Car,326,Arizona,M
VO26340,College,651297,0,93,0,Personal Auto,Two-Door Car,669,Nevada,M
NV61299,Bachelor,2778969,33806,89,0,Corporate Auto,Four-Door Car,395,Arizona,F
DX31066,College,266727,94041,66,0,Personal Auto,Four-Door Car,159,Washington,F
CY50337,College,1092840,74965,90,0,Personal Auto,Four-Door Car,58,Oregon,F
TJ20375,High School or Below,761538,34095,63,0,Personal Auto,Two-Door Car,302,Arizona,F
EP72155,College,200435,0,66,4,Personal Auto,Four-Door Car,316,California,F
JJ76159,College,243468,96045,61,0,Corporate Auto,Four-Door Car,8,California,M
BG15419,Bachelor,1419536,86355,118,0,Personal Auto,Luxury,285,Nevada,F
AO74776,High School or Below,942768,27824,118,0,Personal Auto,SUV,566,California,F
HQ82233,High School or Below,1198242,42995,101,0,Personal Auto,SUV,410,California,M
OL72737,High School or Below,310278,21235,79,0,Personal Auto,Two-Door Car,244,Oregon,F
ZQ59828,High School or Below,422263,74585,106,0,Personal Auto,SUV,218,California,M
NZ15548,Bachelor,402381,41833,103,0,Personal Auto,Four-Door Car,643,Oregon,M
XK61304,College,529715,23908,70,0,Personal Auto,Four-Door Car,336,California,F
EJ44139,Bachelor,2142363,0,65,0,Personal Auto,Two-Door Car,312,Oregon,M
CM94425,Bachelor,441620,61953,113,0,Personal Auto,SUV,497,Arizona,M
OV54878,Bachelor,463903,0,142,0,Corporate Auto,SUV,1022,California,M
JF57282,Bachelor,486354,0,137,0,Personal Auto,SUV,657,Nevada,M
MY37953,Bachelor,2583090,73760,107,1,Personal Auto,Luxury,230,Arizona,F
XP64922,College,297431,23333,74,0,Corporate Auto,Four-Door Car,5,Oregon,F
WL65572,College,206445,0,61,0,Personal Auto,Four-Door Car,292,California,M
LN50325,High School or Below,1006460,20440,128,2,Corporate Auto,Luxury,614,Arizona,F
HJ15383,Master,803240,27658,68,0,Personal Auto,Four-Door Car,160,Washington,M
KH59823,College,548921,50943,139,0,Special Auto,SUV,667,California,M
YM79169,Bachelor,261275,19003,71,0,Personal Auto,Two-Door Car,34,California,M
DR38127,College,857346,46703,108,0,Personal Auto,Four-Door Car,678,California,M
PU42145,Bachelor,2412750,14072,71,0,Personal Auto,Four-Door Car,511,California,M
KM33477,College,855038,21733,73,0,Corporate Auto,Four-Door Car,525,Oregon,M
RI53167,Bachelor,230864,20811,61,0,Personal Auto,Four-Door Car,292,Arizona,M
OF77789,High School or Below,425462,11904,61,2,Personal Auto,Two-Door Car,292,Arizona,F
YB33445,College,898285,43490,114,4,Corporate Auto,SUV,174,Oregon,F
BA17836,High School or Below,786816,57340,67,0,Corporate Auto,Four-Door Car,159,California,M
JS43228,College,770424,49088,97,0,Corporate Auto,Four-Door Car,698,California,M
BB11622,Master,1055217,47761,131,0,Personal Auto,SUV,232,Nevada,M
HQ70429,College,1604510,0,65,0,Personal Auto,Two-Door Car,163,Washington,F
WK88044,Bachelor,873783,61281,110,0,Personal Auto,SUV,79,Arizona,M
LA80525,Bachelor,545489,0,82,1,Corporate Auto,Two-Door Car,393,Nevada,M
EH16250,Bachelor,770528,25290,66,0,Personal Auto,Four-Door Car,382,Arizona,M
PU41872,High School or Below,703926,24239,88,0,Personal Auto,Four-Door Car,48,Arizona,F
HB85743,Bachelor,883808,82664,114,3,Personal Auto,SUV,133,California,M
MM71959,Bachelor,873352,83210,110,0,Personal Auto,Luxury,528,Arizona,M
MB83663,Bachelor,959747,38736,81,0,Personal Auto,Two-Door Car,561,Oregon,F
KR43119,College,450666,0,66,0,Personal Auto,Four-Door Car,316,California,M
KH24214,College,1785797,55437,64,1,Personal Auto,Four-Door Car,445,Oregon,M
AC40767,Bachelor,249780,68041,6464,0,Personal Auto,Two-Door Car,165,Washington,M
HP55391,Master,542613,0,71,0,Corporate Auto,Four-Door Car,407,Oregon,M
EG62398,High School or Below,799814,29066,100,0,Personal Auto,SUV,844,California,F
VS19949,Bachelor,289762,54337,72,0,Personal Auto,Four-Door Car,345,Nevada,M
AM92343,High School or Below,1159950,67616,96,0,Personal Auto,Four-Door Car,340,Oregon,F
GI68556,Bachelor,1514793,41082,63,0,Personal Auto,Two-Door Car,106,California,F
JT11876,High School or Below,543576,0,10202,0,Personal Auto,Four-Door Car,626,Washington,F
XR64251,Master,272535,36650,69,1,Personal Auto,Four-Door Car,56,Nevada,F
MK34957,College,1329771,50631,112,4,Special Auto,SUV,784,Oregon,F
GP18756,College,992704,19592,92,0,Personal Auto,Four-Door Car,441,California,M
AP23850,High School or Below,1777154,0,114,0,Personal Auto,Two-Door Car,547,Washington,F
KQ65521,College,1826927,55761,115,0,Personal Auto,Luxury,86,Arizona,F
EJ19449,College,272221,17576,71,0,Special Auto,Four-Door Car,398,California,F
QB70027,Bachelor,708321,41449,89,0,Personal Auto,Four-Door Car,63,California,F
QW47320,Bachelor,1017971,14290,271,0,Personal Auto,Luxury,1300,California,F
KH64733,College,588950,62007,73,0,Personal Auto,Four-Door Car,120,Nevada,F
ON59472,High School or Below,1577139,21921,206,0,Corporate Auto,Luxury,1254,Arizona,M
HP94242,Bachelor,528817,42621,66,0,Personal Auto,Four-Door Car,316,Arizona,F
RV15398,College,2758055,0,87,1,Personal Auto,Four-Door Car,417,Oregon,M
EA25683,High School or Below,777853,63786,196,0,Corporate Auto,Luxury,798,Washington,M
PW73754,High School or Below,734186,0,104,3,Personal Auto,Luxury,82,California,F
MC71942,High School or Below,791919,82877,99,1,Personal Auto,Two-Door Car,22,California,F
OX72195,College,216387,0,63,0,Corporate Auto,Two-Door Car,302,Arizona,M
YQ99152,High School or Below,978780,10475,88,1,Personal Auto,Two-Door Car,422,Nevada,M
KI19439,High School or Below,520764,21952,66,0,Personal Auto,Four-Door Car,316,Oregon,F
PM76175,Bachelor,2114727,49721,132,0,Corporate Auto,Luxury,639,Oregon,F
US45383,College,1228076,88340,102,0,Personal Auto,Two-Door Car,489,California,M
GT38956,College,244139,0,65,0,Personal Auto,Four-Door Car,312,California,F
SN41301,Bachelor,653556,0,65,0,Corporate Auto,Four-Door Car,468,Oregon,M
BE62503,College,920659,24589,82,0,Personal Auto,Two-Door Car,511,Washington,F
PA16884,Bachelor,411858,69379,103,0,Personal Auto,Two-Door Car,494,California,F
NC58480,Bachelor,483820,73769,61,2,Personal Auto,Four-Door Car,239,Nevada,F
NS39326,College,462554,66670,114,0,Personal Auto,SUV,518,California,F
PN18507,Bachelor,1404210,88854,118,0,Personal Auto,Two-Door Car,715,Arizona,M
EK91340,Bachelor,754661,31266,193,0,Corporate Auto,Luxury,926,Oregon,M
JY16280,High School or Below,251459,43860,65,0,Personal Auto,Four-Door Car,156,California,F
ZW71731,Bachelor,517035,89284,133,2,Corporate Auto,SUV,402,California,M
ZC24631,College,1391737,67267,89,0,Corporate Auto,Four-Door Car,94,Oregon,M
YR34689,High School or Below,1131813,79270,95,3,Personal Auto,Four-Door Car,456,California,F
RT65829,Bachelor,427636,36692,109,1,Personal Auto,Four-Door Car,523,Oregon,M
BZ12077,High School or Below,432224,0,119,0,Personal Auto,SUV,571,Oregon,F
WM65373,College,800230,0,107,0,Corporate Auto,SUV,513,California,F
NH35059,College,388545,0,105,0,Corporate Auto,Four-Door Car,504,Nevada,M
QD38160,College,447177,0,135,0,Personal Auto,SUV,972,Oregon,M
BM15160,High School or Below,849635,44624,71,1,Special Auto,Four-Door Car,73,California,F
VY79030,College,2250088,0,71,0,Corporate Auto,Four-Door Car,340,Arizona,F
EV19512,Master,1630196,19614,85,0,Personal Auto,Two-Door Car,574,Nevada,F
TE13577,College,231973,0,64,0,Personal Auto,Four-Door Car,632,Oregon,F
WY97929,College,871704,83846,74,3,Special Auto,Four-Door Car,355,Arizona,M
YG20683,College,286011,51159,72,0,Personal Auto,Four-Door Car,4,Washington,M
FK75497,College,245340,83772,62,0,Personal Auto,Two-Door Car,42,California,M
NE60110,College,598977,66839,154,0,Personal Auto,Luxury,739,Arizona,M
TN36521,College,2498022,88440,70,0,Personal Auto,Two-Door Car,27,Arizona,F
HG33568,Master,748263,25666,63,2,Personal Auto,Four-Door Car,270,Arizona,F
TW17878,High School or Below,245757,52926,61,0,Personal Auto,Four-Door Car,292,Oregon,F
ZO83562,Bachelor,237974,0,67,0,Personal Auto,Four-Door Car,494,Nevada,F
CH97539,Bachelor,828696,40001,70,0,Personal Auto,Four-Door Car,142,Washington,F
CV29889,College,239391,0,70,0,Personal Auto,Four-Door Car,425,California,M
MO33320,College,465715,18024,65,0,Personal Auto,Two-Door Car,312,Oregon,M
QZ81258,College,1319792,0,68,3,Personal Auto,Four-Door Car,326,Oregon,F
NY56352,Bachelor,280391,23220,74,0,Personal Auto,Four-Door Car,251,Oregon,F
EA27048,High School or Below,864650,64125,108,0,Personal Auto,SUV,369,California,F
UT38865,College,742587,58042,62,0,Corporate Auto,Four-Door Car,161,Oregon,F
QC89139,High School or Below,452873,90034,112,0,Corporate Auto,SUV,537,Oregon,F
LA14484,High School or Below,222707,27972,61,0,Special Auto,Four-Door Car,292,Nevada,M
HN57556,High School or Below,729294,0,65,0,Personal Auto,Four-Door Car,312,California,F
CV31235,Bachelor,318435,50989,80,0,Corporate Auto,Four-Door Car,255,Arizona,M
WR45726,Bachelor,1131520,11885,101,0,Special Auto,Four-Door Car,484,Arizona,F
LB25094,Bachelor,253070,89451,63,0,Special Auto,Four-Door Car,61,California,F
KW56110,Bachelor,1836155,0,182,0,Personal Auto,Luxury,1310,Oregon,M
XO36233,Bachelor,864153,78904,109,0,Personal Auto,SUV,250,Washington,M
ZX86243,Doctor,327853,70247,83,1,Personal Auto,Four-Door Car,141,Arizona,M
DW29763,High School or Below,527198,32653,67,0,Personal Auto,Two-Door Car,321,Arizona,M
CT83377,High School or Below,376363,93595,97,4,Special Auto,Four-Door Car,49,Washington,M
OQ90898,Master,1395556,90279,115,0,Personal Auto,SUV,372,California,M
GO77248,College,500152,0,72,0,Personal Auto,Four-Door Car,542,Oregon,F
QW33258,Bachelor,708283,53310,189,3,Personal Auto,Luxury,1360,California,M
OU79745,College,761948,0,105,0,Personal Auto,Four-Door Car,504,California,M
VZ79886,Bachelor,1255088,22234,160,0,Personal Auto,SUV,768,Oregon,F
FI92440,High School or Below,3219660,91375,99,0,Personal Auto,Two-Door Car,72,Washington,F
YG85980,High School or Below,679377,22250,86,0,Personal Auto,Two-Door Car,720,Nevada,F
QM74621,Bachelor,527231,0,80,0,Personal Auto,Four-Door Car,576,Oregon,M
EI71732,Doctor,626534,0,84,1,Personal Auto,Four-Door Car,481,Oregon,F
VN79010,High School or Below,854758,51179,71,0,Corporate Auto,Four-Door Car,466,California,F
FI61723,Bachelor,278742,38667,72,0,Personal Auto,Four-Door Car,159,California,M
OH55411,Master,462680,79487,114,0,Corporate Auto,SUV,547,California,F
TF10720,Doctor,866336,67763,107,2,Personal Auto,Four-Door Car,41,Nevada,F
NW30838,High School or Below,387222,0,62,2,Corporate Auto,Four-Door Car,503,Nevada,M
CB58476,College,517081,0,71,0,Corporate Auto,Four-Door Car,859,Oregon,F
WI69346,Master,896028,71943,112,0,Corporate Auto,SUV,305,California,F
FS76657,College,547183,53526,68,0,Personal Auto,Four-Door Car,278,Oregon,F
YX89016,College,3493100,35005,295,0,Personal Auto,Luxury,1416,Oregon,M
PK28821,College,262039,24721,67,0,Personal Auto,Four-Door Car,139,California,M
MB51200,College,1906949,0,102,2,Personal Auto,Four-Door Car,734,Washington,M
XG44587,Master,575744,88997,72,0,Personal Auto,Four-Door Car,174,Arizona,M
FG91922,Master,4022401,48587,111,0,Personal Auto,SUV,532,Arizona,M
OM99303,High School or Below,270148,76310,67,0,Personal Auto,Two-Door Car,321,Arizona,F
RV67546,Bachelor,371243,73205,92,0,Personal Auto,Four-Door Car,37,California,M
UJ79253,College,2185084,51056,78,0,Personal Auto,Four-Door Car,95,Oregon,F
PN98247,College,784016,58414,210,2,Personal Auto,Luxury,1008,California,M
IB67546,Bachelor,823703,23940,107,0,Personal Auto,SUV,513,California,F
OE19087,High School or Below,224347,0,62,0,Personal Auto,Four-Door Car,446,California,F
CM95716,Bachelor,843446,44216,71,0,Personal Auto,Four-Door Car,72,California,M
MW62634,High School or Below,222707,27972,61,0,Corporate Auto,Four-Door Car,292,California,M
QW67581,High School or Below,517002,0,69,0,Personal Auto,Four-Door Car,331,Arizona,F
SN16059,Master,264144,29305,66,0,Personal Auto,Four-Door Car,475,California,F
OE51254,College,279068,53882,69,0,Personal Auto,Four-Door Car,331,California,F
RM42344,College,274512,91757,69,1,Personal Auto,Four-Door Car,331,Oregon,M
GB35238,Bachelor,757953,33906,64,0,Personal Auto,Two-Door Car,401,California,F
ML82674,Bachelor,1097878,68158,139,1,Personal Auto,SUV,253,Oregon,M
EI85244,College,825506,0,134,3,Personal Auto,SUV,643,California,M
DE28132,College,474773,42165,123,0,Corporate Auto,SUV,799,Oregon,M
TV25678,College,354090,0,101,0,Personal Auto,SUV,727,Washington,M
TY26512,Doctor,343613,30817,88,0,Personal Auto,Four-Door Car,91,California,M
OB69153,Bachelor,258218,68074,65,0,Personal Auto,Four-Door Car,27,California,M
QZ77637,College,1166509,84978,35353,1,Corporate Auto,Four-Door Car,166,Washington,F
XN41715,Master,739628,71135,92,1,Personal Auto,Four-Door Car,270,California,F
QR15857,College,433079,0,61,0,Personal Auto,Two-Door Car,292,California,F
FL69363,Master,907576,37722,116,0,Personal Auto,Luxury,158,Oregon,M
IS30295,Bachelor,1463545,0,139,0,Personal Auto,SUV,667,Arizona,F
WA25797,High School or Below,856476,95697,107,0,Personal Auto,Luxury,178,Washington,M
NL59519,College,1156568,64642,96,0,Personal Auto,Four-Door Car,404,California,F
ZU93025,College,277104,50071,71,0,Personal Auto,Two-Door Car,18,Oregon,F
DK94262,High School or Below,850712,46754,106,1,Personal Auto,SUV,513,Oregon,M
UQ30615,College,758211,64801,64,0,Corporate Auto,Four-Door Car,268,California,M
OR40060,Bachelor,332309,70410,83,0,Personal Auto,Four-Door Car,131,Arizona,M
DK32872,High School or Below,523433,66957,131,1,Personal Auto,SUV,628,Nevada,F
FA46418,High School or Below,2470959,24213,78,1,Personal Auto,Four-Door Car,374,Nevada,F
ER19995,College,1778627,99790,6464,0,Personal Auto,Four-Door Car,178,Washington,F
KI75855,Master,255122,79751,63,0,Personal Auto,Two-Door Car,392,Oregon,M
ND41876,High School or Below,724771,86122,182,1,Personal Auto,Luxury,873,Arizona,M
PN21042,Bachelor,453884,82297,116,0,Personal Auto,Luxury,0,Arizona,M
GJ43254,College,3164210,89057,98,0,Corporate Auto,Two-Door Car,187,Washington,M
AL46984,High School or Below,873042,43259,73,0,Personal Auto,Four-Door Car,350,California,M
JP58047,College,833273,0,79,0,Personal Auto,Four-Door Car,379,Oregon,M
ZE85014,College,235774,25064,62,0,Personal Auto,Four-Door Car,297,California,M
KU88219,Master,463716,25816,119,0,Personal Auto,Luxury,571,Arizona,M
UU98729,Bachelor,535719,0,73,0,Personal Auto,Four-Door Car,350,California,M
WS82822,College,539197,41662,69,0,Corporate Auto,Four-Door Car,217,Oregon,F
YB49933,Bachelor,369414,96170,92,0,Personal Auto,Four-Door Car,441,Arizona,M
XC16387,High School or Below,504041,46072,64,0,Personal Auto,Four-Door Car,25,Arizona,F
XJ96748,High School or Below,2749542,37931,99,0,Personal Auto,Four-Door Car,475,Arizona,F
TM98684,High School or Below,484228,35127,62,0,Personal Auto,Four-Door Car,297,Oregon,M
AY18433,High School or Below,2738281,45473,76,0,Special Auto,Two-Door Car,188,Washington,F
DM74502,College,522710,93087,131,3,Corporate Auto,Luxury,628,Nevada,F
FT56968,High School or Below,259009,22398,67,2,Personal Auto,Four-Door Car,321,Arizona,M
OX36896,High School or Below,1053607,92983,87,1,Corporate Auto,Four-Door Car,153,California,M
BZ65376,Bachelor,858127,27689,239,2,Personal Auto,Luxury,2893,Arizona,M
LN34660,College,946311,69654,118,0,Corporate Auto,SUV,629,California,F
JC29295,Bachelor,1344100,80744,111,0,Personal Auto,SUV,361,California,F
KJ87930,Bachelor,388650,0,112,0,Corporate Auto,SUV,1185,California,F
XT36360,High School or Below,678489,0,64,1,Personal Auto,Four-Door Car,460,Arizona,F
IX35050,Bachelor,2359468,76358,66,0,Special Auto,Four-Door Car,86,Arizona,M
UN97379,Bachelor,253862,18608,71,0,Corporate Auto,Four-Door Car,340,Oregon,M
MR57294,High School or Below,563994,73168,70,0,Personal Auto,Four-Door Car,425,California,M
UG79499,Bachelor,1168137,70930,99,0,Personal Auto,Four-Door Car,190,Washington,M
UA50747,High School or Below,2599775,62262,72,0,Corporate Auto,Four-Door Car,193,Washington,F
GL20444,Master,1377836,91474,113,0,Corporate Auto,Two-Door Car,24,Nevada,F
SP58110,Bachelor,492318,61469,63,5,Personal Auto,Four-Door Car,302,California,F
XM91635,High School or Below,227233,16618,62,0,Special Auto,Four-Door Car,219,Arizona,F
TV82603,Bachelor,1489539,48081,188,0,Personal Auto,Luxury,881,California,F
BB82067,Doctor,975604,67632,121,0,Personal Auto,Luxury,26,Oregon,M
JP94676,Bachelor,942297,34115,119,0,Personal Auto,SUV,466,Oregon,F
VU53417,High School or Below,383735,23051,99,0,Personal Auto,Two-Door Car,475,Arizona,M
IW54795,College,1095213,23748,99,0,Personal Auto,Four-Door Car,607,California,M
RN78170,College,815913,40589,69,0,Corporate Auto,Four-Door Car,331,Arizona,F
IX55883,College,1948049,50809,83,0,Personal Auto,Four-Door Car,290,California,F
XM72420,High School or Below,391936,66676,97,0,Personal Auto,Four-Door Car,558,Arizona,F
GC15104,Bachelor,798514,52339,70,3,Corporate Auto,Four-Door Car,336,Nevada,F
RX13282,Bachelor,1216874,14973,115,0,Personal Auto,SUV,828,Oregon,M
QA85890,High School or Below,584932,0,83,0,Corporate Auto,Four-Door Car,540,Arizona,F
IR62668,Bachelor,508583,31546,65,0,Personal Auto,Four-Door Car,100,Arizona,F
AL96740,College,290393,67763,73,1,Personal Auto,Four-Door Car,59,California,F
SS48498,College,627317,20836,79,0,Corporate Auto,Four-Door Car,193,Washington,F
PE39479,College,1832141,88592,76,0,Corporate Auto,Four-Door Car,199,Washington,M
JH62891,College,517870,66943,65,1,Special Auto,Four-Door Car,53,Oregon,F
FI20423,High School or Below,1402435,81872,115,0,Special Auto,Four-Door Car,256,Arizona,F
PM13394,College,530943,22404,70,1,Personal Auto,Four-Door Car,211,Washington,F
YV67971,High School or Below,494980,21342,62,0,Personal Auto,Four-Door Car,74,California,F
QD31377,Bachelor,859566,34621,108,1,Corporate Auto,SUV,621,California,M
YG10247,College,2295189,62396,64,0,Personal Auto,Four-Door Car,307,Oregon,M
FE73696,High School or Below,379213,97212,93,0,Personal Auto,Two-Door Car,360,Oregon,M
SW19699,Bachelor,275574,49648,70,0,Personal Auto,Four-Door Car,65,Arizona,F
QJ40732,College,488033,97984,61,1,Personal Auto,Four-Door Car,407,Arizona,M
HM76207,College,905190,26308,114,0,Corporate Auto,SUV,547,California,F
NT59303,College,1011544,63528,256,0,Personal Auto,Luxury,1228,Oregon,F
PU41393,College,826907,20225,114,1,Special Auto,SUV,547,Nevada,M
QO86948,High School or Below,807165,0,112,0,Personal Auto,SUV,806,Nevada,M
QN10888,High School or Below,772699,87620,64,0,Personal Auto,Four-Door Car,24,Oregon,F
VY19543,Bachelor,831113,0,72,0,Corporate Auto,Four-Door Car,311,California,F
XC15133,Master,257402,34990,65,0,Personal Auto,Four-Door Car,42,Nevada,F
ST43550,Bachelor,572732,99934,71,0,Special Auto,Four-Door Car,460,Oregon,M
FX36546,Master,367914,60804,92,0,Personal Auto,Four-Door Car,213,Washington,M
JX68983,Bachelor,274451,94648,69,0,Personal Auto,Four-Door Car,331,Oregon,M
HX78576,High School or Below,563674,24516,71,0,Personal Auto,Four-Door Car,300,California,F
ZQ11381,Bachelor,1687038,61063,85,0,Personal Auto,Four-Door Car,262,Arizona,M
ON39271,Master,273800,0,74,0,Personal Auto,Two-Door Car,263,California,M
SB18278,Bachelor,464470,0,64,0,Corporate Auto,Four-Door Car,307,Oregon,M
ZT30559,High School or Below,474668,15169,63,0,Personal Auto,Four-Door Car,302,California,F
XI41106,College,1687432,55390,71,0,Corporate Auto,Two-Door Car,256,Arizona,M
ZS88847,Bachelor,238760,27592,62,0,Personal Auto,Four-Door Car,297,Oregon,F
RU49126,College,446533,61846,112,0,Personal Auto,SUV,215,Washington,F
KR62797,High School or Below,459162,83297,113,0,Personal Auto,SUV,542,Arizona,F
ZJ73220,College,1309258,0,188,0,Special Auto,Luxury,1353,Arizona,F
FY62633,Bachelor,911226,0,90,0,Personal Auto,Four-Door Car,432,Oregon,M
CU36986,High School or Below,416516,55897,104,0,Personal Auto,Four-Door Car,499,California,F
WZ53904,Bachelor,265998,21297,71,0,Personal Auto,Four-Door Car,45,Arizona,M
AA71604,Master,1198659,87560,98,1,Personal Auto,Two-Door Car,470,Arizona,F
TD10493,High School or Below,289873,0,96,4,Personal Auto,Four-Door Car,691,Oregon,F
LY97989,Bachelor,289424,0,85,0,Personal Auto,Four-Door Car,408,Oregon,F
VX39856,Doctor,350045,89398,86,0,Personal Auto,Four-Door Car,82,Arizona,F
TP51897,College,262180,36843,68,3,Corporate Auto,Four-Door Car,357,California,F
QQ89253,College,1022180,0,134,0,Personal Auto,SUV,643,Oregon,F
EI91403,High School or Below,257827,34946,65,0,Personal Auto,Two-Door Car,420,California,M
QG15435,College,624259,75680,78,0,Personal Auto,Four-Door Car,136,Arizona,F
FZ55002,Doctor,522028,0,69,0,Personal Auto,Four-Door Car,331,Nevada,F
HX77930,College,313643,49532,79,1,Personal Auto,Four-Door Car,220,Washington,F
UN37063,Bachelor,452536,10269,65,0,Personal Auto,Two-Door Car,170,Arizona,M
VB87946,College,497035,49714,63,3,Personal Auto,Four-Door Car,266,California,M
AB60627,High School or Below,1546778,77517,129,0,Corporate Auto,SUV,98,California,M
TA34903,High School or Below,583889,81082,73,0,Personal Auto,Four-Door Car,281,Oregon,M
AQ51368,Bachelor,1065688,72540,88,0,Corporate Auto,Two-Door Car,631,Oregon,F
NZ26102,High School or Below,228961,0,65,0,Personal Auto,Four-Door Car,468,Oregon,F
GB45753,High School or Below,543980,61546,68,0,Corporate Auto,Two-Door Car,29,California,M
BV79904,Master,795615,44818,67,1,Personal Auto,Two-Door Car,136,California,F
OB49075,Bachelor,445811,17622,65,1,Personal Auto,Four-Door Car,312,Arizona,M
DS97676,College,255505,0,72,0,Personal Auto,Four-Door Car,518,Oregon,F
JO63462,Bachelor,330799,79797,84,0,Corporate Auto,Two-Door Car,31,California,M
NJ10602,College,845905,92717,70,0,Personal Auto,Two-Door Car,224,Washington,F
RS24501,College,1335012,28919,173,0,Personal Auto,SUV,830,Oregon,F
VT78274,College,493122,0,68,0,Personal Auto,Four-Door Car,480,Arizona,M
SU56153,Bachelor,777683,63568,65,0,Corporate Auto,Two-Door Car,390,Nevada,M
MN20737,College,255367,73935,64,1,Corporate Auto,Four-Door Car,72,Nevada,F
KL43114,High School or Below,487646,0,66,0,Corporate Auto,Two-Door Car,316,Arizona,F
YQ15567,Bachelor,903430,18846,115,0,Personal Auto,SUV,552,Oregon,F
TR88637,High School or Below,810591,38893,103,0,Personal Auto,SUV,41,Arizona,F
TC88986,High School or Below,561968,0,153,0,Special Auto,SUV,1027,Oregon,M
XX88577,Bachelor,1572713,84824,196,0,Corporate Auto,SUV,319,California,M
NE49052,High School or Below,661801,20068,86,0,Corporate Auto,Four-Door Car,411,California,F
KX17826,Doctor,467004,0,125,0,Corporate Auto,SUV,600,Oregon,M
CC91503,High School or Below,1016936,0,135,0,Personal Auto,Luxury,648,Arizona,F
WH32183,Bachelor,832307,97245,70,0,Personal Auto,Four-Door Car,4,California,M
ES90681,College,241776,51808,61,1,Personal Auto,Four-Door Car,351,California,F
DW96592,Bachelor,804487,71391,67,0,Personal Auto,Four-Door Car,284,California,M
MT23134,High School or Below,532572,0,73,0,Personal Auto,Two-Door Car,496,Oregon,M
BM69081,Bachelor,694752,0,100,0,Personal Auto,SUV,925,Arizona,M
MB90871,College,584741,23496,77,0,Special Auto,Four-Door Car,13,Oregon,F
GT62080,High School or Below,7714,55561,63,0,Personal Auto,Four-Door Car,227,Washington,M
QL77686,College,472478,23986,119,0,Corporate Auto,SUV,463,Nevada,F
ON77827,Master,279022,22974,71,0,Personal Auto,Four-Door Car,180,Arizona,F
KP18988,High School or Below,2153133,0,101,0,Personal Auto,Four-Door Car,484,Oregon,F
TI92884,Bachelor,1262283,61844,106,0,Personal Auto,Luxury,508,Arizona,M
JH73503,Doctor,2017196,24804,73,0,Personal Auto,Two-Door Car,350,Arizona,M
YE97964,Bachelor,1646436,27760,104,0,Personal Auto,SUV,302,California,F
VA30351,High School or Below,559538,74454,71,0,Personal Auto,Four-Door Car,340,Oregon,F
PV55726,Master,417068,29462,107,1,Personal Auto,SUV,513,Oregon,F
UC88305,College,266544,52266,68,0,Corporate Auto,Two-Door Car,141,Arizona,F
TS53809,Bachelor,709891,0,70,0,Personal Auto,Two-Door Car,349,Oregon,M
ZV32120,Doctor,397134,23599,103,0,Corporate Auto,SUV,494,California,M
FB80807,Bachelor,552821,36088,72,0,Personal Auto,Four-Door Car,345,Oregon,M
AS55677,High School or Below,833899,70534,104,0,Personal Auto,Four-Door Car,54,California,F
WA15684,College,3844585,27398,125,1,Personal Auto,SUV,600,Oregon,M
SA50567,Bachelor,544855,85296,68,0,Personal Auto,Four-Door Car,342,Nevada,M
KJ31611,High School or Below,1080806,31063,92,0,Personal Auto,Four-Door Car,441,Arizona,M
VL37375,Bachelor,618509,0,92,0,Personal Auto,Two-Door Car,1027,California,M
KN21017,High School or Below,320822,52367,81,0,Personal Auto,Four-Door Car,275,Nevada,M
PX44289,College,548010,58651,71,0,Personal Auto,Four-Door Car,472,Arizona,M
AM97901,College,2298615,84831,192,0,Special Auto,Luxury,1336,Nevada,F
RE42925,Bachelor,1310792,49088,114,1,Corporate Auto,SUV,547,Oregon,M
TR81766,College,746292,70263,93,0,Corporate Auto,Two-Door Car,7,California,F
CH85057,Doctor,1146399,45354,285,0,Personal Auto,Luxury,540,Oregon,F
UP71482,High School or Below,723613,0,63,0,Personal Auto,Four-Door Car,383,Arizona,M
EG40670,Bachelor,623268,28334,83,0,Special Auto,Four-Door Car,537,California,F
HV83672,Bachelor,2839332,38772,90,0,Personal Auto,Four-Door Car,321,Oregon,F
MG10140,College,374675,41479,94,1,Personal Auto,Two-Door Car,19,Oregon,F
TC44716,Bachelor,2156933,23909,119,0,Personal Auto,SUV,571,California,M
QO65264,College,501208,48328,63,0,Personal Auto,Two-Door Car,108,California,M
EB66698,High School or Below,337185,86689,85,0,Corporate Auto,Two-Door Car,408,California,M
OT52034,Bachelor,386477,24204,99,1,Personal Auto,Four-Door Car,707,California,M
CH85444,College,414571,25943,110,0,Corporate Auto,Two-Door Car,1067,Oregon,M
PU85769,High School or Below,515607,0,73,0,Personal Auto,Four-Door Car,807,California,M
UI73201,College,366737,62375,92,0,Personal Auto,Two-Door Car,618,California,M
SL50592,High School or Below,783568,0,71,0,Corporate Auto,Four-Door Car,404,California,F
XP11075,Bachelor,1456726,0,148,0,Personal Auto,SUV,710,Arizona,M
SI31236,Bachelor,1017133,70200,65,0,Corporate Auto,Four-Door Car,312,Oregon,M
JN26745,Bachelor,413577,0,112,0,Special Auto,Four-Door Car,707,Nevada,F
VK48036,College,551149,79027,70,0,Corporate Auto,Four-Door Car,336,Oregon,F
JX76668,High School or Below,1131424,62935,141,0,Personal Auto,Luxury,232,Washington,F
DS45802,High School or Below,541461,26893,68,0,Personal Auto,Four-Door Car,68,California,F
OA96690,High School or Below,742159,47406,94,1,Personal Auto,Four-Door Car,287,Oregon,F
EM27919,Bachelor,445811,17622,65,1,Personal Auto,Four-Door Car,312,California,M
QO41043,College,1447612,27572,124,0,Corporate Auto,SUV,595,Oregon,F
OV50124,College,493688,0,72,2,Personal Auto,Two-Door Car,391,Oregon,F
PR31642,Bachelor,452527,32802,114,0,Personal Auto,SUV,547,Oregon,F
BU41599,Master,558176,62739,70,0,Personal Auto,Two-Door Car,239,Washington,F
TK30357,Bachelor,1413434,90844,118,0,Personal Auto,SUV,232,California,F
NF31087,High School or Below,2472318,44685,69,0,Personal Auto,Four-Door Car,331,Nevada,F
NH16984,Bachelor,283806,0,80,0,Personal Auto,Four-Door Car,336,California,F
OS75493,High School or Below,384848,42589,98,0,Corporate Auto,Four-Door Car,470,California,F
VT63298,Bachelor,1950447,0,72,0,Personal Auto,Four-Door Car,345,Oregon,M
QS75550,Bachelor,248004,93383,62,0,Corporate Auto,Two-Door Car,244,Washington,F
SZ16483,High School or Below,436137,79583,109,2,Personal Auto,Four-Door Car,523,Arizona,F
VM92311,High School or Below,252907,89129,64,0,Personal Auto,Four-Door Car,328,Arizona,F
NJ46849,College,250444,0,69,0,Personal Auto,Four-Door Car,496,Arizona,M
WZ31900,Bachelor,864970,94389,107,0,Corporate Auto,SUV,85,Oregon,F
RG30482,College,1366835,0,197,0,Personal Auto,SUV,1418,Oregon,F
ZM86949,High School or Below,2063508,84106,64,0,Personal Auto,Two-Door Car,334,Oregon,F
QQ39596,College,251753,0,69,0,Personal Auto,Four-Door Car,42,Arizona,F
FH51383,High School or Below,532667,76717,66,0,Personal Auto,Two-Door Car,300,California,F
BJ53923,High School or Below,260027,51978,66,0,Corporate Auto,Four-Door Car,144,Arizona,M
CZ96653,Bachelor,853479,47325,107,0,Personal Auto,SUV,64,Oregon,F
FB23788,High School or Below,882883,86721,111,0,Corporate Auto,SUV,532,Oregon,M
NT43594,Bachelor,224844,24910,63,1,Personal Auto,Four-Door Car,347,Nevada,F
RJ85627,Bachelor,1230276,43817,62,1,Personal Auto,Four-Door Car,245,Washington,F
KJ86296,High School or Below,455659,0,73,2,Personal Auto,Four-Door Car,525,Oregon,M
PI47776,Bachelor,253070,89451,63,0,Corporate Auto,Four-Door Car,61,Oregon,F
MD73554,College,525198,59537,66,0,Personal Auto,Two-Door Car,316,California,M
UX92071,High School or Below,674311,0,199,0,Personal Auto,Luxury,955,Oregon,M
YG44474,College,1401472,54193,117,0,Corporate Auto,SUV,720,Oregon,M
UH45301,College,943891,86946,118,0,Personal Auto,Four-Door Car,340,Oregon,M
RY92647,Bachelor,1050677,0,92,0,Personal Auto,Four-Door Car,546,California,F
IK12620,High School or Below,421391,12160,109,0,Personal Auto,Four-Door Car,489,Arizona,F
GQ66762,College,477368,33701,63,0,Personal Auto,Four-Door Car,171,California,M
YT69858,Bachelor,544142,85702,67,0,Personal Auto,Two-Door Car,249,Washington,F
XD85577,Bachelor,284226,69417,73,1,Personal Auto,Four-Door Car,30,California,M
TM65736,Master,305955,38644,78,1,Personal Auto,Four-Door Car,361,Oregon,M
VJ51327,High School or Below,2031499,63209,102,2,Personal Auto,SUV,207,California,F
GS98873,Bachelor,323912,16061,88,0,Personal Auto,Four-Door Car,633,Arizona,F
CW49887,Master,462680,79487,114,0,Special Auto,SUV,547,California,F
MY31220,College,899704,54230,112,0,Personal Auto,Two-Door Car,537,California,F
UH35128,College,2580706,71210,214,1,Personal Auto,Luxury,1027,Oregon,F
WH52799,College,380812,94903,94,0,Corporate Auto,Two-Door Car,451,Arizona,F
WL99637,Bachelor,761413,27293,96,0,Personal Auto,Two-Door Car,469,Arizona,M
UC84059,Master,689845,70950,171,0,Personal Auto,Luxury,565,California,F
HW62747,College,229837,0,63,0,Corporate Auto,Four-Door Car,302,Oregon,M
BH11344,Doctor,280669,37009,71,0,Corporate Auto,Two-Door Car,145,Oregon,F
TX28465,College,520611,52629,65,0,Personal Auto,Four-Door Car,136,Nevada,M
OK56965,Bachelor,4570865,31264,198,1,Personal Auto,Luxury,825,California,F
WT22392,College,800734,65473,67,0,Personal Auto,Four-Door Car,277,Oregon,F
PH85036,Bachelor,548254,79325,68,0,Corporate Auto,Four-Door Car,251,Washington,F
KC71643,High School or Below,246323,99144,61,0,Corporate Auto,Four-Door Car,292,Oregon,M
NR32615,College,549894,22520,73,0,Corporate Auto,Four-Door Car,350,California,M
GS69842,Bachelor,524382,36615,65,0,Special Auto,Four-Door Car,264,Arizona,F
WT71621,Bachelor,328045,63297,82,0,Personal Auto,Four-Door Car,251,Washington,F
KD23847,High School or Below,488654,76374,61,0,Personal Auto,Four-Door Car,292,Arizona,F
PE59368,Bachelor,512348,72096,6464,0,Personal Auto,Two-Door Car,252,Washington,F
NK91488,Master,547955,56005,68,1,Personal Auto,Four-Door Car,326,Nevada,M
CR33417,Master,476215,36529,118,0,Personal Auto,SUV,255,Washington,F
WP73172,Bachelor,828767,81367,103,0,Special Auto,SUV,415,Oregon,F
PS30217,Bachelor,988665,44817,83,0,Personal Auto,Four-Door Car,527,California,F
EL62967,High School or Below,271291,58508,69,0,Personal Auto,Two-Door Car,57,Oregon,F
MU23938,Bachelor,1047767,45259,138,0,Personal Auto,SUV,272,Oregon,M
VC83809,Doctor,343613,30817,88,0,Personal Auto,Four-Door Car,91,California,M
VL34577,High School or Below,259618,0,72,0,Personal Auto,Two-Door Car,345,Oregon,F
QE12539,Doctor,1273195,40870,105,0,Personal Auto,SUV,504,California,M
YO15246,High School or Below,349414,35001,96,3,Personal Auto,Four-Door Car,460,Nevada,M
WF73839,College,759791,49937,64,0,Personal Auto,Two-Door Car,302,Arizona,F
TJ11671,Bachelor,401521,0,109,0,Personal Auto,Four-Door Car,523,Oregon,F
SV34223,College,2047710,58317,73,0,Personal Auto,Four-Door Car,350,California,F
XD19546,High School or Below,816068,0,109,0,Personal Auto,SUV,523,California,F
OY95739,High School or Below,1229868,17101,113,0,Corporate Auto,SUV,542,Nevada,M
SW57539,College,871492,0,118,0,Corporate Auto,SUV,566,California,F
IA62027,Bachelor,485353,0,65,0,Personal Auto,Four-Door Car,468,Arizona,F
FZ20933,High School or Below,488094,24398,63,1,Personal Auto,Four-Door Car,302,Oregon,M
WR62597,College,231138,24641,61,0,Corporate Auto,Four-Door Car,294,Oregon,M
KU61611,High School or Below,432709,69040,108,0,Corporate Auto,Luxury,518,Arizona,M
XW98867,High School or Below,1229868,17101,113,0,Personal Auto,SUV,542,Oregon,M
PP80817,High School or Below,832353,59886,104,0,Personal Auto,Luxury,71,California,F
DT77901,Bachelor,1017971,14290,271,0,Personal Auto,Luxury,1300,Oregon,F
DX34647,College,776126,43137,96,0,Personal Auto,Two-Door Car,460,California,F
OD56551,College,523989,27978,69,1,Personal Auto,Four-Door Car,447,Oregon,M
OO63074,Bachelor,451790,25261,118,0,Personal Auto,SUV,566,California,F
EH24828,College,238977,58652,64,5,Personal Auto,Four-Door Car,307,Nevada,M
CX99919,College,413062,28321,111,0,Corporate Auto,SUV,537,Nevada,F
DG80424,College,269156,77411,67,0,Personal Auto,Four-Door Car,257,Washington,F
NU32697,College,522776,0,72,0,Corporate Auto,Four-Door Car,518,Oregon,M
PU98976,Bachelor,618734,0,88,0,Personal Auto,Four-Door Car,633,California,F
ZR20842,College,511387,94415,127,1,Personal Auto,Luxury,492,Arizona,M
NF35573,High School or Below,1103931,0,103,0,Special Auto,SUV,1149,Oregon,M
DF66914,Bachelor,3222708,45331,100,0,Personal Auto,SUV,572,Arizona,F
YM99866,High School or Below,261196,53904,67,2,Personal Auto,Four-Door Car,321,Arizona,M
VH62084,High School or Below,1337232,0,74,0,Personal Auto,Four-Door Car,811,California,M
SE28250,Bachelor,483898,0,70,2,Special Auto,Four-Door Car,336,Arizona,M
MD86050,High School or Below,472165,0,67,0,Personal Auto,Four-Door Car,482,Oregon,M
GF17866,College,387364,28142,105,0,Corporate Auto,Luxury,701,Oregon,M
UB16654,Master,471855,15680,6464,0,Personal Auto,Four-Door Car,260,Washington,M
KO44736,Bachelor,1697979,35095,73,0,Personal Auto,Two-Door Car,525,Oregon,M
KI55845,College,1368171,55588,114,0,Personal Auto,SUV,547,Oregon,F
JJ24476,Master,571722,52391,71,0,Personal Auto,Two-Door Car,409,Arizona,F
VC68509,Bachelor,948659,42240,79,0,Personal Auto,Four-Door Car,46,Oregon,F
QN62502,Bachelor,383914,70146,96,0,Personal Auto,Four-Door Car,157,Oregon,F
EL92515,College,1121159,41121,94,0,Personal Auto,Four-Door Car,451,Oregon,F
VL84149,College,2580706,71210,214,1,Corporate Auto,Luxury,1027,Oregon,F
JX19907,Bachelor,379832,0,107,1,Corporate Auto,Two-Door Car,1261,Oregon,M
BC66921,High School or Below,281656,41228,71,0,Personal Auto,Four-Door Car,340,Nevada,F
RK24470,Bachelor,502929,40113,67,3,Corporate Auto,Two-Door Car,262,Washington,M
GN80437,College,344496,0,91,0,Special Auto,Four-Door Car,596,Oregon,F
AH65907,Bachelor,285940,51790,71,0,Personal Auto,Four-Door Car,340,California,F
VG57728,High School or Below,269205,92593,68,0,Corporate Auto,Four-Door Car,8,California,M
AF81450,High School or Below,1143173,28657,100,0,Personal Auto,SUV,588,California,M
YI28422,High School or Below,763588,30262,98,1,Personal Auto,Four-Door Car,499,Oregon,M
GR26937,Master,980582,47197,81,0,Corporate Auto,Four-Door Car,76,Oregon,F
BR99015,Bachelor,680361,0,94,0,Personal Auto,Four-Door Car,451,California,F
PB11270,Bachelor,710765,0,61,0,Personal Auto,Four-Door Car,541,Oregon,F
PZ89632,High School or Below,473518,0,134,0,Personal Auto,SUV,964,Oregon,F
LV62981,College,687432,22093,87,0,Corporate Auto,Two-Door Car,616,Arizona,M
AS97690,College,241125,54483,61,0,Personal Auto,Two-Door Car,292,Arizona,M
SG32258,College,241654,18944,63,0,Personal Auto,Four-Door Car,125,Arizona,F
MY80583,Bachelor,2398154,84365,66,0,Personal Auto,Four-Door Car,316,Oregon,F
WS57286,College,469216,0,64,0,Personal Auto,Four-Door Car,137,Arizona,M
MF53477,High School or Below,360093,25147,101,0,Corporate Auto,SUV,694,California,F
DQ28641,High School or Below,266522,14315,71,0,Personal Auto,Four-Door Car,511,Nevada,M
EX46492,Master,766652,87864,94,0,Personal Auto,Two-Door Car,421,Arizona,F
VW20823,High School or Below,1667589,57844,85,1,Personal Auto,Four-Door Car,408,California,M
LH26563,High School or Below,455085,17913,116,0,Personal Auto,Four-Door Car,556,Oregon,F
FR56877,High School or Below,1176393,28806,99,0,Special Auto,Four-Door Car,475,Arizona,F
ZY99878,High School or Below,1374253,90343,175,0,Personal Auto,SUV,833,California,M
CS15289,Master,1613841,79041,199,0,Personal Auto,Luxury,419,Oregon,F
MM49431,Bachelor,729858,74069,63,2,Personal Auto,Two-Door Car,275,Washington,M
IA96447,College,667373,85019,167,0,Personal Auto,Luxury,801,California,M
PT32230,High School or Below,778212,70059,194,0,Personal Auto,Luxury,253,California,F
NK73719,College,1939321,70503,164,1,Corporate Auto,SUV,41,California,F
OH15771,Bachelor,397413,0,117,0,Personal Auto,SUV,561,California,M
XP61034,Bachelor,410558,39492,105,0,Personal Auto,SUV,756,Oregon,M
ZN34245,College,230847,0,68,0,Corporate Auto,Four-Door Car,489,Arizona,M
FX55923,Bachelor,537291,50405,70,1,Personal Auto,Four-Door Car,7,Arizona,M
ZZ83340,Doctor,550831,96021,68,0,Personal Auto,Two-Door Car,315,Oregon,F
HA99340,High School or Below,239833,0,65,0,Personal Auto,Two-Door Car,422,Oregon,M
LE43061,High School or Below,372883,0,105,0,Personal Auto,Four-Door Car,756,California,M
UF77413,College,275849,65794,69,1,Personal Auto,Four-Door Car,277,Oregon,M
UY45293,Bachelor,370393,21975,95,0,Corporate Auto,Four-Door Car,456,Oregon,M
TH84309,High School or Below,937284,0,126,0,Personal Auto,SUV,604,California,M
PZ94551,Bachelor,499158,56649,125,0,Special Auto,SUV,780,Oregon,F
UE76013,Master,503986,35984,128,3,Personal Auto,SUV,275,Washington,F
HS85465,Bachelor,275997,92296,69,0,Corporate Auto,Two-Door Car,331,California,M
SI78985,Bachelor,799300,39448,103,3,Personal Auto,Four-Door Car,66,Oregon,F
KF50730,Bachelor,523557,71794,131,0,Personal Auto,SUV,457,California,F
JO13576,High School or Below,263301,21861,69,0,Personal Auto,Four-Door Car,348,California,F
HJ79774,College,276480,31591,72,4,Corporate Auto,Four-Door Car,240,Oregon,F
KI18648,Bachelor,808484,60662,68,0,Special Auto,Two-Door Car,326,Arizona,F
EL99335,College,268517,20608,73,0,Personal Auto,Four-Door Car,350,California,F
LE84979,Master,1220812,21331,103,0,Personal Auto,SUV,419,California,F
CE12380,College,2009043,0,66,1,Corporate Auto,Four-Door Car,252,Arizona,F
BJ22117,Master,513341,53390,6464,0,Personal Auto,Four-Door Car,278,Washington,M
JF83834,Doctor,249131,36631,62,0,Corporate Auto,Four-Door Car,67,Oregon,M
YN10988,High School or Below,631459,0,87,0,Personal Auto,Four-Door Car,417,California,M
YX15941,College,1622964,26030,139,1,Corporate Auto,Luxury,667,Oregon,M
ZB50601,College,516178,0,70,0,Personal Auto,Four-Door Car,469,Nevada,M
HP50399,Bachelor,398226,0,113,0,Personal Auto,SUV,542,Nevada,M
GC17585,Bachelor,1347318,25302,70,1,Personal Auto,Four-Door Car,336,Arizona,M
QW17286,Master,277832,66030,69,1,Personal Auto,Four-Door Car,282,Washington,F
DO41287,High School or Below,827644,0,82,0,Personal Auto,Four-Door Car,590,Oregon,M
GT54462,Bachelor,1434985,73222,180,0,Personal Auto,SUV,821,Arizona,M
BT76268,College,587819,22061,74,0,Personal Auto,Four-Door Car,355,California,F
QM38267,High School or Below,266605,86321,66,0,Personal Auto,Four-Door Car,316,Arizona,F
LP82042,Bachelor,534568,54668,68,1,Personal Auto,Four-Door Car,326,Oregon,M
EF52978,High School or Below,477712,0,62,0,Personal Auto,Four-Door Car,297,Arizona,F
GH54524,High School or Below,1697374,69497,142,0,Personal Auto,SUV,92,California,M
DP26592,High School or Below,251811,86617,63,0,Personal Auto,Four-Door Car,188,Oregon,M
UP29839,Master,1916098,22705,239,0,Personal Auto,Luxury,1294,Nevada,F
IB80924,High School or Below,3286440,90783,104,2,Personal Auto,SUV,285,Washington,F
OB55054,Bachelor,396481,88410,99,0,Corporate Auto,Four-Door Car,475,Oregon,M
NP91656,Bachelor,491177,0,69,0,Personal Auto,Four-Door Car,496,California,F
SH74080,College,780531,21073,106,1,Personal Auto,SUV,508,Oregon,F
KN25556,College,720066,0,66,0,Personal Auto,Four-Door Car,316,Arizona,F
RB38792,College,538949,66429,136,0,Personal Auto,Luxury,57,Oregon,M
QR72180,Doctor,324131,66889,80,0,Personal Auto,Four-Door Car,294,California,F
TW64385,Bachelor,552821,36088,72,0,Corporate Auto,Four-Door Car,345,California,M
TM13955,Master,299302,0,80,0,Corporate Auto,Four-Door Car,286,Washington,M
GF94951,Bachelor,707665,0,68,0,Corporate Auto,Two-Door Car,489,Arizona,M
NF53775,College,370038,17557,96,0,Personal Auto,Four-Door Car,666,California,F
YB58778,College,532883,81064,70,4,Personal Auto,Two-Door Car,42,California,F
PH77560,High School or Below,483887,0,66,0,Personal Auto,Four-Door Car,700,Nevada,F
ZO14864,Master,341720,42526,86,0,Personal Auto,Two-Door Car,287,Washington,F
BI34376,Doctor,787992,45703,98,0,Personal Auto,Two-Door Car,470,California,F
UQ63396,Bachelor,786943,40036,65,0,Personal Auto,Four-Door Car,48,California,F
BR23201,Bachelor,258680,0,71,0,Personal Auto,Four-Door Car,191,California,M
VH45094,High School or Below,728678,65870,61,1,Personal Auto,Four-Door Car,202,Arizona,M
KD47243,Bachelor,1179799,91469,100,2,Personal Auto,SUV,418,California,F
MY13737,High School or Below,938675,42090,119,0,Corporate Auto,SUV,203,California,M
OR48881,Doctor,630892,21368,79,0,Corporate Auto,Four-Door Car,4,Oregon,F
BD77090,Bachelor,860915,79090,107,0,Personal Auto,SUV,289,Washington,F
LW77178,Bachelor,1542801,33879,98,0,Corporate Auto,Two-Door Car,470,Oregon,F
BQ12347,High School or Below,563079,72874,70,0,Special Auto,Four-Door Car,336,Arizona,M
FF61670,High School or Below,1813118,0,82,1,Personal Auto,Four-Door Car,393,California,M
PM61374,Bachelor,808721,0,110,0,Personal Auto,Two-Door Car,550,California,F
BW25236,College,1845357,72215,66,0,Personal Auto,Four-Door Car,247,Arizona,M
XO22038,Bachelor,521751,39854,66,0,Corporate Auto,Two-Door Car,261,California,F
QG51953,College,483578,36655,61,0,Personal Auto,Four-Door Car,295,Oregon,M
SZ56338,High School or Below,559712,37995,139,0,Personal Auto,SUV,667,Oregon,F
PX60116,High School or Below,892046,40867,112,0,Corporate Auto,Two-Door Car,537,California,F
BW46202,Bachelor,599541,28804,78,0,Personal Auto,Two-Door Car,76,Oregon,F
GW14109,High School or Below,3849694,48409,124,0,Special Auto,SUV,345,California,F
GP42026,High School or Below,838263,19683,117,1,Personal Auto,Luxury,561,California,M
DH41343,College,244366,92834,61,0,Special Auto,Four-Door Car,292,Washington,F
PY42157,High School or Below,247225,62006,61,0,Personal Auto,Four-Door Car,292,Washington,F
OL36978,High School or Below,540551,67241,68,1,Personal Auto,Two-Door Car,5,California,F
KT40899,High School or Below,935247,75436,78,0,Personal Auto,Four-Door Car,9,California,M
WE60408,College,433987,91761,109,2,Personal Auto,SUV,779,Arizona,F
LG64797,College,1772376,25771,222,0,Personal Auto,Luxury,1253,California,F
MD87746,College,750745,60920,64,0,Personal Auto,Two-Door Car,231,Oregon,M
QP80741,College,604857,0,61,3,Corporate Auto,Four-Door Car,292,Washington,F
WO59883,High School or Below,1901447,29822,61,0,Personal Auto,Two-Door Car,292,Washington,F
MU79385,College,1008037,60944,130,2,Personal Auto,SUV,623,Arizona,M
JH30384,High School or Below,650339,22081,84,0,Personal Auto,Two-Door Car,451,California,F
LL45497,College,248772,67282,62,0,Personal Auto,Two-Door Car,297,Washington,F
SK95364,College,462039,0,130,0,Personal Auto,SUV,936,California,F
VG56765,High School or Below,247152,95697,61,0,Personal Auto,Two-Door Car,114,Arizona,M
NE24371,College,649424,15300,85,0,Personal Auto,Four-Door Car,408,Oregon,F
KR48903,High School or Below,250490,88264,62,0,Personal Auto,Two-Door Car,297,Washington,M
ZF27999,College,490489,12902,139,0,Personal Auto,Luxury,667,Nevada,F
MH40017,High School or Below,480247,29809,61,0,Personal Auto,Four-Door Car,365,Arizona,M
YJ99764,High School or Below,795577,0,74,0,Personal Auto,Four-Door Car,355,Nevada,M
AG22225,High School or Below,694190,0,96,0,Personal Auto,Four-Door Car,460,Oregon,M
ZJ26179,Bachelor,838247,25998,71,0,Personal Auto,Four-Door Car,791,Oregon,M
VO36036,Doctor,353643,28248,90,0,Personal Auto,Four-Door Car,634,Oregon,F
ZQ94281,College,324481,68103,82,0,Personal Auto,Two-Door Car,277,California,F
CK40732,High School or Below,761121,0,103,0,Special Auto,Four-Door Car,741,California,F
UT73461,Doctor,450539,81079,111,0,Special Auto,SUV,134,Oregon,F
LT57320,Master,244584,22732,62,0,Personal Auto,Four-Door Car,15,Nevada,F
BZ44726,High School or Below,1647776,49825,70,3,Corporate Auto,Two-Door Car,336,Nevada,F
VU32116,College,354640,0,103,0,Personal Auto,SUV,621,Oregon,F
EG94326,High School or Below,427727,77265,107,0,Personal Auto,SUV,513,Nevada,M
EJ43595,High School or Below,478477,0,72,0,Corporate Auto,Four-Door Car,779,California,M
QI37869,College,757223,12876,107,2,Corporate Auto,Four-Door Car,425,California,M
SX65826,Bachelor,1176087,36431,99,0,Personal Auto,Two-Door Car,513,Arizona,M
XO42145,High School or Below,393381,25927,103,0,Personal Auto,SUV,674,Oregon,M
WJ74851,Bachelor,570076,26811,72,0,Personal Auto,Two-Door Car,465,Nevada,F
IG68709,High School or Below,349863,41711,90,0,Personal Auto,Four-Door Car,351,Oregon,F
AC75391,College,576809,35091,74,0,Corporate Auto,Two-Door Car,418,Arizona,F
WO94087,Bachelor,636195,0,87,0,Corporate Auto,Four-Door Car,417,Arizona,F
YJ69332,High School or Below,650339,22081,84,0,Personal Auto,Two-Door Car,451,Oregon,F
WX87964,High School or Below,493519,29560,62,0,Personal Auto,Four-Door Car,297,Washington,M
PD32641,College,578522,31320,72,0,Personal Auto,Four-Door Car,293,Oregon,M
CK39096,High School or Below,561968,0,153,0,Personal Auto,SUV,1027,Oregon,M
QV19964,Doctor,259928,33947,66,1,Personal Auto,Four-Door Car,192,Oregon,M
BF72793,High School or Below,673297,0,62,0,Personal Auto,Two-Door Car,446,California,F
WB12017,College,1832186,21189,66,0,Personal Auto,Two-Door Car,316,California,F
JO17193,Bachelor,230069,25905,63,0,Personal Auto,Four-Door Car,302,Washington,M
AY84441,High School or Below,400285,0,114,0,Personal Auto,SUV,820,Oregon,M
JQ65500,Bachelor,862099,44988,108,0,Corporate Auto,Two-Door Car,518,Oregon,F
OI29521,College,1038898,33432,90,0,Corporate Auto,Two-Door Car,161,Oregon,F
MJ51323,Bachelor,842717,46503,215,1,Personal Auto,Luxury,1032,Oregon,F
QI64880,Bachelor,700727,0,101,0,Corporate Auto,SUV,973,California,M
HV93429,Master,517657,23636,65,0,Personal Auto,Four-Door Car,81,Oregon,F
TA89713,College,538949,66429,136,0,Personal Auto,Luxury,57,Oregon,M
OB98149,College,470000,11417,63,0,Personal Auto,Two-Door Car,302,Washington,F
LE65901,Bachelor,443494,58082,112,1,Personal Auto,SUV,103,Oregon,F
FF68864,Bachelor,1401052,36523,71,0,Personal Auto,Four-Door Car,101,Arizona,F
YX99200,Bachelor,1235005,54710,103,0,Personal Auto,Two-Door Car,294,Nevada,M
LZ26801,High School or Below,816157,73466,102,1,Personal Auto,SUV,204,California,F
TA66375,Bachelor,1100913,51643,283,0,Corporate Auto,Luxury,1358,Oregon,F
SC92090,College,871704,83846,74,3,Personal Auto,Four-Door Car,355,Arizona,M
TK40018,High School or Below,591746,0,169,0,Personal Auto,SUV,1207,Oregon,M
ZD63451,Bachelor,250366,53338,63,1,Personal Auto,Four-Door Car,35,California,M
AO98601,Bachelor,501888,54500,63,0,Corporate Auto,Two-Door Car,302,Washington,F
DT35588,College,433038,60475,107,0,Personal Auto,Four-Door Car,513,Oregon,M
VF87723,College,1048774,30658,89,0,Personal Auto,Four-Door Car,441,California,M
QP69826,Bachelor,356750,0,102,0,Corporate Auto,SUV,660,Arizona,M
UW37050,Bachelor,1989642,60420,248,0,Personal Auto,Luxury,632,Oregon,F
UH62254,Bachelor,2142363,0,65,0,Personal Auto,Two-Door Car,312,Oregon,M
IA15979,College,694832,40598,91,0,Personal Auto,Four-Door Car,302,Washington,M
DB71122,Doctor,351583,15144,90,0,Personal Auto,Four-Door Car,372,California,F
TM14491,Bachelor,1203662,44428,104,0,Personal Auto,SUV,499,California,M
OY94707,College,360979,58297,97,5,Special Auto,Four-Door Car,647,California,M
LN55080,Bachelor,1773246,42191,74,1,Special Auto,Two-Door Car,68,Oregon,F
TZ47750,Master,850985,26057,74,0,Personal Auto,Four-Door Car,523,Nevada,M
SJ74501,Bachelor,586642,26608,73,0,Personal Auto,Two-Door Car,234,Arizona,F
LE26899,Doctor,482550,0,63,0,Personal Auto,Four-Door Car,272,California,M
ML34366,College,538949,66429,136,0,Personal Auto,Luxury,57,California,M
EI45850,Bachelor,777800,25970,72,3,Personal Auto,Four-Door Car,430,California,F
LD75023,High School or Below,2634608,48268,223,0,Personal Auto,Luxury,1605,Oregon,M
JW12998,High School or Below,1486645,24279,126,0,Personal Auto,Luxury,604,California,F
LP47259,High School or Below,832423,0,121,0,Corporate Auto,Luxury,871,Arizona,M
XD21246,High School or Below,923830,0,128,0,Personal Auto,SUV,921,Oregon,F
DW59142,High School or Below,2269329,71879,64,0,Corporate Auto,Two-Door Car,9,Nevada,F
KX54900,Doctor,623601,57760,78,0,Special Auto,Four-Door Car,223,Arizona,M
XV83643,College,501218,20976,129,1,Personal Auto,Luxury,735,California,M
XY33610,College,1569553,97750,65,0,Personal Auto,Four-Door Car,303,Washington,M
GK48045,College,821460,73245,68,0,Personal Auto,Four-Door Car,305,Washington,F
ET79528,College,311898,23008,79,1,Personal Auto,Four-Door Car,80,California,M
RA66180,High School or Below,276403,33837,72,4,Corporate Auto,Two-Door Car,305,Washington,F
BC66536,High School or Below,688368,84869,85,0,Corporate Auto,Four-Door Car,408,Arizona,F
PN22481,College,221591,0,66,0,Corporate Auto,Two-Door Car,316,Oregon,M
XR95069,Bachelor,485474,29834,6464,0,Personal Auto,Four-Door Car,307,Washington,F
IF38438,High School or Below,2152294,44695,79,2,Personal Auto,Two-Door Car,81,Arizona,F
ZC62609,High School or Below,276169,0,77,0,Personal Auto,Four-Door Car,554,Oregon,F
FD64348,High School or Below,2256361,23046,65,3,Personal Auto,Two-Door Car,1,Oregon,M
TA58285,High School or Below,528591,0,73,0,Personal Auto,Two-Door Car,392,Oregon,M
WV66165,High School or Below,3506264,84811,111,0,Personal Auto,SUV,278,Oregon,F
YE27183,Bachelor,591319,0,91,0,Corporate Auto,Four-Door Car,436,Oregon,M
TI47802,Master,259339,0,69,0,Personal Auto,Two-Door Car,331,California,F
ZZ44902,High School or Below,1269267,40117,108,0,Personal Auto,Two-Door Car,750,Arizona,M
JD73594,Bachelor,330911,72140,87,2,Personal Auto,Four-Door Car,417,Oregon,M
VW82067,Master,518162,97131,6464,0,Personal Auto,Four-Door Car,307,Washington,F
JS55721,College,241393,12495,65,0,Personal Auto,Four-Door Car,312,California,M
ZB62469,High School or Below,216168,0,67,2,Corporate Auto,Two-Door Car,482,California,M
HZ74609,Bachelor,552798,0,72,0,Personal Auto,Four-Door Car,345,Oregon,F
TJ76363,Doctor,1062921,36495,133,1,Corporate Auto,SUV,229,Arizona,F
QZ58370,Bachelor,1182010,86801,98,0,Personal Auto,Four-Door Car,371,Nevada,F
RF44930,College,496463,52679,62,0,Personal Auto,Four-Door Car,117,California,M
VJ44100,Master,912292,90804,113,0,Personal Auto,Luxury,434,California,M
KN13494,Master,518162,97131,6464,0,Personal Auto,Four-Door Car,307,Washington,F
NL80137,College,346066,14262,90,0,Personal Auto,Four-Door Car,290,Oregon,F
NZ57065,Bachelor,287298,36844,73,0,Personal Auto,Four-Door Car,283,Oregon,M
NM42917,College,992787,58703,127,2,Personal Auto,SUV,227,Arizona,F
RR68322,High School or Below,348268,65162,86,0,Personal Auto,Four-Door Car,134,Nevada,M
OF78862,College,399172,54964,99,0,Personal Auto,Four-Door Car,525,Oregon,F
SC93784,Bachelor,551010,61401,69,0,Personal Auto,Four-Door Car,144,Oregon,M
CM59084,High School or Below,360093,25147,101,0,Corporate Auto,SUV,694,Oregon,F
QA41558,Master,541945,73536,67,0,Personal Auto,Two-Door Car,172,Oregon,F
SD62061,High School or Below,581063,24860,73,0,Personal Auto,Four-Door Car,350,Oregon,F
VP13613,Bachelor,394272,65404,99,0,Personal Auto,Four-Door Car,300,California,M
HF96939,High School or Below,312627,34510,81,0,Personal Auto,Four-Door Car,388,Oregon,M
DU18362,Bachelor,353000,0,108,0,Corporate Auto,Two-Door Car,777,California,M
UG34438,College,1099059,44552,137,0,Personal Auto,SUV,311,Washington,F
XQ19793,High School or Below,477294,20993,133,0,Personal Auto,SUV,638,Arizona,M
OB77084,Bachelor,220233,0,61,1,Personal Auto,Two-Door Car,292,Oregon,F
LK74984,High School or Below,245917,21190,65,2,Personal Auto,Four-Door Car,312,Washington,M
JE13986,College,1037388,62587,86,0,Personal Auto,Four-Door Car,412,Arizona,F
QR15221,High School or Below,258420,22562,65,0,Personal Auto,Two-Door Car,312,Washington,F
LD49835,High School or Below,430742,73345,107,0,Personal Auto,SUV,513,California,M
EK19337,High School or Below,304025,0,83,0,Personal Auto,Four-Door Car,989,Oregon,F
GD55093,Master,1916098,22705,239,0,Personal Auto,Luxury,1294,California,F
RX19151,Bachelor,817657,67137,111,5,Personal Auto,SUV,314,Washington,M
TJ30354,Bachelor,528530,22627,67,0,Personal Auto,Four-Door Car,321,Oregon,F
TA75663,Master,802499,38702,101,3,Personal Auto,SUV,253,California,F
WG15841,Bachelor,281046,26790,71,0,Personal Auto,Two-Door Car,340,California,M
LO68739,Bachelor,773955,64859,96,0,Personal Auto,Four-Door Car,266,Arizona,F
BE61743,Bachelor,410979,86657,103,0,Personal Auto,Luxury,316,Washington,M
EG56026,High School or Below,327516,69263,81,2,Personal Auto,Two-Door Car,494,Nevada,F
VF21395,Bachelor,265269,82655,66,0,Personal Auto,Two-Door Car,316,Oregon,M
SI11249,High School or Below,504822,29401,65,0,Personal Auto,Four-Door Car,312,California,F
PU95227,Bachelor,336241,22853,87,0,Personal Auto,Four-Door Car,316,Washington,M
VO87785,College,485842,26480,63,0,Personal Auto,Two-Door Car,378,Arizona,F
FS29897,High School or Below,214492,0,61,1,Personal Auto,Four-Door Car,292,Oregon,F
JG36165,Bachelor,604261,0,83,0,Personal Auto,Two-Door Car,904,California,M
SJ42058,High School or Below,338720,73268,84,0,Personal Auto,Four-Door Car,93,Oregon,F
CU13711,Doctor,1086427,95579,67,0,Personal Auto,Four-Door Car,308,Oregon,F
GT65065,Master,884265,42142,112,0,Personal Auto,Luxury,396,Oregon,F
LO77543,College,261661,72302,66,0,Special Auto,Two-Door Car,316,Washington,M
UQ85283,Bachelor,3076325,41279,115,0,Personal Auto,Luxury,251,California,M
QA49556,Master,520022,23401,66,0,Personal Auto,Four-Door Car,316,Washington,M
GE29173,Bachelor,859130,0,128,0,Corporate Auto,SUV,1448,Nevada,M
DF21541,College,264657,23170,71,0,Personal Auto,Four-Door Car,340,Arizona,F
JL59571,Bachelor,460724,17343,63,0,Corporate Auto,Two-Door Car,208,Oregon,F
DF94525,College,486062,25854,68,0,Personal Auto,Four-Door Car,396,Oregon,M
YO58424,College,258084,46900,66,0,Corporate Auto,Four-Door Car,316,Oregon,M
UF32671,College,529139,57338,66,0,Personal Auto,Four-Door Car,316,Washington,F
HO92982,High School or Below,840575,85355,71,2,Personal Auto,Two-Door Car,458,California,M
MZ24175,College,309651,21604,79,0,Personal Auto,Four-Door Car,379,Arizona,F
YD48962,High School or Below,2941228,0,107,0,Personal Auto,SUV,513,Arizona,M
RI52095,High School or Below,7714,51878,66,1,Personal Auto,Four-Door Car,316,Washington,M
MF18493,College,1749752,0,73,0,Personal Auto,Two-Door Car,350,California,M
EP61084,High School or Below,321860,68776,80,0,Personal Auto,Four-Door Car,87,Nevada,F
EN38348,High School or Below,2320726,45039,96,0,Personal Auto,Four-Door Car,192,Oregon,F
FG46258,College,692197,16483,90,0,Corporate Auto,Two-Door Car,320,Washington,F
LS98306,High School or Below,1391853,64113,117,0,Special Auto,Four-Door Car,561,Nevada,M
PZ47477,High School or Below,896630,41829,76,0,Personal Auto,Two-Door Car,416,Arizona,M
LT32391,Master,1198198,21514,62,0,Personal Auto,Two-Door Car,257,California,F
KK30016,Master,553262,27722,69,0,Personal Auto,Four-Door Car,331,Nevada,M
OA89218,College,1166057,21506,151,0,Personal Auto,Luxury,826,Nevada,F
CY47265,High School or Below,288645,10312,78,0,Personal Auto,Four-Door Car,486,Oregon,F
ZI47663,Bachelor,1274184,73054,106,1,Personal Auto,SUV,419,Arizona,F
GO14008,Bachelor,539809,73775,67,0,Personal Auto,Four-Door Car,321,Oregon,F
BC43958,High School or Below,728503,44788,61,0,Corporate Auto,Four-Door Car,386,California,M
AI61368,High School or Below,1765196,22510,95,0,Personal Auto,Four-Door Car,456,Nevada,F
UF37831,Master,1702989,54613,213,0,Personal Auto,Luxury,731,Arizona,M
PO90615,High School or Below,249125,25965,65,0,Personal Auto,Four-Door Car,329,Arizona,F
GY74661,College,403931,34911,105,1,Personal Auto,SUV,126,Oregon,F
MX50302,Bachelor,261933,78618,66,0,Special Auto,Two-Door Car,225,Oregon,M
TC84427,High School or Below,504968,61080,66,2,Personal Auto,Four-Door Car,294,Oregon,F
IQ82914,Master,498345,60415,62,0,Personal Auto,Two-Door Car,72,Oregon,F
TY74870,Master,253063,25143,66,0,Corporate Auto,Four-Door Car,8,California,F
II83628,College,739671,41045,64,1,Personal Auto,Four-Door Car,394,California,M
ZR77995,College,383289,97729,95,0,Personal Auto,Four-Door Car,97,California,M
QT89604,High School or Below,496140,55702,61,0,Personal Auto,Four-Door Car,151,Arizona,F
AB21519,College,386148,93272,95,0,Personal Auto,Four-Door Car,281,California,F
MP47256,Bachelor,2265853,23665,67,0,Personal Auto,Four-Door Car,404,California,M
MA47641,High School or Below,1040896,20228,101,1,Personal Auto,SUV,523,Oregon,M
GQ20713,College,483471,38713,66,4,Personal Auto,Four-Door Car,316,Nevada,F
WW87934,Bachelor,825766,23815,73,0,Personal Auto,Four-Door Car,424,Arizona,F
HF75276,High School or Below,305262,0,93,3,Personal Auto,Four-Door Car,446,Nevada,F
ET64028,High School or Below,401231,47221,99,0,Personal Auto,Two-Door Car,475,California,F
QA41472,Bachelor,1335548,34495,113,0,Personal Auto,SUV,389,Oregon,M
OZ92426,College,236443,46264,62,0,Corporate Auto,Four-Door Car,199,Oregon,M
UM69933,College,248933,46051,63,0,Personal Auto,Two-Door Car,302,Nevada,M
RQ11502,Bachelor,475572,23975,128,0,Corporate Auto,SUV,614,Nevada,F
TX98128,College,1386438,0,74,4,Personal Auto,Four-Door Car,580,California,F
XY52165,College,302042,78561,74,0,Personal Auto,Two-Door Car,355,Arizona,F
GB39003,High School or Below,628530,0,90,0,Personal Auto,Two-Door Car,432,California,M
VH43367,High School or Below,250602,61402,63,2,Special Auto,Four-Door Car,302,California,F
KG81168,Bachelor,282630,65090,71,0,Personal Auto,Four-Door Car,73,Arizona,M
WU14549,Master,436971,88495,108,0,Personal Auto,Two-Door Car,535,Nevada,M
XB17553,Bachelor,1217458,52797,104,1,Personal Auto,Luxury,88,Nevada,M
MY88518,Doctor,352804,31278,92,4,Personal Auto,Two-Door Car,441,Nevada,M
XE18554,Bachelor,1043657,24177,92,1,Personal Auto,Four-Door Car,441,California,F
NY97446,High School or Below,274612,96339,68,0,Corporate Auto,Four-Door Car,293,Oregon,F
VT96364,Bachelor,917517,68164,119,2,Personal Auto,Four-Door Car,222,California,M
HF88410,High School or Below,7714,36765,66,1,Personal Auto,Four-Door Car,320,Washington,F
DP92488,Doctor,272752,74592,67,0,Personal Auto,Two-Door Car,321,Washington,F
VC54081,College,944974,0,63,0,Special Auto,Four-Door Car,117,Oregon,F
CE94751,College,456881,0,70,1,Personal Auto,Two-Door Car,524,California,M
VM85856,Master,257402,34990,65,0,Personal Auto,Four-Door Car,42,Oregon,F
EH37385,Master,878988,22849,109,0,Personal Auto,Luxury,523,Arizona,F
FI45719,Doctor,250740,32893,63,0,Personal Auto,Four-Door Car,174,Arizona,M
SB79528,College,252241,0,73,0,Corporate Auto,Two-Door Car,350,Oregon,M
WH81461,College,754271,0,111,0,Personal Auto,SUV,1186,Nevada,M
UD47050,High School or Below,600521,26876,76,0,Corporate Auto,Four-Door Car,364,Oregon,M
XZ17273,Bachelor,2099825,71663,74,0,Corporate Auto,Four-Door Car,84,Nevada,M
XR97812,College,234508,0,69,0,Personal Auto,Four-Door Car,331,California,M
BW88060,High School or Below,878316,16994,112,0,Personal Auto,SUV,806,California,F
CP32818,Bachelor,452996,64270,117,0,Personal Auto,Luxury,46,Oregon,M
CM52565,High School or Below,603322,0,83,0,Corporate Auto,Four-Door Car,597,Nevada,F
YP40334,Doctor,530824,0,145,0,Personal Auto,SUV,358,Oregon,F
KD63998,College,267473,56342,69,0,Personal Auto,Four-Door Car,331,California,M
VC77127,High School or Below,492980,0,70,0,Personal Auto,Four-Door Car,837,California,F
AM30008,High School or Below,1413112,28327,185,0,Personal Auto,Luxury,888,California,M
PC83755,High School or Below,247152,95697,61,0,Personal Auto,Two-Door Car,114,Oregon,M
XS22323,High School or Below,600521,26876,76,0,Personal Auto,Four-Door Car,364,Arizona,M
ST27958,College,438627,10621,67,0,Personal Auto,Four-Door Car,321,Washington,M
BH23017,Bachelor,1911656,0,61,0,Personal Auto,Two-Door Car,657,Nevada,F
OD18225,College,663166,32918,84,0,Personal Auto,Four-Door Car,403,California,M
VE31507,High School or Below,743229,0,71,0,Personal Auto,Four-Door Car,447,Oregon,F
NR18672,High School or Below,292811,63127,74,1,Personal Auto,Two-Door Car,174,Nevada,M
DM76654,College,4661187,22022,136,0,Personal Auto,SUV,979,California,M
YY11432,High School or Below,1651500,51725,138,1,Personal Auto,SUV,159,Oregon,F
GK67747,College,438627,10621,67,0,Special Auto,Four-Door Car,321,Washington,M
XA75063,College,1021356,39719,131,0,Personal Auto,Luxury,628,Oregon,F
PQ13422,College,1004928,58194,84,0,Personal Auto,Four-Door Car,450,Nevada,M
NA89685,College,574614,61990,72,0,Personal Auto,Four-Door Car,48,Oregon,M
AL35726,College,374675,41479,94,1,Personal Auto,Two-Door Car,19,Oregon,F
WO70078,Bachelor,748606,97899,95,3,Personal Auto,Four-Door Car,3,Oregon,F
CA56041,College,912006,63878,113,0,Personal Auto,SUV,370,Nevada,F
HI41970,High School or Below,567804,68671,70,0,Special Auto,Two-Door Car,8,Oregon,F
AU46443,Bachelor,751708,0,102,0,Personal Auto,SUV,1178,Nevada,F
WC35554,College,453053,34640,117,2,Personal Auto,Luxury,466,Oregon,M
JR10216,Bachelor,269138,21959,71,0,Corporate Auto,Four-Door Car,340,California,F
OH11674,Bachelor,806862,51584,69,2,Corporate Auto,Two-Door Car,368,Arizona,F
US85318,Bachelor,247857,65744,62,0,Corporate Auto,Four-Door Car,166,Oregon,F
FS19862,Bachelor,911204,25198,118,0,Personal Auto,SUV,566,Arizona,F
ZP80713,Master,277244,79663,69,0,Personal Auto,Two-Door Car,263,Arizona,F
OK50159,Bachelor,430579,31071,111,2,Personal Auto,Luxury,215,Arizona,F
TP54769,Bachelor,510335,39452,131,0,Corporate Auto,SUV,398,California,F
FS49381,Bachelor,478496,25813,61,0,Personal Auto,Four-Door Car,205,Oregon,F
DQ79499,Doctor,1054110,59965,131,0,Personal Auto,SUV,905,Oregon,F
VH31965,Bachelor,528511,40783,67,1,Personal Auto,Four-Door Car,321,Washington,M
VO25602,College,761084,98701,94,0,Personal Auto,Four-Door Car,79,Nevada,F
EP93369,College,851052,0,121,0,Personal Auto,Luxury,871,Arizona,F
DQ45854,College,1617294,64388,68,0,Personal Auto,Four-Door Car,12,Oregon,F
QG15661,College,242549,66841,62,0,Personal Auto,Four-Door Car,123,Oregon,M
YA80645,High School or Below,289931,33738,74,1,Corporate Auto,Four-Door Car,304,Oregon,F
TW16499,Bachelor,363305,43334,95,2,Corporate Auto,Two-Door Car,614,California,M
UP97629,College,345715,0,91,0,Personal Auto,Four-Door Car,245,California,F
NU42684,College,339472,83431,84,0,Personal Auto,Four-Door Car,403,Nevada,F
EM85557,College,802106,54292,67,0,Personal Auto,Four-Door Car,321,Washington,F
BM69818,Bachelor,584152,0,79,0,Personal Auto,Four-Door Car,379,Oregon,M
HK15299,High School or Below,547985,38210,69,0,Personal Auto,Four-Door Car,383,California,M
NP88496,High School or Below,2045524,0,67,0,Personal Auto,Four-Door Car,482,Nevada,F
SB99002,Bachelor,831912,49734,69,0,Corporate Auto,Four-Door Car,154,Oregon,F
ZH42145,High School or Below,258286,50148,65,0,Corporate Auto,Four-Door Car,323,Washington,F
JG30837,College,416379,11689,117,0,Corporate Auto,SUV,561,Oregon,M
AC22873,High School or Below,485310,17120,125,0,Special Auto,SUV,717,Arizona,F
RO85831,High School or Below,753169,82157,188,0,Corporate Auto,Luxury,1353,Oregon,M
NN65845,Bachelor,258593,21603,68,2,Personal Auto,Four-Door Car,326,Washington,F
RZ27571,Bachelor,269596,25544,68,0,Personal Auto,Four-Door Car,326,Washington,F
GH31557,High School or Below,268458,98121,67,0,Personal Auto,Two-Door Car,383,California,M
MK73855,High School or Below,810936,32314,68,0,Personal Auto,Four-Door Car,326,Washington,F
IO27771,College,903665,89382,112,0,Corporate Auto,Four-Door Car,573,Oregon,F
HB99061,High School or Below,535218,97742,132,0,Corporate Auto,SUV,199,Arizona,F
HQ82089,High School or Below,1188096,0,114,0,Personal Auto,Four-Door Car,820,Arizona,F
JN72184,College,255709,0,73,0,Corporate Auto,Four-Door Car,525,Oregon,M
WQ46946,College,791482,77153,99,1,Personal Auto,Four-Door Car,355,California,F
WJ44028,Master,984008,94590,81,0,Personal Auto,Two-Door Car,388,California,M
WH77063,High School or Below,435155,74163,108,0,Personal Auto,Four-Door Car,518,Arizona,F
FI13966,High School or Below,2220782,40450,287,3,Personal Auto,Luxury,1377,Oregon,F
AQ46199,High School or Below,482525,0,71,0,Personal Auto,Two-Door Car,511,Oregon,M
WV69362,High School or Below,694783,0,99,0,Corporate Auto,Two-Door Car,475,Arizona,F
RJ90816,College,334480,33243,85,0,Personal Auto,Four-Door Car,24,California,F
NH19236,Master,235750,0,64,0,Personal Auto,Four-Door Car,199,Arizona,M
VW88911,High School or Below,3594471,0,114,0,Corporate Auto,Four-Door Car,820,Oregon,M
NV14535,High School or Below,1040896,20228,101,1,Personal Auto,SUV,523,Nevada,M
BM66931,High School or Below,404816,92801,100,0,Personal Auto,SUV,407,Arizona,F
JW24035,College,685200,0,69,1,Personal Auto,Four-Door Car,406,Oregon,M
PG82270,College,290302,36845,74,0,Personal Auto,Four-Door Car,355,California,M
RW65101,College,1803911,0,63,0,Personal Auto,Four-Door Car,503,California,F
QO79771,Master,324204,72330,81,2,Personal Auto,Four-Door Car,126,California,F
EC44438,Bachelor,246762,19352,65,0,Personal Auto,Four-Door Car,724,Nevada,F
MW54213,College,567438,0,62,5,Personal Auto,Four-Door Car,297,Arizona,M
ZN33412,College,863435,25073,79,0,Personal Auto,Four-Door Car,379,Arizona,F
HZ56678,High School or Below,278019,20261,72,0,Personal Auto,Four-Door Car,345,Oregon,F
AN36757,Master,2205600,66851,92,2,Personal Auto,Four-Door Car,408,Oregon,M
NB54665,High School or Below,251459,43860,65,0,Corporate Auto,Four-Door Car,156,Arizona,F
MG99229,College,588622,0,180,0,Corporate Auto,Luxury,1777,Oregon,M
MX76292,Doctor,770603,48019,64,0,Corporate Auto,Four-Door Car,137,California,F
EJ90880,College,279045,28786,71,1,Personal Auto,Four-Door Car,345,California,M
WO95180,High School or Below,239703,22283,65,0,Corporate Auto,Four-Door Car,572,California,F
BU53191,Bachelor,883432,34133,111,0,Personal Auto,SUV,226,Arizona,F
ZK54897,Master,1443567,60880,119,0,Personal Auto,Two-Door Car,109,Arizona,M
PP48389,Bachelor,687196,0,196,2,Personal Auto,Luxury,940,California,F
XD29421,High School or Below,1536235,48115,192,0,Personal Auto,Luxury,1382,Oregon,M
OP26403,College,483479,32017,62,2,Personal Auto,Four-Door Car,297,California,F
XK15687,High School or Below,1089930,58518,136,0,Personal Auto,SUV,323,Oregon,F
ED29955,Bachelor,528404,61542,67,0,Personal Auto,Four-Door Car,321,California,M
QT84720,Bachelor,289172,56761,73,1,Corporate Auto,Two-Door Car,85,Oregon,F
ZH35315,College,490054,22976,66,0,Personal Auto,Four-Door Car,345,California,M
EE76374,High School or Below,2084259,0,72,0,Personal Auto,Four-Door Car,709,Nevada,F
SH51981,College,524605,70301,67,0,Personal Auto,Four-Door Car,328,Washington,M
BS13111,Bachelor,663083,0,66,0,Personal Auto,Four-Door Car,315,Arizona,M
JP12645,Bachelor,1203662,44428,104,0,Personal Auto,SUV,499,Arizona,M
ZF28570,Bachelor,389503,52361,102,0,Personal Auto,Four-Door Car,645,Nevada,M
UU93074,College,1170106,32435,297,0,Personal Auto,Luxury,1767,California,M
SZ60450,High School or Below,341910,40272,86,0,Personal Auto,Two-Door Car,23,California,M
HL63895,Master,730277,30492,61,0,Personal Auto,Four-Door Car,171,Arizona,M
UD27196,High School or Below,1968540,51524,244,0,Personal Auto,Luxury,1171,Arizona,M
OU53351,College,248606,36635,63,0,Corporate Auto,Four-Door Car,302,Arizona,M
SX50964,Bachelor,522432,83389,65,0,Corporate Auto,Two-Door Car,209,Arizona,F
RP30093,Bachelor,4922143,63035,153,0,Personal Auto,SUV,734,Oregon,F
BK73302,Bachelor,316788,61638,82,2,Corporate Auto,Four-Door Car,544,California,M
CS93971,College,780531,21073,106,1,Personal Auto,SUV,508,Arizona,F
RG13940,College,1319792,0,68,3,Personal Auto,Four-Door Car,326,California,F
ZG94155,Bachelor,623430,0,82,0,Personal Auto,Two-Door Car,192,Oregon,M
QN15356,College,753960,0,74,0,Personal Auto,Four-Door Car,532,Arizona,M
MZ16820,High School or Below,815793,86811,102,0,Corporate Auto,Four-Door Car,489,Nevada,M
DO98345,High School or Below,1315674,72517,82,0,Personal Auto,Two-Door Car,371,Oregon,M
PA48777,High School or Below,249125,25965,5353,0,Personal Auto,Four-Door Car,329,Washington,F
UK76814,Doctor,533938,84424,66,0,Personal Auto,Four-Door Car,231,Oregon,F
SR30440,College,864917,43383,109,0,Personal Auto,SUV,757,California,F
XE66367,High School or Below,751913,96306,95,1,Special Auto,Four-Door Car,185,Oregon,M
SZ70655,College,429300,0,61,0,Corporate Auto,Two-Door Car,292,California,F
UV54502,High School or Below,253774,0,69,0,Personal Auto,Four-Door Car,331,Washington,F
DK98861,College,1316033,94125,109,0,Personal Auto,SUV,341,Arizona,F
JX14364,College,1323554,39778,112,0,Personal Auto,SUV,806,Oregon,M
LI85491,High School or Below,374457,0,101,0,Personal Auto,SUV,727,Oregon,F
JY87538,College,2848607,91871,102,0,Personal Auto,SUV,346,Oregon,F
VE55982,Bachelor,264468,54000,66,0,Corporate Auto,Two-Door Car,373,Nevada,M
WK99918,Doctor,507328,57709,125,0,Personal Auto,SUV,600,Oregon,M
XP16538,High School or Below,427258,81132,107,0,Corporate Auto,SUV,419,Arizona,F
HW42900,College,1100301,22926,93,0,Corporate Auto,Four-Door Car,479,California,M
JG84729,College,1418164,0,72,2,Personal Auto,Four-Door Car,345,Arizona,F
XH85336,Bachelor,554803,67798,69,0,Personal Auto,Four-Door Car,331,Washington,M
ND29059,Bachelor,1107768,78011,138,0,Personal Auto,SUV,619,Oregon,M
HC76653,College,243568,32931,62,0,Personal Auto,Four-Door Car,297,Oregon,M
SG73822,Bachelor,874385,99517,109,0,Personal Auto,Four-Door Car,239,California,F
CB44654,Bachelor,240976,59665,62,1,Personal Auto,Two-Door Car,167,Arizona,M
MP53505,High School or Below,550001,86073,136,0,Corporate Auto,Luxury,333,Washington,F
YJ43481,High School or Below,852828,91099,107,0,Corporate Auto,SUV,406,Arizona,F
TP15362,College,359199,28013,91,0,Personal Auto,Four-Door Car,655,Oregon,M
YX90754,High School or Below,853982,55478,71,0,Personal Auto,Two-Door Car,339,Nevada,F
TQ32702,College,699091,22568,88,0,Corporate Auto,Four-Door Car,422,Nevada,F
TS50305,High School or Below,397938,0,112,0,Personal Auto,SUV,806,California,F
BY22068,High School or Below,2395037,39335,201,0,Corporate Auto,Luxury,964,Arizona,M
TJ48439,College,232105,0,66,0,Personal Auto,Two-Door Car,508,Oregon,F
TE61015,College,508702,0,72,0,Personal Auto,Four-Door Car,345,Oregon,M
RD89159,College,436293,58842,110,0,Personal Auto,Four-Door Car,528,Oregon,M
VW86720,Bachelor,745746,0,69,0,Personal Auto,Four-Door Car,678,Oregon,F
UM76485,College,702775,0,102,0,Personal Auto,SUV,489,Oregon,M
LS62045,Bachelor,283168,70037,70,0,Personal Auto,Four-Door Car,409,Oregon,F
ZG84862,High School or Below,421785,0,62,0,Personal Auto,Two-Door Car,446,Nevada,M
CD76093,College,759629,59847,192,0,Corporate Auto,Luxury,921,Nevada,M
FO99259,Bachelor,836567,26630,118,0,Personal Auto,Four-Door Car,581,California,M
KN87338,High School or Below,272639,48039,68,0,Personal Auto,Four-Door Car,11,Oregon,F
LT89398,High School or Below,342045,0,92,0,Personal Auto,Four-Door Car,441,California,M
NZ19529,High School or Below,483910,0,137,0,Personal Auto,SUV,1227,Arizona,M
PR41853,Bachelor,435855,0,118,0,Corporate Auto,Luxury,101,Arizona,F
ZF40671,Master,1242739,15818,107,0,Personal Auto,Two-Door Car,333,Washington,F
XR84971,Doctor,2351585,36537,85,0,Personal Auto,Four-Door Car,165,Oregon,F
BP83941,Master,839632,0,115,1,Personal Auto,SUV,552,Arizona,F
PY80449,High School or Below,517097,53603,132,1,Personal Auto,Luxury,697,Arizona,M
ET22260,Doctor,558530,0,80,0,Corporate Auto,Four-Door Car,6,Nevada,M
OF47250,Doctor,863949,92374,107,1,Personal Auto,SUV,220,California,F
WB58031,High School or Below,528183,39658,66,0,Corporate Auto,Four-Door Car,316,California,M
UV80201,Bachelor,838525,0,116,0,Personal Auto,Luxury,556,Oregon,F
PY10605,Bachelor,463310,0,70,0,Personal Auto,Two-Door Car,336,Arizona,M
JI82682,High School or Below,248039,0,65,0,Personal Auto,Four-Door Car,328,California,F
BU14748,High School or Below,361868,50755,91,0,Personal Auto,Two-Door Car,436,Arizona,M
QK18099,College,537584,69050,67,0,Personal Auto,Four-Door Car,334,Washington,F
LD26428,Bachelor,489329,0,73,0,Corporate Auto,Four-Door Car,680,Oregon,M
MY43761,High School or Below,1073768,50607,137,0,Personal Auto,SUV,657,California,M
WQ89892,College,260781,0,70,1,Special Auto,Two-Door Car,336,Washington,F
GY55415,Bachelor,1572525,0,149,0,Corporate Auto,SUV,1072,Nevada,F
IB42395,College,955341,0,146,0,Corporate Auto,SUV,1051,Nevada,M
ZU74482,College,750745,60920,64,0,Personal Auto,Two-Door Car,231,Oregon,M
NL74789,Bachelor,732492,0,105,0,Special Auto,Two-Door Car,504,California,F
YU86594,High School or Below,533303,55674,66,0,Personal Auto,Four-Door Car,81,Oregon,M
QN37451,College,1276723,0,189,0,Corporate Auto,Luxury,2201,California,M
GD83998,Bachelor,265933,24495,70,0,Personal Auto,Four-Door Car,336,Washington,M
IL83479,College,348363,42983,86,0,Personal Auto,Four-Door Car,412,Oregon,F
EF87528,College,463654,26802,66,1,Special Auto,Two-Door Car,316,Arizona,M
IV74747,Doctor,1753003,0,97,0,Corporate Auto,Four-Door Car,469,California,M
JZ81608,High School or Below,697871,53808,88,0,Personal Auto,Four-Door Car,189,Oregon,M
EO40136,College,291224,93403,73,0,Personal Auto,Four-Door Car,295,Arizona,F
ZR40902,Bachelor,420927,26435,111,1,Corporate Auto,Four-Door Car,1012,Oregon,F
PO89542,Bachelor,500980,0,68,0,Personal Auto,Four-Door Car,326,Oregon,F
FX57380,Bachelor,521751,39854,66,0,Personal Auto,Two-Door Car,261,California,F
NM22175,College,1149033,0,161,0,Personal Auto,SUV,1052,Oregon,M
BC97773,Master,286454,91368,71,0,Personal Auto,Four-Door Car,395,Nevada,F
MN34012,Bachelor,840391,0,115,0,Personal Auto,SUV,552,Arizona,M
KY29506,College,2039596,92850,104,1,Personal Auto,Four-Door Car,499,California,F
VU84949,Bachelor,529263,0,70,0,Personal Auto,Two-Door Car,336,Washington,F
HC20975,Bachelor,1672777,30915,72,2,Personal Auto,Four-Door Car,345,Arizona,M
IF87079,Master,580112,48927,72,0,Personal Auto,Four-Door Car,139,Arizona,F
EP18940,Bachelor,947297,0,86,0,Personal Auto,Four-Door Car,412,Oregon,F
SB44003,College,1048491,61108,89,0,Personal Auto,Four-Door Car,49,Arizona,F
MK15785,Master,438731,48015,110,0,Corporate Auto,Luxury,528,Nevada,M
VP89545,College,452288,0,61,0,Personal Auto,Four-Door Car,292,Arizona,M
HJ58678,College,541815,57587,68,0,Personal Auto,Four-Door Car,257,Nevada,F
MW80236,Master,7714,0,70,0,Personal Auto,Four-Door Car,336,Washington,M
IA52178,College,1578529,81119,196,0,Corporate Auto,SUV,940,Arizona,F
WC42895,Bachelor,2211039,65724,70,0,Personal Auto,Four-Door Car,14,California,F
JP41935,High School or Below,1359619,20128,70,2,Personal Auto,Four-Door Car,336,Washington,M
YM77369,High School or Below,475612,56146,119,0,Corporate Auto,Four-Door Car,401,Oregon,M
WV15213,Bachelor,244705,84658,62,0,Personal Auto,Four-Door Car,44,California,M
GX37592,College,567592,33257,72,1,Personal Auto,Four-Door Car,345,Nevada,F
VM34210,College,739903,0,101,0,Personal Auto,SUV,337,Washington,F
YJ59924,College,730843,31115,92,0,Personal Auto,Four-Door Car,441,Oregon,M
OO35641,College,3287174,78487,117,0,Personal Auto,SUV,448,Oregon,F
EU54076,Bachelor,522892,92472,65,0,Corporate Auto,Four-Door Car,240,Oregon,M
QH56750,High School or Below,2070086,0,64,0,Personal Auto,Four-Door Car,460,Arizona,M
PQ27923,Master,633303,71737,79,0,Personal Auto,Two-Door Car,338,Washington,M
ES16126,College,433038,60475,107,0,Personal Auto,Four-Door Car,513,California,M
PG42834,Bachelor,629273,26577,79,0,Personal Auto,Four-Door Car,73,Arizona,F
OY44814,High School or Below,491788,0,71,0,Personal Auto,Two-Door Car,511,Arizona,M
JI97190,High School or Below,516581,43461,64,0,Personal Auto,Two-Door Car,307,California,M
ZK61113,High School or Below,629159,0,94,0,Personal Auto,Two-Door Car,676,Oregon,M
MU88116,Master,458267,69085,113,0,Corporate Auto,Luxury,472,Oregon,F
TP61305,High School or Below,606244,0,84,0,Personal Auto,Four-Door Car,604,California,M
ZY20779,High School or Below,497907,0,71,0,Personal Auto,Two-Door Car,340,Washington,M
KP65334,College,583056,0,77,0,Corporate Auto,Four-Door Car,783,California,F
OH15677,High School or Below,374257,0,110,1,Personal Auto,Luxury,1272,California,M
HB53755,High School or Below,384959,0,106,0,Personal Auto,Luxury,763,Oregon,F
UF77079,High School or Below,1526581,58361,95,0,Personal Auto,Four-Door Car,43,Arizona,F
TD20252,College,531780,74092,67,0,Personal Auto,Four-Door Car,321,Arizona,M
TH68362,College,237480,0,64,0,Corporate Auto,Four-Door Car,380,California,F
TO34442,College,553286,59768,71,1,Personal Auto,Four-Door Car,340,Washington,M
MP96373,Master,571978,54585,7575,1,Personal Auto,Two-Door Car,340,Washington,M
CV72453,High School or Below,451220,0,125,0,Corporate Auto,SUV,900,Oregon,F
OY92520,Bachelor,726480,12075,94,0,Personal Auto,Four-Door Car,451,California,F
UY95530,College,865886,62464,109,0,Personal Auto,Luxury,400,California,M
FB84235,College,549894,22520,73,0,Personal Auto,Four-Door Car,350,Oregon,M
MJ14480,High School or Below,559938,35012,72,0,Personal Auto,Four-Door Car,345,Arizona,F
KW81128,College,1522819,95140,126,0,Personal Auto,Luxury,45,Arizona,F
DQ98402,High School or Below,364483,82477,90,0,Corporate Auto,Two-Door Car,432,Nevada,F
WN53966,Master,369344,85871,92,1,Personal Auto,Four-Door Car,112,California,M
QK69627,High School or Below,938816,75264,78,0,Personal Auto,Four-Door Car,343,Washington,F
QC55306,High School or Below,3116269,83170,97,0,Personal Auto,Four-Door Car,344,Washington,M
WV79842,High School or Below,928373,24314,235,0,Personal Auto,Luxury,1128,California,M
DF40318,Master,255122,79751,63,0,Corporate Auto,Two-Door Car,392,Oregon,M
TN90661,High School or Below,581191,83318,72,0,Corporate Auto,Four-Door Car,345,Nevada,M
ZU88029,Master,406467,26161,109,0,Personal Auto,Luxury,594,Oregon,F
TQ88221,Bachelor,284144,30473,72,0,Corporate Auto,Four-Door Car,450,California,F
KH34667,College,683213,50472,87,0,Corporate Auto,Four-Door Car,281,Nevada,M
HW54198,Master,520197,94186,64,0,Personal Auto,Four-Door Car,135,Nevada,M
GZ79662,High School or Below,548458,47611,69,0,Corporate Auto,Four-Door Car,593,Arizona,M
YA11342,High School or Below,767268,0,103,0,Personal Auto,Four-Door Car,518,California,M
ZW18871,High School or Below,827248,91245,69,0,Corporate Auto,Four-Door Car,19,Oregon,M
QZ17137,High School or Below,333067,45944,83,0,Personal Auto,Two-Door Car,182,Arizona,F
UV53712,College,556245,59649,69,1,Personal Auto,Four-Door Car,167,California,F
SJ43436,Bachelor,245273,52785,61,0,Corporate Auto,Two-Door Car,45,Oregon,F
VW46878,High School or Below,792028,59648,66,0,Personal Auto,Four-Door Car,316,Oregon,F
TW91179,College,386148,93272,95,0,Corporate Auto,Four-Door Car,281,Oregon,F
LG19551,Bachelor,576478,22134,72,0,Corporate Auto,Four-Door Car,445,Arizona,M
AI49712,High School or Below,259389,0,72,0,Personal Auto,Four-Door Car,345,Washington,F
WN14473,Master,288235,87798,71,0,Personal Auto,Two-Door Car,204,Arizona,M
WH62198,Bachelor,221318,0,63,0,Personal Auto,Four-Door Car,305,California,M
SP85148,Master,942962,43811,117,0,Personal Auto,Luxury,571,California,F
FB49203,College,623925,0,91,0,Corporate Auto,Two-Door Car,655,California,F
FF94341,Bachelor,766880,92456,95,0,Special Auto,Four-Door Car,456,Nevada,F
TS42594,High School or Below,1377097,59207,116,0,Personal Auto,Four-Door Car,556,California,F
IL43607,High School or Below,274284,64519,69,1,Corporate Auto,Four-Door Car,331,California,F
FL85008,High School or Below,1346692,11432,119,0,Personal Auto,SUV,571,Oregon,F
AN47199,College,885835,0,80,0,Personal Auto,Two-Door Car,81,Nevada,F
SV28347,High School or Below,848533,32607,111,1,Corporate Auto,SUV,532,California,M
IC78105,High School or Below,774464,26444,196,0,Personal Auto,Luxury,940,Arizona,F
RB28630,High School or Below,589490,39381,74,1,Personal Auto,Four-Door Car,355,Oregon,F
KA32645,College,577068,0,83,0,Personal Auto,Four-Door Car,946,Nevada,M
QD73891,High School or Below,526111,90217,66,1,Personal Auto,Four-Door Car,316,Oregon,M
LM58949,High School or Below,240353,24248,70,3,Personal Auto,Four-Door Car,336,Oregon,M
YG40323,Bachelor,912460,99368,113,0,Personal Auto,Four-Door Car,82,Arizona,M
EP82214,High School or Below,2618080,68189,82,1,Special Auto,Four-Door Car,343,Arizona,F
EO91797,Master,1564125,32370,130,0,Corporate Auto,SUV,487,Nevada,F
RU50098,Master,257402,34990,65,0,Personal Auto,Four-Door Car,42,Arizona,F
QW10541,High School or Below,531983,25714,67,0,Personal Auto,Two-Door Car,321,California,F
SB50826,College,749600,61091,95,0,Personal Auto,Two-Door Car,409,Oregon,M
XX29952,College,1217458,88184,104,3,Personal Auto,Four-Door Car,240,Arizona,M
AT93647,College,260557,60252,65,0,Personal Auto,Four-Door Car,182,California,F
QP56563,College,270720,80985,67,0,Personal Auto,Four-Door Car,124,Oregon,M
UF88986,College,279490,39783,72,0,Personal Auto,Two-Door Car,345,Washington,F
TY43440,High School or Below,881901,99845,110,1,Personal Auto,SUV,528,California,M
NJ15094,Bachelor,534599,0,72,0,Personal Auto,Four-Door Car,345,Washington,F
MM45334,College,816951,40803,71,3,Personal Auto,Four-Door Car,122,Oregon,F
KH93988,College,770888,71134,98,3,Personal Auto,Two-Door Car,196,Oregon,F
RY38931,Bachelor,552821,36088,72,0,Personal Auto,Four-Door Car,345,Arizona,M
CV48634,College,1212844,29431,103,0,Personal Auto,SUV,237,Nevada,M
TN76120,Bachelor,552821,36088,72,0,Personal Auto,Four-Door Car,345,Washington,M
ZS96174,College,679684,17937,65,0,Personal Auto,Two-Door Car,312,Oregon,M
MI62456,Bachelor,286731,23376,78,0,Personal Auto,Four-Door Car,374,Arizona,F
DD44177,Doctor,239557,21986,63,0,Personal Auto,Two-Door Car,333,California,F
NX31380,Bachelor,709416,23032,89,0,Corporate Auto,Four-Door Car,427,Arizona,F
KQ43374,College,412809,32114,104,0,Corporate Auto,SUV,445,Oregon,F
XA54112,Bachelor,404693,13330,117,0,Corporate Auto,SUV,561,California,M
QB14087,College,486928,44934,61,0,Personal Auto,Four-Door Car,357,California,F
FV42881,College,290215,96137,73,2,Corporate Auto,Two-Door Car,67,Oregon,F
AV76907,College,428294,40864,109,1,Personal Auto,SUV,166,Oregon,F
VM85555,College,775012,22668,67,1,Personal Auto,Four-Door Car,33,California,F
ZU88113,College,662717,90751,82,1,Personal Auto,Two-Door Car,315,Oregon,M
SZ75668,College,747460,44186,64,2,Personal Auto,Four-Door Car,295,Oregon,M
MZ65087,College,556129,92678,70,0,Personal Auto,Four-Door Car,34,Oregon,M
EL61402,Bachelor,609846,74257,76,0,Personal Auto,Four-Door Car,214,Arizona,F
CJ31839,Bachelor,285952,99981,71,0,Special Auto,Four-Door Car,204,California,M
XM11175,College,599442,0,91,0,Personal Auto,Four-Door Car,655,Arizona,M
LF41085,College,563524,19591,74,0,Personal Auto,Two-Door Car,95,Arizona,F
MB19556,College,506720,29095,127,0,Personal Auto,SUV,664,California,F
HC74532,Bachelor,226328,0,62,0,Corporate Auto,Four-Door Car,389,Oregon,F
SB66770,Master,1443567,60880,119,0,Corporate Auto,Two-Door Car,109,Arizona,M
JI25066,Bachelor,492839,61785,61,0,Personal Auto,Two-Door Car,271,Arizona,F
PY98958,Bachelor,1203662,44428,104,0,Special Auto,SUV,499,Oregon,M
RA65645,High School or Below,856476,95697,107,0,Personal Auto,Luxury,178,California,M
FQ79356,Bachelor,236188,18064,63,2,Personal Auto,Four-Door Car,182,California,F
TM25808,High School or Below,556569,74720,70,0,Personal Auto,Two-Door Car,200,California,M
XO46388,Bachelor,514680,22594,67,0,Personal Auto,Four-Door Car,321,California,F
LB81265,Bachelor,293808,40987,73,0,Personal Auto,Four-Door Car,329,Arizona,F
JR38787,High School or Below,1443274,24561,126,0,Personal Auto,SUV,853,Nevada,M
KZ22690,College,1302741,76456,83,1,Personal Auto,Four-Door Car,42,California,F
NY49598,College,245198,65828,62,0,Personal Auto,Four-Door Car,297,California,M
KY39767,College,466198,0,68,1,Personal Auto,Four-Door Car,489,Oregon,F
YU35386,Bachelor,560001,63621,70,0,Personal Auto,Four-Door Car,444,Arizona,F
TF82172,College,401613,10074,107,0,Corporate Auto,SUV,108,Arizona,M
ER40041,College,2219580,78965,183,0,Personal Auto,Luxury,145,Oregon,F
MS39869,College,734335,0,68,0,Personal Auto,Four-Door Car,479,Nevada,F
PV77906,Bachelor,480451,23604,64,0,Corporate Auto,Two-Door Car,460,Arizona,M
QF21045,College,273553,99205,68,0,Personal Auto,Two-Door Car,323,Oregon,F
HF65914,College,694097,0,92,0,Personal Auto,Two-Door Car,441,Arizona,M
AJ58038,Bachelor,239621,0,66,2,Corporate Auto,Four-Door Car,433,California,F
ZR88383,College,538089,55350,67,0,Personal Auto,Four-Door Car,321,Nevada,F
OT49339,College,843281,21052,111,0,Corporate Auto,SUV,453,Oregon,M
FI74985,High School or Below,755650,0,69,0,Personal Auto,Four-Door Car,496,Oregon,F
JW15301,High School or Below,778743,24664,69,0,Corporate Auto,Four-Door Car,496,Arizona,M
PY20159,College,478781,45225,124,0,Corporate Auto,Luxury,209,Nevada,M
NC42524,College,970764,30430,86,0,Special Auto,Four-Door Car,425,California,M
ZG19911,Bachelor,255222,35149,64,0,Personal Auto,Two-Door Car,120,California,F
DI89983,Bachelor,522342,16513,71,0,Personal Auto,Four-Door Car,340,California,M
IG56214,High School or Below,501044,10892,66,0,Personal Auto,Four-Door Car,316,Nevada,M
CA86085,High School or Below,560831,67176,72,0,Personal Auto,Four-Door Car,345,Washington,M
UO95739,College,445793,54704,113,0,Personal Auto,SUV,468,Oregon,M
SB64873,Doctor,820078,25381,71,0,Personal Auto,Four-Door Car,340,Oregon,M
TE82896,High School or Below,274608,0,74,0,Personal Auto,Four-Door Car,355,Oregon,F
VY64199,Bachelor,1021577,18150,67,0,Corporate Auto,Four-Door Car,220,Oregon,F
IE82679,Bachelor,245357,29735,69,0,Personal Auto,Four-Door Car,331,California,M
SL70257,College,587295,77156,73,0,Personal Auto,Four-Door Car,445,Nevada,F
XJ85947,College,311892,88782,78,0,Personal Auto,Four-Door Car,357,Oregon,F
EF84269,College,556865,51489,139,0,Personal Auto,SUV,236,California,F
NY91328,Bachelor,902971,16972,125,0,Personal Auto,SUV,600,California,F
AT49447,Bachelor,759182,99359,95,0,Personal Auto,Two-Door Car,233,California,M
BM70908,College,225531,58289,62,4,Personal Auto,Two-Door Car,297,Arizona,M
GM63998,Doctor,3261369,45173,268,0,Personal Auto,Luxury,1286,Oregon,F
AR61426,Bachelor,944564,93246,78,0,Personal Auto,Two-Door Car,41,California,F
CB62406,High School or Below,680359,43758,171,0,Corporate Auto,SUV,1129,Arizona,M
WH82416,Bachelor,976621,75651,81,0,Personal Auto,Four-Door Car,375,Oregon,M
UI53874,Doctor,729484,0,67,0,Personal Auto,Four-Door Car,321,Arizona,F
LM44949,Doctor,568251,36938,70,0,Special Auto,Four-Door Car,244,Oregon,F
JR59597,Bachelor,633294,50843,82,0,Personal Auto,Two-Door Car,393,California,M
ZS22428,Bachelor,491657,21907,62,0,Personal Auto,Four-Door Car,2,California,F
AZ34845,Bachelor,479824,77846,119,0,Personal Auto,Luxury,342,California,F
XZ34917,Bachelor,564380,41043,72,0,Personal Auto,Four-Door Car,345,Washington,M
QU20310,High School or Below,924746,97030,76,0,Corporate Auto,Four-Door Car,416,Arizona,F
NQ42020,High School or Below,732292,80864,182,0,Personal Auto,Luxury,618,Oregon,M
ZF40143,College,827590,48197,106,0,Personal Auto,Four-Door Car,508,Nevada,F
GU65780,Doctor,563540,70837,73,4,Personal Auto,Four-Door Car,362,California,M
KY32675,High School or Below,1497028,85297,93,0,Special Auto,Two-Door Car,620,Arizona,M
ZX35838,Master,933633,70177,115,0,Personal Auto,Four-Door Car,225,Oregon,F
LU42720,College,4835696,52499,138,0,Personal Auto,SUV,1171,Nevada,M
FB25242,College,568691,63143,71,0,Corporate Auto,Four-Door Car,340,Oregon,M
RW51650,Bachelor,862283,97361,73,0,Personal Auto,Four-Door Car,350,Oregon,M
XX94684,High School or Below,507967,50052,130,0,Personal Auto,Luxury,624,Nevada,M
AH99727,Bachelor,562331,11612,71,0,Personal Auto,Four-Door Car,340,Arizona,F
NZ85858,High School or Below,527001,78115,65,0,Personal Auto,Four-Door Car,255,Arizona,F
JU19953,Master,862117,81947,71,0,Personal Auto,Two-Door Car,203,California,F
LC33025,College,791833,44698,211,4,Personal Auto,Luxury,1012,Oregon,M
BV86143,High School or Below,2103401,26876,66,0,Personal Auto,Four-Door Car,219,California,F
AY88788,College,1541768,69841,192,0,Personal Auto,Luxury,878,Oregon,F
OJ33945,High School or Below,869263,97768,72,0,Personal Auto,Two-Door Car,151,Oregon,F
LO84523,High School or Below,650314,0,187,0,Personal Auto,Luxury,1588,Oregon,M
HZ25580,High School or Below,239619,39062,61,0,Corporate Auto,Two-Door Car,346,Washington,F
AR96516,Bachelor,591495,50217,74,0,Personal Auto,Two-Door Car,355,Oregon,F
JP69864,Bachelor,224844,24910,63,1,Personal Auto,Four-Door Car,347,Washington,F
DL26809,College,682679,0,68,0,Personal Auto,Two-Door Car,489,Nevada,M
MV69686,Doctor,398218,38500,99,1,Corporate Auto,Four-Door Car,423,Oregon,F
SC95565,High School or Below,288777,62018,71,0,Personal Auto,Two-Door Car,293,Nevada,F
RL31641,College,225241,0,65,0,Personal Auto,Two-Door Car,468,Oregon,F
OH83248,Master,845853,57394,106,0,Personal Auto,Four-Door Car,316,California,M
DB28979,Bachelor,747831,23530,65,0,Corporate Auto,Two-Door Car,312,California,M
ZS32263,High School or Below,378864,48887,95,0,Personal Auto,Four-Door Car,456,California,F
IY59173,Master,522068,68867,129,0,Personal Auto,SUV,619,Oregon,F
KL17620,College,713029,12062,63,0,Corporate Auto,Four-Door Car,302,California,F
CP28581,College,851359,59230,107,0,Personal Auto,SUV,245,Arizona,M
QR15592,Bachelor,566013,59586,72,0,Personal Auto,Four-Door Car,91,Arizona,F
RI85578,Bachelor,263814,79699,65,0,Personal Auto,Two-Door Car,348,Washington,F
TG68823,Bachelor,531889,25134,67,0,Personal Auto,Four-Door Car,321,Arizona,F
WO78310,College,416016,0,61,0,Personal Auto,Four-Door Car,292,Oregon,F
SC78905,College,223734,0,61,0,Personal Auto,Four-Door Car,292,Oregon,F
EL88957,College,346012,0,100,1,Personal Auto,SUV,720,California,M
SS54050,Bachelor,1600550,44901,70,2,Personal Auto,Four-Door Car,460,California,M
ZV99487,Bachelor,698660,0,93,0,Personal Auto,Four-Door Car,149,Arizona,F
XI51746,Bachelor,882696,28463,113,2,Personal Auto,SUV,324,Oregon,F
KG85675,Bachelor,472686,13037,124,0,Personal Auto,SUV,839,Nevada,F
KK64803,High School or Below,2744347,82320,99,1,Personal Auto,Four-Door Car,475,California,M
OM80593,Bachelor,724731,0,104,0,Personal Auto,SUV,499,California,F
RL59810,College,513785,78460,64,0,Personal Auto,Four-Door Car,203,Oregon,F
QQ53360,College,273905,0,92,4,Personal Auto,Two-Door Car,657,Nevada,M
WR76339,College,509279,46922,64,0,Corporate Auto,Two-Door Car,403,California,M
BA40043,College,579982,60689,74,0,Corporate Auto,Four-Door Car,5,California,M
MK52197,Master,550706,0,71,0,Personal Auto,Four-Door Car,340,Nevada,F
SV48204,College,1048491,61108,89,0,Personal Auto,Four-Door Car,49,Oregon,F
RJ79502,Bachelor,850128,98003,107,0,Personal Auto,SUV,449,Arizona,M
LY14355,High School or Below,293598,73847,73,1,Personal Auto,Two-Door Car,350,Washington,F
NL32558,High School or Below,650339,22081,84,0,Personal Auto,Two-Door Car,451,Arizona,F
CP92616,High School or Below,4680522,83006,235,1,Personal Auto,Luxury,1065,Nevada,M
BP28492,College,483471,38713,66,4,Corporate Auto,Four-Door Car,316,Arizona,F
MX28412,College,257532,28700,68,3,Personal Auto,Four-Door Car,326,Oregon,F
DT99586,Master,3711165,61552,115,0,Personal Auto,SUV,12,California,F
IC41932,College,437119,56718,113,1,Personal Auto,SUV,542,Nevada,M
DA35744,Doctor,1679633,66776,71,0,Corporate Auto,Four-Door Car,131,Oregon,M
GU96042,High School or Below,798850,58268,67,0,Corporate Auto,Two-Door Car,228,California,M
UW98698,College,226984,0,68,0,Personal Auto,Four-Door Car,542,California,M
SF32458,Doctor,499147,12608,66,1,Personal Auto,Four-Door Car,214,California,M
OM85313,Master,292193,63499,73,0,Personal Auto,Four-Door Car,278,California,M
MH81246,High School or Below,761319,36247,96,0,Corporate Auto,Four-Door Car,329,Oregon,M
OH99089,Master,582740,30228,73,0,Personal Auto,Four-Door Car,163,California,F
TG57800,College,260064,0,74,0,Personal Auto,Two-Door Car,501,Oregon,F
GX19342,High School or Below,849146,0,116,0,Personal Auto,Four-Door Car,1193,California,F
XE39286,Bachelor,977873,99364,121,0,Personal Auto,Luxury,580,Arizona,F
JA93297,Bachelor,2265853,23665,67,0,Personal Auto,Four-Door Car,404,California,M
II37789,College,1000402,0,94,0,Corporate Auto,Four-Door Car,807,Arizona,F
IC32996,High School or Below,487277,69247,61,1,Corporate Auto,Two-Door Car,226,Oregon,M
LO67195,College,744481,56047,92,0,Corporate Auto,Four-Door Car,82,Arizona,F
PG93638,College,576111,28919,73,0,Personal Auto,Two-Door Car,207,Oregon,M
OZ41737,Doctor,536677,0,70,0,Personal Auto,Four-Door Car,223,Oregon,F
OY66019,College,625947,0,83,0,Personal Auto,Four-Door Car,254,Oregon,F
CH73843,High School or Below,762358,69900,64,0,Personal Auto,Two-Door Car,33,Arizona,M
XT93203,High School or Below,1096395,55687,276,0,Personal Auto,Luxury,1324,California,M
OR85652,Bachelor,742784,78294,92,0,Personal Auto,Four-Door Car,181,Oregon,F
LR10110,Bachelor,550413,0,73,0,Corporate Auto,Four-Door Car,350,Washington,F
XK11432,Bachelor,466512,0,62,0,Personal Auto,Two-Door Car,297,Arizona,M
OX24868,High School or Below,602184,0,168,0,Personal Auto,SUV,1476,California,F
EZ74530,High School or Below,307410,0,104,3,Personal Auto,Luxury,748,Nevada,M
HP46467,College,495308,21385,127,0,Corporate Auto,SUV,609,Oregon,F
KP54476,Master,778048,87128,97,0,Personal Auto,Two-Door Car,495,California,M
AI47152,College,799277,35434,66,0,Personal Auto,Four-Door Car,297,Nevada,F
BU15334,Master,417068,29462,107,1,Corporate Auto,SUV,513,California,F
GD59796,College,2322823,53243,102,3,Personal Auto,Four-Door Car,489,Nevada,F
OX59701,High School or Below,544581,21006,139,1,Personal Auto,SUV,667,California,M
OD63728,College,455849,0,65,0,Personal Auto,Two-Door Car,312,California,F
JC38573,Bachelor,552821,36088,72,0,Corporate Auto,Four-Door Car,345,Oregon,M
RC11491,College,1039066,28948,131,0,Corporate Auto,SUV,295,Oregon,F
RZ24101,College,714254,24417,185,0,Personal Auto,SUV,888,Nevada,F
OB88698,High School or Below,546954,67099,69,0,Personal Auto,Two-Door Car,22,Oregon,M
IK92617,Bachelor,1162873,97830,96,0,Personal Auto,Four-Door Car,298,Oregon,F
YH43996,College,1018965,0,101,0,Personal Auto,Four-Door Car,727,Arizona,M
BJ65040,High School or Below,273343,93558,67,0,Personal Auto,Four-Door Car,478,Arizona,F
WY57101,Doctor,401445,37384,99,0,Personal Auto,Four-Door Car,475,Arizona,F
OG77759,Bachelor,711953,28227,62,0,Personal Auto,Four-Door Car,551,Arizona,M
HN38084,High School or Below,1177279,51008,74,0,Corporate Auto,Two-Door Car,355,Nevada,M
GD11927,High School or Below,238179,78185,61,0,Personal Auto,Four-Door Car,292,California,M
MC20349,Bachelor,520835,0,74,0,Personal Auto,Four-Door Car,532,California,F
HM22034,College,501872,0,68,0,Personal Auto,Four-Door Car,670,Nevada,M
KH48996,Bachelor,1190054,97205,100,2,Personal Auto,Luxury,5,Arizona,F
VF32979,Bachelor,580017,25472,73,0,Corporate Auto,Four-Door Car,350,Washington,F
LS90887,Bachelor,567438,26225,72,1,Special Auto,Four-Door Car,320,California,F
EN72010,College,727143,20545,70,0,Personal Auto,Two-Door Car,336,Oregon,M
KH44031,Master,316449,0,83,0,Personal Auto,Four-Door Car,398,Oregon,F
GJ47896,College,266103,35503,67,0,Personal Auto,Two-Door Car,216,Arizona,F
GD87742,College,1414055,58988,118,0,Personal Auto,Luxury,566,Oregon,F
MD14027,Bachelor,765422,0,74,1,Personal Auto,Two-Door Car,355,Nevada,F
XA32915,High School or Below,219973,0,64,0,Personal Auto,Two-Door Car,685,Nevada,M
XR52852,College,200435,0,66,4,Special Auto,Four-Door Car,316,Oregon,F
EZ48947,College,1311111,67197,111,0,Special Auto,SUV,147,Nevada,M
OJ50322,High School or Below,1576260,39032,198,0,Personal Auto,SUV,950,Nevada,M
XB77333,College,1319792,0,68,3,Personal Auto,Four-Door Car,326,Oregon,F
QB58745,High School or Below,278753,34927,70,0,Personal Auto,Two-Door Car,242,California,M
IG62421,Doctor,343613,30817,88,0,Personal Auto,Four-Door Car,91,Nevada,M
SF29724,Bachelor,271336,31535,70,0,Personal Auto,Four-Door Car,90,California,F
WM95454,Bachelor,286731,23376,78,0,Personal Auto,Four-Door Car,374,California,F
CB96381,College,1459024,46244,62,0,Corporate Auto,Four-Door Car,255,California,F
MJ60422,Bachelor,665247,34886,84,0,Personal Auto,Two-Door Car,403,Arizona,M
NC63295,High School or Below,244462,0,66,0,Corporate Auto,Four-Door Car,316,Arizona,M
CM55703,College,289691,33746,74,1,Personal Auto,Two-Door Car,355,Washington,F
ZE76673,Doctor,1097206,24164,137,0,Personal Auto,Luxury,657,Oregon,M
TO60700,Bachelor,7714,25859,74,0,Special Auto,Four-Door Car,355,Washington,F
WF34690,Bachelor,1935737,0,68,1,Personal Auto,Four-Door Car,326,Oregon,F
ZM28138,Bachelor,722712,40153,61,0,Personal Auto,Four-Door Car,340,Arizona,F
FI14842,College,785730,0,104,0,Personal Auto,SUV,499,Nevada,F
KC32511,Master,518162,97131,64,0,Personal Auto,Four-Door Car,307,Oregon,F
NE10467,High School or Below,428106,23712,106,0,Corporate Auto,SUV,508,Arizona,F
PT93474,Bachelor,1151316,0,64,0,Personal Auto,Four-Door Car,307,Oregon,F
RL74454,Bachelor,514711,33171,65,0,Personal Auto,Four-Door Car,236,Nevada,F
DQ31994,College,866349,0,83,1,Corporate Auto,Four-Door Car,398,Nevada,F
DN98431,High School or Below,253532,0,68,0,Corporate Auto,Four-Door Car,326,Oregon,F
EV53200,College,2150433,60228,112,1,Personal Auto,SUV,286,Nevada,M
AJ89107,High School or Below,734932,27072,93,0,Personal Auto,Four-Door Car,565,Arizona,M
WS25565,Master,850985,26057,74,0,Personal Auto,Four-Door Car,523,California,M
ZY33234,High School or Below,429718,66331,107,0,Personal Auto,Two-Door Car,513,Nevada,F
PS69748,College,871704,83846,74,3,Personal Auto,Four-Door Car,355,Washington,M
HL33607,College,871704,83846,74,3,Personal Auto,Four-Door Car,355,Washington,M
DG90902,College,1747664,45106,73,0,Personal Auto,Four-Door Car,350,California,F
SW96063,Bachelor,1047989,78435,130,0,Personal Auto,SUV,553,Arizona,F
CP19929,Bachelor,224257,0,63,1,Corporate Auto,Two-Door Car,453,California,F
KR50062,College,275445,79507,70,3,Personal Auto,Two-Door Car,442,Oregon,M
CU19735,High School or Below,804120,44986,101,0,Corporate Auto,SUV,624,Arizona,M
ST52914,College,604291,25899,79,0,Personal Auto,Two-Door Car,568,Arizona,M
WQ68301,Bachelor,282743,13610,74,0,Personal Auto,Four-Door Car,355,Oregon,M
LR33381,Doctor,2204185,0,65,0,Personal Auto,Four-Door Car,312,Nevada,M
UR36912,Bachelor,279680,77362,70,0,Personal Auto,Two-Door Car,386,California,M
SK46419,High School or Below,407284,96443,102,0,Personal Auto,SUV,489,California,M
BY88757,Master,518246,0,135,1,Personal Auto,SUV,939,California,M
ER65086,Doctor,613166,90778,76,0,Personal Auto,Four-Door Car,62,Nevada,M
TP87527,High School or Below,239213,0,65,0,Corporate Auto,Four-Door Car,361,California,F
VL80291,Master,320966,78494,79,0,Personal Auto,Two-Door Car,122,Nevada,F
WL45773,Doctor,280860,83497,69,0,Special Auto,Four-Door Car,196,California,F
TT36693,College,436293,58842,110,0,Personal Auto,Four-Door Car,528,Nevada,M
PT12544,College,688046,63935,87,0,Personal Auto,Four-Door Car,221,Arizona,M
CI24326,Bachelor,359106,0,96,0,Personal Auto,Four-Door Car,460,Oregon,M
YQ73717,High School or Below,520125,0,69,0,Personal Auto,Four-Door Car,331,California,M
FG99706,College,552154,0,77,0,Personal Auto,Four-Door Car,369,Oregon,F
OM63414,Bachelor,507165,62258,65,0,Personal Auto,Two-Door Car,117,Arizona,F
JQ74890,Bachelor,292168,0,80,0,Corporate Auto,Four-Door Car,739,Nevada,M
FP93662,Master,1580653,58516,98,0,Corporate Auto,Two-Door Car,470,California,F
SA40041,Bachelor,574988,22814,73,0,Personal Auto,Four-Door Car,360,Washington,F
EW82164,Bachelor,416741,56901,104,0,Personal Auto,SUV,499,California,F
KV99550,High School or Below,651495,0,61,1,Personal Auto,Four-Door Car,292,California,M
CA96230,Doctor,918951,99443,117,4,Personal Auto,SUV,228,California,M
QN17712,College,823122,0,113,0,Personal Auto,SUV,373,Oregon,F
KM79894,Master,309517,88246,77,1,Corporate Auto,Four-Door Car,428,Arizona,M
KR25511,High School or Below,600521,26876,76,0,Corporate Auto,Four-Door Car,364,Washington,M
DZ45471,College,758211,64801,64,0,Personal Auto,Four-Door Car,268,Nevada,M
DE18949,College,1634460,57029,68,0,Corporate Auto,Two-Door Car,135,Oregon,F
BN74268,College,1176315,28045,99,0,Personal Auto,Four-Door Car,475,Arizona,F
QJ93301,Master,405337,44661,101,0,Personal Auto,Two-Door Car,436,Nevada,M
OO92815,High School or Below,331115,21246,83,0,Personal Auto,Four-Door Car,398,Arizona,F
HV50891,Doctor,352804,31278,92,4,Personal Auto,Two-Door Car,441,Nevada,M
RK59543,High School or Below,559538,74454,71,0,Personal Auto,Four-Door Car,340,California,F
IH54239,Master,508969,62474,63,0,Personal Auto,Four-Door Car,112,California,M
GB14456,High School or Below,2233716,0,130,0,Personal Auto,SUV,1376,Nevada,M
RC95515,College,479283,20647,63,0,Personal Auto,Four-Door Car,185,Arizona,M
TI61458,Bachelor,2778969,33806,89,0,Personal Auto,Four-Door Car,395,California,F
RB49468,Bachelor,751166,0,70,0,Personal Auto,Four-Door Car,340,Oregon,F
SJ18454,High School or Below,1876755,0,111,0,Personal Auto,Luxury,900,Oregon,M
KC19420,College,498764,19589,127,0,Personal Auto,SUV,1027,California,F
TP12241,College,512319,22338,67,1,Personal Auto,Two-Door Car,307,California,F
BD89564,College,598977,66839,154,0,Personal Auto,Luxury,739,Nevada,M
EC71986,High School or Below,242928,26736,63,0,Personal Auto,Four-Door Car,367,Washington,F
CJ97736,College,582818,31364,74,0,Personal Auto,Four-Door Car,461,Oregon,F
QF59448,College,283158,17752,77,0,Personal Auto,Four-Door Car,369,Washington,M
YB70005,College,976793,36225,123,0,Special Auto,SUV,221,Oregon,M
QI40455,Doctor,1209791,0,107,0,Personal Auto,SUV,271,Oregon,F
YL72747,High School or Below,226531,0,61,0,Personal Auto,Four-Door Car,292,California,M
FL18392,Bachelor,571908,77601,71,0,Personal Auto,Two-Door Car,276,California,F
AL21967,Master,1017147,74243,84,0,Corporate Auto,Four-Door Car,71,Oregon,M
KC67431,College,1051715,46707,133,0,Personal Auto,Luxury,80,California,F
EG40823,Bachelor,430347,0,116,0,Personal Auto,SUV,765,Oregon,F
QO89177,College,1192675,50234,101,0,Personal Auto,Four-Door Car,484,California,M
AV72430,Master,1653170,75526,103,1,Personal Auto,Four-Door Car,494,Oregon,M
TL18087,Bachelor,305928,65083,77,0,Personal Auto,Four-Door Car,369,Washington,M
WI29961,High School or Below,543744,28343,69,0,Personal Auto,Two-Door Car,331,Nevada,M
ZR11692,Bachelor,510329,74948,64,0,Corporate Auto,Four-Door Car,216,California,M
No36572,High School or Below,458310,22728,116,0,Personal Auto,Four-Door Car,556,Oregon,M
YZ56105,High School or Below,640962,0,99,2,Personal Auto,Two-Door Car,712,California,F
MN62189,High School or Below,899198,17331,117,0,Personal Auto,SUV,1138,California,F
MQ32284,College,1223277,35133,102,0,Personal Auto,SUV,692,California,F
NS38229,College,512603,63147,64,0,Personal Auto,Four-Door Car,87,Nevada,F
IB41597,College,1101416,67575,91,0,Personal Auto,Four-Door Car,401,California,F
IP68868,High School or Below,381961,0,111,0,Personal Auto,Two-Door Car,799,Oregon,M
EL70257,High School or Below,840439,48315,71,0,Personal Auto,Four-Door Car,340,California,F
NB27041,High School or Below,903567,34337,113,0,Corporate Auto,Four-Door Car,542,Arizona,F
BM28359,High School or Below,545370,33818,72,4,Personal Auto,Four-Door Car,341,Oregon,M
VB77950,High School or Below,376636,22439,98,0,Personal Auto,Four-Door Car,470,California,F
PE47967,College,728393,79055,186,1,Personal Auto,Luxury,177,Oregon,F
QR47308,College,274524,45191,69,0,Personal Auto,Four-Door Car,330,Nevada,F
YU49449,Bachelor,262627,41990,66,0,Personal Auto,Four-Door Car,316,California,M
KN25124,Master,245681,50979,61,1,Personal Auto,Two-Door Car,262,Oregon,F
HI51182,College,845367,59888,106,0,Personal Auto,Four-Door Car,712,Oregon,F
MS18916,College,350856,20978,98,1,Personal Auto,Four-Door Car,1176,California,M
IE40701,High School or Below,287735,32807,73,0,Personal Auto,Four-Door Car,350,California,M
UT48216,College,784016,58414,210,2,Personal Auto,Luxury,1008,Nevada,M
VN92740,College,277104,50071,71,0,Corporate Auto,Two-Door Car,18,Arizona,F
IZ55070,High School or Below,533948,67796,69,4,Personal Auto,Four-Door Car,331,Nevada,F
HI74419,College,809287,50825,102,0,Personal Auto,SUV,369,Washington,M
MP76478,High School or Below,864650,64125,108,0,Corporate Auto,SUV,369,Washington,F
DY30071,Bachelor,565923,69387,71,0,Personal Auto,Four-Door Car,71,Oregon,M
ZN24083,Doctor,553246,29084,71,1,Corporate Auto,Four-Door Car,492,Oregon,M
JU74347,Bachelor,794351,60214,100,1,Corporate Auto,Luxury,291,Oregon,M
YJ35850,High School or Below,977460,96018,122,0,Personal Auto,SUV,390,Oregon,M
IE15348,High School or Below,406700,28466,102,0,Personal Auto,SUV,371,Washington,F
GP67816,High School or Below,2320839,60233,116,0,Personal Auto,Two-Door Car,481,California,F
PW51793,Bachelor,732589,52920,93,0,Personal Auto,Four-Door Car,1101,Oregon,M
UF59346,Bachelor,417034,90310,104,0,Personal Auto,SUV,166,California,M
FG29932,College,784016,58414,210,2,Special Auto,Luxury,1008,California,M
UX71137,Doctor,887596,69205,110,0,Personal Auto,Four-Door Car,372,Washington,F
BY54111,High School or Below,1937890,21159,73,0,Personal Auto,Four-Door Car,350,Oregon,M
RM83767,College,597099,64008,85,5,Personal Auto,Four-Door Car,372,Washington,M
PT15464,Bachelor,914887,68236,114,0,Personal Auto,SUV,20,Arizona,F
BP92643,High School or Below,1377097,59207,116,0,Personal Auto,Four-Door Car,556,Arizona,F
BW94308,High School or Below,2009689,92766,71,0,Personal Auto,Two-Door Car,379,Washington,F
GQ46925,High School or Below,582168,77563,143,0,Personal Auto,Luxury,545,Arizona,M
RF14806,College,309580,33415,78,0,Personal Auto,Four-Door Car,374,Arizona,F
KJ23009,Bachelor,1059854,20179,133,1,Corporate Auto,SUV,638,California,F
IB81655,Bachelor,769512,50147,101,0,Personal Auto,SUV,484,California,M
SV62436,Bachelor,304179,13789,79,0,Personal Auto,Four-Door Car,379,Washington,F
HR64684,Master,868982,0,99,5,Personal Auto,Four-Door Car,475,Oregon,M
QS96715,High School or Below,813177,93715,102,2,Personal Auto,SUV,254,Nevada,F
SW55711,High School or Below,381532,23540,103,2,Corporate Auto,Two-Door Car,494,Oregon,M
LZ19268,College,1163889,25370,102,0,Personal Auto,Luxury,489,California,F
FU74983,Bachelor,2280053,68771,96,0,Personal Auto,Four-Door Car,276,Nevada,F
KB99097,Bachelor,446299,0,73,3,Special Auto,Two-Door Car,350,California,F
AP52126,College,1315183,68562,108,0,Personal Auto,SUV,228,Oregon,F
EX61844,High School or Below,1401997,36733,71,0,Personal Auto,Four-Door Car,327,Arizona,M
QC30857,College,293115,45768,73,0,Personal Auto,Two-Door Car,191,Nevada,F
RT69513,Bachelor,477475,0,64,0,Personal Auto,Four-Door Car,307,California,F
HV85198,Master,847141,63513,70,0,Personal Auto,Four-Door Car,185,Arizona,M
BS91566,College,543121,58161,68,0,Corporate Auto,Four-Door Car,140,Arizona,F
IL40123,College,568964,83640,70,0,Corporate Auto,Two-Door Car,471,Nevada,F
MY32149,Master,368672,0,96,0,Personal Auto,Two-Door Car,28,California,F
SA91515,Bachelor,399258,0,111,0,Personal Auto,SUV,700,California,M
SA25987,High School or Below,3479,0,104,0,Personal Auto,Two-Door Car,499,Washington,M
TB86706,Master,2502,0,66,0,Personal Auto,Two-Door Car,3,Arizona,M
ZL73902,Bachelor,3265,25820,82,0,Personal Auto,Four-Door Car,393,Nevada,F
KX23516,High School or Below,4455,0,121,0,Personal Auto,SUV,699,California,F
FN77294,High School or Below,7704,30366,101,2,Personal Auto,SUV,484,California,M
VI78454,College,2750,51789,70,0,Personal Auto,Four-Door Car,336,Arizona,M
FP59138,Master,13024,0,125,0,Personal Auto,SUV,900,Oregon,M
XN62489,Bachelor,2538,18608,71,0,Corporate Auto,Four-Door Car,340,Oregon,M
GP66031,College,2585,83758,64,0,Corporate Auto,Two-Door Car,106,California,F
IX68587,Master,5096,22886,65,0,Personal Auto,Four-Door Car,312,Nevada,F
HX17929,High School or Below,10083,11828,90,0,Personal Auto,Four-Door Car,571,California,F
IC59236,College,4943,44762,62,0,Corporate Auto,Four-Door Car,114,California,F
VG31922,Bachelor,6516,0,175,0,Personal Auto,SUV,1221,Nevada,F
HP87787,Bachelor,8838,82664,114,3,Corporate Auto,SUV,133,Arizona,M
AL78075,High School or Below,3810,0,108,0,Personal Auto,Four-Door Car,777,Oregon,M
WA97671,Bachelor,6334,0,63,0,Personal Auto,Four-Door Car,302,Arizona,M
QZ77637,College,11665,84978,72,1,Corporate Auto,Four-Door Car,166,Washington,F
FP11777,Doctor,10972,24164,137,0,Corporate Auto,Luxury,657,California,M
ID45268,College,6006,0,80,0,Personal Auto,Four-Door Car,488,California,F
AX86150,High School or Below,2656,62777,67,0,Personal Auto,Two-Door Car,101,Washington,M
MW57614,Bachelor,2359,19864,63,0,Personal Auto,Four-Door Car,352,Arizona,F
TJ30081,Bachelor,12036,44428,104,0,Personal Auto,SUV,499,Arizona,M
FW44940,Bachelor,8467,21139,113,0,Personal Auto,Luxury,656,California,F
CS55808,College,9392,0,88,0,Personal Auto,Four-Door Car,851,California,M
WZ61178,Bachelor,5227,11896,69,0,Personal Auto,Two-Door Car,476,California,F
IV55977,Bachelor,2693,0,73,1,Personal Auto,Two-Door Car,350,Oregon,M
YC67208,High School or Below,2227,27972,61,0,Personal Auto,Four-Door Car,292,California,M
LZ89773,Doctor,2326,0,62,0,Personal Auto,Four-Door Car,624,California,M
IP52990,High School or Below,16794,38399,106,0,Personal Auto,SUV,368,Oregon,F
VF73104,High School or Below,5016,20868,63,0,Personal Auto,Four-Door Car,134,Arizona,F
OC80343,Bachelor,7757,49682,101,0,Personal Auto,SUV,198,Oregon,M
EL89222,Bachelor,8609,79090,107,0,Personal Auto,SUV,289,California,F
QB14114,High School or Below,5275,81850,132,0,Personal Auto,Luxury,429,Oregon,F
HM41195,High School or Below,5746,22906,76,0,Personal Auto,Four-Door Car,519,Arizona,M
JT41591,College,2705,0,83,1,Personal Auto,Four-Door Car,398,Washington,M
HE15857,Bachelor,6186,37138,83,2,Personal Auto,Two-Door Car,417,Washington,M
KI64666,Bachelor,22445,0,71,0,Personal Auto,Four-Door Car,511,Nevada,F
JC33752,College,6277,21024,82,1,Personal Auto,Two-Door Car,450,Oregon,F
JA25453,High School or Below,7215,0,103,0,Personal Auto,Four-Door Car,741,California,M
AJ69778,High School or Below,6514,77135,84,3,Personal Auto,Four-Door Car,98,Oregon,F
FQ83162,College,34708,0,109,0,Personal Auto,Luxury,718,Washington,M
EY89842,Bachelor,4216,0,114,0,Corporate Auto,SUV,820,Arizona,M
TG69238,Bachelor,13158,72845,108,0,Personal Auto,SUV,463,Oregon,F
UI63465,High School or Below,2917,51622,74,0,Corporate Auto,Four-Door Car,355,Oregon,F
WX33904,Bachelor,6355,0,61,0,Special Auto,Two-Door Car,292,Arizona,M
HA20933,Bachelor,13269,15616,114,1,Personal Auto,SUV,547,Oregon,F
BU16704,High School or Below,5880,0,82,0,Personal Auto,Four-Door Car,590,Oregon,F
JV68002,College,5926,23091,96,5,Corporate Auto,Four-Door Car,460,Washington,M
PM78410,Bachelor,4121,0,67,3,Personal Auto,Two-Door Car,482,Oregon,F
PU92298,Bachelor,7956,22699,74,4,Personal Auto,Four-Door Car,355,Arizona,F
AA16582,Bachelor,24127,14072,71,0,Personal Auto,Four-Door Car,511,Washington,M
AZ87715,High School or Below,26864,81713,74,0,Personal Auto,Four-Door Car,332,California,F
GI89160,Bachelor,31934,56516,199,0,Personal Auto,Luxury,955,California,F
WV57813,Bachelor,5132,0,73,0,Personal Auto,Four-Door Car,525,Oregon,F
EW86465,High School or Below,4759,26747,61,0,Corporate Auto,Four-Door Car,404,Arizona,M
UW70224,College,2637,63422,66,0,Personal Auto,Four-Door Car,355,Oregon,F
LU12532,High School or Below,6503,22081,84,0,Personal Auto,Two-Door Car,451,California,F
WD48852,College,12786,0,180,0,Special Auto,Luxury,1296,Oregon,F
BH43379,Bachelor,3147,29698,83,2,Personal Auto,Four-Door Car,215,Oregon,F
GV59387,College,5618,24518,74,0,Personal Auto,Two-Door Car,241,California,F
LQ76410,College,3230,62873,81,0,Special Auto,Four-Door Car,207,Arizona,M
MF19231,Master,7434,28377,94,0,Personal Auto,Four-Door Car,451,California,M
XS47087,College,11714,21102,100,0,Personal Auto,SUV,480,Oregon,M
IL56791,Bachelor,2009,0,65,2,Personal Auto,Two-Door Car,312,Oregon,M
UV88036,High School or Below,6625,0,88,0,Personal Auto,Four-Door Car,539,Nevada,F
SE76116,Bachelor,9567,81410,119,0,Personal Auto,SUV,221,California,M
GJ63103,High School or Below,18474,27869,67,0,Personal Auto,Two-Door Car,482,Oregon,F
PL78574,High School or Below,12157,57449,103,0,Personal Auto,Four-Door Car,494,Arizona,M
NV69875,High School or Below,2956,40901,74,0,Corporate Auto,Four-Door Car,13,Oregon,M
MC38650,High School or Below,3963,88701,99,0,Personal Auto,Two-Door Car,171,Nevada,M
No73819,Master,10896,29365,137,0,Personal Auto,Luxury,657,California,F
OW84864,College,6081,0,82,0,Personal Auto,Four-Door Car,393,California,F
BV91898,Bachelor,30141,0,103,0,Personal Auto,SUV,1060,Arizona,F
WQ54314,Bachelor,5737,56455,73,2,Personal Auto,Four-Door Car,350,Oregon,F
NM57315,Bachelor,16979,35095,73,0,Special Auto,Two-Door Car,525,California,M
JB51220,High School or Below,10915,0,155,1,Corporate Auto,Luxury,1116,Oregon,F
EN77569,College,3808,94903,94,0,Special Auto,Two-Door Car,451,Oregon,F
YP47665,Doctor,5408,80192,67,0,Personal Auto,Four-Door Car,95,Washington,M
QO54008,Master,13419,0,122,0,Personal Auto,SUV,827,Oregon,M
EQ59908,Master,3237,60244,83,3,Corporate Auto,Four-Door Car,326,California,M
YU72540,College,10357,52735,65,0,Personal Auto,Four-Door Car,123,Arizona,F
BZ50261,High School or Below,11619,78275,72,0,Personal Auto,Two-Door Car,25,Arizona,F
QE92747,Bachelor,8209,77282,102,0,Corporate Auto,Four-Door Car,489,Oregon,F
KG83280,College,3096,21604,79,0,Personal Auto,Four-Door Car,379,California,F
IL42365,High School or Below,4804,51962,125,4,Personal Auto,Luxury,788,Arizona,F
FI86516,Bachelor,4786,0,68,0,Corporate Auto,Four-Door Car,489,Oregon,F
FV14881,Doctor,15886,56362,197,1,Personal Auto,Luxury,945,California,F
RR54950,College,5285,85753,66,1,Special Auto,Four-Door Car,316,Arizona,M
FC70869,High School or Below,2945,36167,76,3,Personal Auto,Two-Door Car,364,Arizona,F
PB60303,Master,18089,68568,223,1,Personal Auto,Luxury,1070,Oregon,F
HO50571,College,10208,35482,129,0,Personal Auto,SUV,619,California,F
BH86846,High School or Below,20708,92079,65,1,Corporate Auto,Four-Door Car,114,Washington,M
PC42162,Bachelor,5247,0,77,0,Personal Auto,Two-Door Car,554,Oregon,M
KD21661,College,5179,0,165,2,Personal Auto,SUV,1188,California,M
FZ73016,Bachelor,4513,34558,113,0,Personal Auto,SUV,376,California,F
HJ19927,Master,5297,14775,69,0,Personal Auto,Four-Door Car,170,Nevada,M
RJ99408,High School or Below,5377,35637,68,0,Personal Auto,Four-Door Car,326,California,M
EL81968,Bachelor,7661,66726,97,1,Personal Auto,Two-Door Car,335,Oregon,M
WU86174,Bachelor,2677,0,72,0,Personal Auto,Four-Door Car,345,California,F
DN21342,College,6877,0,96,0,Personal Auto,Four-Door Car,460,Oregon,F
PB60406,Doctor,5714,79719,71,0,Personal Auto,Four-Door Car,425,California,F
IY37465,Bachelor,4929,25632,63,0,Corporate Auto,Two-Door Car,351,Arizona,M
LF55270,College,10484,61108,89,0,Personal Auto,Four-Door Car,49,Oregon,F
UV69038,College,9490,0,137,0,Corporate Auto,SUV,657,California,M
IS63925,College,7805,21073,106,1,Personal Auto,SUV,508,Arizona,F
CQ21583,Doctor,21274,17932,79,0,Personal Auto,Four-Door Car,379,Oregon,M
PR21713,High School or Below,5838,81082,73,0,Personal Auto,Four-Door Car,281,Nevada,M
XE10977,High School or Below,2677,71684,66,0,Personal Auto,Two-Door Car,196,Oregon,F
JG87029,High School or Below,2374,57338,61,0,Personal Auto,Two-Door Car,292,Oregon,M
BK21146,College,22103,0,102,0,Personal Auto,SUV,489,Arizona,M
WE19034,College,2427,24409,62,0,Corporate Auto,Four-Door Car,297,Oregon,M
DF62718,High School or Below,7294,83488,90,0,Personal Auto,Four-Door Car,432,California,F
MS59254,High School or Below,11360,0,104,0,Corporate Auto,Two-Door Car,773,Washington,M
WC65050,Master,2811,62537,71,1,Personal Auto,Two-Door Car,354,California,F
ST27958,College,4386,10621,67,0,Personal Auto,Four-Door Car,321,Washington,M
XZ81226,Bachelor,6446,43478,80,0,Personal Auto,Four-Door Car,384,Arizona,F
TU53781,Bachelor,8427,46503,215,1,Corporate Auto,Luxury,1032,Oregon,F
GC93551,High School or Below,5290,27179,66,0,Personal Auto,Four-Door Car,344,Oregon,F
MO33279,College,5592,62229,70,0,Personal Auto,Two-Door Car,336,California,F
LD20926,Bachelor,18892,0,92,1,Personal Auto,Two-Door Car,441,Arizona,F
PW90662,College,13623,67060,126,4,Personal Auto,SUV,339,Oregon,M
WS53288,College,25464,13663,97,0,Personal Auto,Four-Door Car,465,Oregon,F
HE84643,High School or Below,2175,0,63,0,Personal Auto,Four-Door Car,453,California,F
CL37990,Bachelor,6699,0,99,1,Corporate Auto,Four-Door Car,699,Arizona,F
HR87252,Bachelor,9043,97745,113,0,Personal Auto,Luxury,695,California,F
SB27146,High School or Below,4369,26026,116,1,Personal Auto,Two-Door Car,283,Oregon,F
KI58952,College,51337,72794,164,1,Personal Auto,SUV,50,California,F
RM21896,College,28699,47730,91,0,Personal Auto,Four-Door Car,219,Oregon,F
JS38272,College,4270,0,122,0,Personal Auto,SUV,725,Arizona,M
NJ15094,Bachelor,5345,0,72,0,Personal Auto,Four-Door Car,345,Washington,F
MZ88454,Bachelor,4774,0,70,0,Personal Auto,Four-Door Car,336,Oregon,F
PO27978,Doctor,14727,97785,73,0,Personal Auto,Two-Door Car,236,Oregon,F
VT28596,High School or Below,4755,0,66,0,Personal Auto,Four-Door Car,712,California,F
TI19722,Doctor,3436,30817,88,0,Corporate Auto,Four-Door Car,91,Washington,M
DO83038,College,8355,64502,70,0,Personal Auto,Two-Door Car,39,California,F
AG62087,Bachelor,3412,30335,87,0,Corporate Auto,Four-Door Car,326,California,M
BA56812,Master,6185,21020,80,0,Corporate Auto,Four-Door Car,178,Oregon,M
QF74147,College,8456,84574,70,0,Special Auto,Four-Door Car,167,California,F
RN88075,Bachelor,3021,0,84,0,Personal Auto,Two-Door Car,700,Washington,F
OG71924,Master,6966,0,93,0,Personal Auto,Four-Door Car,436,Oregon,F
YF87007,High School or Below,10083,11828,90,0,Corporate Auto,Four-Door Car,571,Oregon,F
ZL18631,College,2539,54889,63,0,Personal Auto,Four-Door Car,302,Arizona,F
BZ71120,College,8456,89918,105,0,Personal Auto,SUV,367,Oregon,F
UP60200,Bachelor,26576,87002,110,0,Personal Auto,Two-Door Car,199,California,M
XZ64172,High School or Below,10963,55687,276,0,Corporate Auto,Luxury,1324,Oregon,M
CA47176,Bachelor,9671,17103,87,0,Personal Auto,Two-Door Car,417,Oregon,M
CI68869,College,1898,0,70,5,Personal Auto,Two-Door Car,702,Arizona,F
XT10744,College,8595,28441,73,0,Special Auto,Two-Door Car,686,Arizona,M
HT48275,Bachelor,5532,91212,69,0,Personal Auto,Two-Door Car,270,Oregon,M
HB48073,Bachelor,9371,66325,117,0,Corporate Auto,SUV,497,Arizona,F
MD43085,Doctor,3975,67895,101,4,Personal Auto,Four-Door Car,403,Oregon,F
NJ11986,Master,4456,29550,114,1,Corporate Auto,Two-Door Car,118,Arizona,F
HH55884,College,3495,10275,97,0,Personal Auto,Four-Door Car,465,Arizona,M
JP69867,College,8512,61725,106,0,Personal Auto,Four-Door Car,508,Nevada,M
FT86104,College,4650,28215,65,0,Corporate Auto,Two-Door Car,468,California,M
GV39658,College,13523,10563,121,0,Corporate Auto,SUV,109,Arizona,F
GB66110,Bachelor,4422,0,62,0,Personal Auto,Two-Door Car,722,California,M
VD51297,College,7320,99722,61,0,Personal Auto,Four-Door Car,292,California,M
EP29567,Master,7031,16224,93,0,Corporate Auto,Four-Door Car,498,Washington,M
PE59368,Bachelor,5123,72096,64,0,Personal Auto,Two-Door Car,252,Washington,F
DQ50538,Bachelor,9050,63800,113,0,Personal Auto,SUV,542,Nevada,M
WP58340,High School or Below,10963,55687,276,0,Personal Auto,Luxury,1324,Arizona,M
TM23788,High School or Below,6039,0,89,1,Personal Auto,Four-Door Car,640,California,M
UF44021,Bachelor,2108,0,61,0,Personal Auto,Two-Door Car,351,California,M
WB96917,College,9875,29598,87,0,Personal Auto,Two-Door Car,150,California,M
MN95006,Bachelor,6928,22907,180,2,Personal Auto,Luxury,49,California,M
NP60037,Bachelor,14318,22697,186,1,Corporate Auto,Luxury,892,Oregon,M
NQ71171,Bachelor,5107,70174,64,0,Personal Auto,Four-Door Car,128,California,M
SM58898,High School or Below,17223,85378,107,0,Corporate Auto,SUV,513,California,F
FN98595,High School or Below,7516,31477,94,0,Special Auto,Four-Door Car,146,Nevada,F
TW94555,College,5389,66429,136,0,Personal Auto,Luxury,57,Nevada,M
XW60886,High School or Below,6275,0,90,0,Personal Auto,Four-Door Car,900,California,M
IE84844,High School or Below,4722,0,65,0,Personal Auto,Four-Door Car,655,Nevada,F
HY76810,Bachelor,6282,0,172,0,Corporate Auto,SUV,141,Oregon,F
JL41129,Bachelor,7986,74217,100,0,Personal Auto,SUV,418,California,M
OQ41280,High School or Below,6503,46298,88,3,Corporate Auto,Four-Door Car,128,Nevada,M
AP65984,College,4881,0,135,0,Personal Auto,SUV,648,Oregon,F
EE99484,High School or Below,2514,43860,65,0,Corporate Auto,Four-Door Car,156,Washington,F
XM39121,College,7955,0,69,0,Personal Auto,Four-Door Car,331,Arizona,F
DK49336,College,4809,48029,61,0,Corporate Auto,Four-Door Car,292,Arizona,M
HB43486,College,9696,86830,123,0,Personal Auto,SUV,480,Washington,F
KB15252,College,8709,0,77,0,Personal Auto,Two-Door Car,509,Arizona,F
BN83547,High School or Below,2858,40706,71,0,Personal Auto,Four-Door Car,166,Nevada,F
MC55901,High School or Below,5233,69231,65,0,Personal Auto,Four-Door Car,193,California,F
PZ98142,College,13494,0,132,0,Personal Auto,SUV,950,Arizona,F
GB43363,College,6870,0,105,0,Personal Auto,Four-Door Car,756,Oregon,M
TH67541,High School or Below,5652,16171,74,0,Corporate Auto,Four-Door Car,311,Arizona,F
WC21901,College,2345,51397,61,0,Personal Auto,Four-Door Car,292,Arizona,M
CL38124,Bachelor,19688,83879,69,0,Personal Auto,Four-Door Car,212,Oregon,F
XH89851,College,7247,63267,92,0,Personal Auto,Four-Door Car,530,California,F
KA58700,College,6085,44712,82,2,Corporate Auto,Four-Door Car,537,Nevada,M
ZB40259,Doctor,5480,59311,69,0,Corporate Auto,Four-Door Car,14,California,M
JV63229,Bachelor,6876,81957,86,0,Personal Auto,Four-Door Car,433,Arizona,M
SI31035,Doctor,5368,59601,67,0,Personal Auto,Four-Door Car,321,Arizona,M
JW30054,High School or Below,8283,71034,103,0,Corporate Auto,Four-Door Car,494,Oregon,M
AP56340,Bachelor,5384,13103,72,0,Personal Auto,Four-Door Car,458,Washington,M
FN44127,College,3508,20978,98,1,Personal Auto,Four-Door Car,1176,Oregon,M
QE79527,Bachelor,8427,46503,215,1,Personal Auto,Luxury,1032,California,F
UP36767,College,4553,61064,113,0,Personal Auto,SUV,539,California,M
PG43749,College,4318,17572,110,0,Personal Auto,Two-Door Car,639,Oregon,F
LL96228,Master,14091,99823,116,0,Corporate Auto,SUV,250,Oregon,M
OV40993,College,8693,17453,118,1,Personal Auto,SUV,566,Nevada,F
MA80983,College,6661,55663,166,0,Personal Auto,SUV,194,Oregon,M
SA54664,Master,2654,73196,66,1,Personal Auto,Four-Door Car,85,Washington,M
TW12556,High School or Below,4428,58577,110,0,Personal Auto,SUV,303,Oregon,F
TC88451,High School or Below,5738,88055,71,0,Personal Auto,Four-Door Car,337,Nevada,F
BL93659,Bachelor,5815,0,80,0,Personal Auto,Four-Door Car,384,California,M
SI20178,High School or Below,4425,80892,110,0,Personal Auto,SUV,528,California,M
KC50464,Master,2574,34990,65,0,Corporate Auto,Four-Door Car,42,Arizona,F
HG64216,College,2832,37124,72,0,Personal Auto,Two-Door Car,430,California,M
XM91056,High School or Below,4876,22236,62,0,Personal Auto,Two-Door Car,409,California,F
KN13494,Master,5181,97131,64,0,Personal Auto,Four-Door Car,307,Washington,F
OC47565,College,5947,67760,74,0,Special Auto,Four-Door Car,465,Oregon,F
HH14259,Bachelor,2563,0,69,0,Personal Auto,Four-Door Car,97,Arizona,F
QF66741,College,15144,0,62,1,Personal Auto,Two-Door Car,307,Nevada,M
LY46898,High School or Below,5558,37473,70,0,Corporate Auto,Four-Door Car,336,California,M
MK73855,High School or Below,8109,32314,68,0,Personal Auto,Four-Door Car,326,Washington,F
HU82227,College,15638,49214,102,3,Corporate Auto,Four-Door Car,371,Arizona,M
FF75737,High School or Below,8334,49851,69,1,Personal Auto,Four-Door Car,331,Oregon,F
KJ50265,High School or Below,10418,27951,91,0,Personal Auto,Four-Door Car,436,Washington,M
OQ82364,Bachelor,6846,0,95,0,Corporate Auto,Two-Door Car,456,Nevada,F
SO47345,Master,9403,56410,117,0,Personal Auto,SUV,523,Arizona,F
JN51592,Bachelor,16985,22497,212,0,Special Auto,Luxury,1017,Arizona,F
FH36069,College,21101,61347,106,0,Personal Auto,SUV,604,Arizona,F
ZW32080,Bachelor,2914,37803,74,0,Personal Auto,Four-Door Car,355,Nevada,F
ZH98656,Master,8593,91276,105,0,Personal Auto,SUV,504,Nevada,F
GZ31904,College,6861,30816,87,0,Personal Auto,Two-Door Car,237,Oregon,M
PN47493,College,2680,41968,67,0,Corporate Auto,Four-Door Car,183,Oregon,F
CX18273,Master,15797,35754,199,0,Personal Auto,Luxury,612,Arizona,M
IG80173,Master,2863,36706,71,0,Personal Auto,Four-Door Car,435,California,F
JG76775,High School or Below,30061,48258,249,0,Personal Auto,Luxury,1195,Washington,M
JR82641,Master,10682,52965,134,3,Personal Auto,SUV,83,Arizona,M
NW41789,Bachelor,2746,0,84,0,Personal Auto,Four-Door Car,604,Oregon,M
VG74039,Bachelor,2388,0,65,0,Personal Auto,Four-Door Car,455,Oregon,F
DV27428,High School or Below,13776,62634,116,0,Personal Auto,SUV,122,Oregon,M
AN57220,Bachelor,17263,96917,61,0,Special Auto,Four-Door Car,71,Oregon,F
VD62056,High School or Below,4669,76157,116,0,Personal Auto,Two-Door Car,556,Arizona,F
AH92481,College,4673,53219,117,0,Corporate Auto,SUV,561,California,F
LX97765,College,4347,81412,109,0,Personal Auto,Two-Door Car,344,Arizona,F
JP82211,College,33873,59744,105,0,Personal Auto,SUV,476,California,F
SI88726,College,9100,38898,117,0,Corporate Auto,SUV,561,California,F
MG46007,High School or Below,6358,0,94,2,Personal Auto,Four-Door Car,17,California,M
GL69461,College,2628,99961,66,2,Personal Auto,Four-Door Car,316,Oregon,F
RA63927,High School or Below,7193,30886,91,0,Personal Auto,Two-Door Car,103,Oregon,M
UE76013,Master,5039,35984,128,3,Personal Auto,SUV,275,Washington,F
RI35792,College,3962,0,125,4,Personal Auto,SUV,539,Nevada,F
WL63802,High School or Below,6425,0,181,0,Personal Auto,Luxury,1303,California,M
KZ29413,Master,15672,0,139,0,Personal Auto,SUV,667,Oregon,M
SN23932,Master,3237,60244,83,3,Personal Auto,Four-Door Car,326,Arizona,M
YW26148,High School or Below,12992,0,72,0,Personal Auto,Four-Door Car,518,California,F
LS51818,College,22217,37553,187,0,Personal Auto,Luxury,897,California,F
ZG47195,College,4931,0,73,0,Personal Auto,Four-Door Car,525,Nevada,M
No50634,College,4330,60475,107,0,Personal Auto,Four-Door Car,513,Oregon,M
GC42314,Doctor,8296,0,111,0,Personal Auto,SUV,672,Arizona,M
SD77009,College,8334,0,136,2,Personal Auto,SUV,979,California,M
OW85480,Master,5348,25545,69,0,Personal Auto,Four-Door Car,331,California,M
SW93780,Master,2398,24182,66,0,Personal Auto,Four-Door Car,316,Arizona,M
ZW51071,High School or Below,6622,80979,84,2,Personal Auto,Four-Door Car,25,Oregon,F
CK74127,Bachelor,4155,0,62,0,Corporate Auto,Four-Door Car,446,Arizona,M
KM52241,High School or Below,8430,0,74,0,Personal Auto,Four-Door Car,47,Arizona,F
PE66545,Bachelor,2545,29250,64,0,Personal Auto,Two-Door Car,308,Oregon,M
GG70928,Master,5004,33566,63,1,Personal Auto,Four-Door Car,205,California,F
GI36262,College,2899,65247,72,0,Corporate Auto,Four-Door Car,381,Washington,F
MH85165,High School or Below,6767,39650,86,0,Personal Auto,Four-Door Car,922,California,M
AM26717,Bachelor,3123,0,101,4,Personal Auto,SUV,960,California,M
CV90092,College,8184,82680,68,0,Corporate Auto,Four-Door Car,326,Oregon,M
CL70684,High School or Below,7636,0,111,0,Corporate Auto,Two-Door Car,799,California,M
GK13851,College,9227,0,129,0,Personal Auto,SUV,619,Oregon,M
TQ73726,Bachelor,7587,0,69,0,Personal Auto,Two-Door Car,460,Oregon,M
RW65977,College,2191,0,61,1,Special Auto,Four-Door Car,439,Arizona,M
EY74093,High School or Below,5004,86834,64,0,Corporate Auto,Four-Door Car,0,Nevada,M
YG11074,Bachelor,4794,46143,122,0,Personal Auto,SUV,223,Arizona,F
HW65139,Doctor,26730,21275,240,0,Personal Auto,Luxury,1152,California,M
BT49333,High School or Below,4260,47746,106,0,Personal Auto,SUV,246,Arizona,M
KN78424,College,15477,51675,196,0,Corporate Auto,Luxury,940,California,M
TH68648,College,5126,85522,64,0,Personal Auto,Four-Door Car,165,California,M
GZ22403,High School or Below,4068,0,63,4,Personal Auto,Two-Door Car,753,Oregon,M
NU26460,College,17712,0,84,0,Corporate Auto,Four-Door Car,633,Oregon,F
PB21909,Bachelor,9775,55632,123,0,Personal Auto,SUV,478,Oregon,M
TA78865,High School or Below,20534,0,93,0,Special Auto,Four-Door Car,669,Nevada,M
FP23103,Bachelor,5800,0,78,0,Special Auto,Two-Door Car,374,Oregon,M
YK43172,Bachelor,3319,69152,89,4,Personal Auto,Four-Door Car,221,Arizona,M
YZ36062,Bachelor,6529,13476,67,2,Corporate Auto,Four-Door Car,433,Oregon,M
SJ29837,High School or Below,7602,0,105,0,Personal Auto,SUV,914,Washington,F
RC72799,College,2839,33252,71,0,Personal Auto,Four-Door Car,407,Oregon,F
AN67558,College,3288,0,102,1,Personal Auto,SUV,734,Nevada,M
EQ62488,College,15031,59456,189,0,Personal Auto,Luxury,907,Oregon,F
OA92714,Bachelor,5055,88989,63,1,Personal Auto,Four-Door Car,232,California,F
QS76805,High School or Below,8012,0,107,0,Corporate Auto,SUV,513,Arizona,M
PQ46798,College,8300,17034,113,0,Personal Auto,Luxury,542,California,F
IA56290,College,2516,88435,62,0,Personal Auto,Four-Door Car,136,Arizona,F
XU35186,High School or Below,2749,71445,70,2,Personal Auto,Four-Door Car,336,California,F
DR84620,Bachelor,8071,72149,101,0,Personal Auto,SUV,69,California,M
QG27547,Bachelor,2867,23376,78,0,Personal Auto,Four-Door Car,374,Oregon,F
NM95102,High School or Below,7285,44788,61,0,Personal Auto,Four-Door Car,386,Oregon,M
KZ26788,Bachelor,4118,69379,103,0,Personal Auto,Two-Door Car,494,Washington,F
GW25077,Bachelor,5293,38521,134,0,Personal Auto,SUV,557,Oregon,F
ZU91897,High School or Below,13265,34482,67,0,Personal Auto,Four-Door Car,83,California,M
ZK38095,Bachelor,2369,0,68,0,Personal Auto,Four-Door Car,487,California,F
TY84623,College,9816,37256,62,0,Corporate Auto,Four-Door Car,128,California,M
IP69763,College,21914,77311,181,0,Personal Auto,SUV,113,Washington,F
NF90665,Bachelor,5143,39268,66,1,Personal Auto,Four-Door Car,188,Oregon,M
KG53186,College,3136,59644,79,0,Corporate Auto,Four-Door Car,379,Nevada,M
KV57104,High School or Below,7713,0,68,0,Personal Auto,Four-Door Car,326,Oregon,F
ZX93551,Bachelor,2867,23376,78,0,Personal Auto,Four-Door Car,374,Arizona,F
TR18337,College,11516,50854,73,0,Personal Auto,Four-Door Car,101,Nevada,F
XV22744,Bachelor,15025,35158,76,0,Personal Auto,Four-Door Car,165,Oregon,F
KK27683,High School or Below,4013,15413,106,0,Personal Auto,SUV,508,Nevada,F
HX11651,College,3288,17860,99,2,Personal Auto,Two-Door Car,656,Oregon,M
FD73388,Master,13736,16181,181,0,Personal Auto,SUV,1261,Arizona,F
KF70569,High School or Below,3890,91182,96,0,Personal Auto,Four-Door Car,249,Nevada,M
CC94413,Bachelor,5701,41154,72,1,Personal Auto,Four-Door Car,345,Oregon,F
QO59138,High School or Below,2590,18746,68,0,Personal Auto,Four-Door Car,326,Arizona,M
JW58698,College,3223,70277,80,0,Personal Auto,Four-Door Car,84,Oregon,F
GT57081,Bachelor,4912,0,66,0,Personal Auto,Four-Door Car,668,Oregon,F
GU82475,College,6532,24919,84,1,Personal Auto,Four-Door Car,420,California,M
BG60187,Bachelor,8012,0,79,0,Personal Auto,Four-Door Car,335,Oregon,M
TN73558,High School or Below,3731,0,96,0,Personal Auto,Four-Door Car,460,Arizona,F
KK15032,High School or Below,2702,46370,68,1,Personal Auto,Two-Door Car,326,Arizona,F
KA95160,Master,23207,89918,115,0,Personal Auto,SUV,423,Arizona,F
KD52867,High School or Below,3347,37138,85,0,Personal Auto,Two-Door Car,612,Oregon,F
WY53775,High School or Below,8382,19683,117,1,Personal Auto,Luxury,561,Arizona,M
HS94778,College,11793,32214,100,0,Personal Auto,SUV,296,Oregon,F
EJ96266,College,2965,26472,74,0,Personal Auto,Four-Door Car,355,California,F
RK53289,Bachelor,5646,39841,72,0,Personal Auto,Two-Door Car,440,California,F
TX39594,High School or Below,2452,51085,62,1,Personal Auto,Two-Door Car,406,Arizona,F
JM93892,College,5953,61006,74,0,Corporate Auto,Four-Door Car,73,Arizona,M
PY51000,Bachelor,12883,34148,109,0,Personal Auto,Four-Door Car,451,California,M
HX74855,High School or Below,2471,95697,61,0,Personal Auto,Two-Door Car,114,Washington,M
VE64781,Bachelor,2927,75685,73,0,Personal Auto,Four-Door Car,369,Arizona,F
KY57676,High School or Below,8400,20870,72,0,Personal Auto,Four-Door Car,345,California,M
JL42497,High School or Below,2729,66900,68,0,Personal Auto,Four-Door Car,326,Nevada,F
WQ91717,College,7643,0,106,1,Special Auto,SUV,508,Arizona,F
WO39817,High School or Below,2493,37043,68,3,Personal Auto,Two-Door Car,30,Oregon,M
HW20940,Bachelor,4170,42837,106,0,Personal Auto,SUV,290,California,M
KE60943,Bachelor,4908,33305,62,0,Special Auto,Four-Door Car,353,California,M
ZI48518,High School or Below,3891,0,103,0,Personal Auto,Luxury,558,Nevada,F
KI17749,High School or Below,2682,24823,69,0,Personal Auto,Four-Door Car,229,Oregon,F
DS50601,Bachelor,10003,98192,84,1,Personal Auto,Four-Door Car,403,Nevada,M
PU78245,Bachelor,13094,88249,108,0,Personal Auto,SUV,244,Arizona,F
MP96373,Master,5719,54585,71,1,Personal Auto,Two-Door Car,340,Washington,M
QK62680,Master,9393,39770,117,0,Personal Auto,Two-Door Car,561,Oregon,F
HN63935,Master,3433,85367,85,0,Personal Auto,Four-Door Car,67,Arizona,M
ON30714,College,4932,74809,61,0,Personal Auto,Two-Door Car,283,California,M
FM61329,College,13610,50144,114,0,Personal Auto,SUV,786,California,M
NK91656,Master,2913,20075,79,1,Personal Auto,Two-Door Car,483,Oregon,M
MS94619,High School or Below,5111,76448,63,0,Personal Auto,Four-Door Car,302,California,F
MO38507,High School or Below,4540,59556,113,0,Personal Auto,Luxury,681,California,M
PQ36549,Bachelor,5598,14174,72,0,Personal Auto,Four-Door Car,345,Arizona,M
WG91434,High School or Below,9638,35230,61,1,Personal Auto,Four-Door Car,16,Oregon,M
WR43077,High School or Below,9801,0,91,0,Corporate Auto,Four-Door Car,436,California,M
LR10110,Bachelor,5504,0,73,0,Corporate Auto,Four-Door Car,350,Washington,F
XZ58588,High School or Below,8447,0,114,0,Corporate Auto,Four-Door Car,547,Arizona,M
FX12602,High School or Below,19927,51352,66,3,Personal Auto,Four-Door Car,95,Oregon,M
BL55947,College,5815,76675,72,0,Personal Auto,Four-Door Car,141,California,M
LA60344,College,18690,0,68,0,Personal Auto,Four-Door Car,326,Arizona,M
KQ44803,College,7224,0,72,2,Personal Auto,Two-Door Car,297,Arizona,M
QY81331,High School or Below,8595,94242,71,1,Personal Auto,Four-Door Car,41,Arizona,F
NP33989,Bachelor,12362,0,113,0,Personal Auto,Four-Door Car,217,Oregon,F
CP30637,High School or Below,4916,71153,122,0,Corporate Auto,Luxury,209,California,F
RW50070,High School or Below,8935,63326,225,0,Personal Auto,Luxury,1080,Arizona,M
LO42325,Bachelor,5433,29629,71,4,Special Auto,Four-Door Car,228,California,F
YQ50209,High School or Below,4847,0,69,0,Corporate Auto,Four-Door Car,599,Arizona,M
JP35025,Master,5714,23726,74,0,Corporate Auto,Four-Door Car,355,California,F
WZ13788,High School or Below,10097,48999,86,3,Corporate Auto,Four-Door Car,412,Nevada,F
IS21172,Bachelor,4726,13037,124,0,Personal Auto,SUV,839,Oregon,F
CL10476,College,7079,24245,63,0,Corporate Auto,Two-Door Car,302,Arizona,M
WO83615,Bachelor,5395,44047,137,0,Corporate Auto,Luxury,969,Nevada,M
ZJ77881,Bachelor,9452,91942,117,0,Personal Auto,Four-Door Car,561,Oregon,F
GT37101,High School or Below,5284,37640,67,0,Personal Auto,Two-Door Car,174,Oregon,F
WE13528,High School or Below,20215,77058,63,0,Personal Auto,Four-Door Car,119,California,F
BT78503,High School or Below,2510,0,73,0,Corporate Auto,Four-Door Car,525,Oregon,M
WM19967,College,19884,63755,62,0,Personal Auto,Two-Door Car,291,California,F
EW13798,Doctor,4014,37384,99,0,Personal Auto,Four-Door Car,475,California,F
RO18530,Master,2540,42557,65,0,Personal Auto,Four-Door Car,57,Washington,M
AY18433,High School or Below,27382,45473,76,0,Special Auto,Two-Door Car,188,Washington,F
CS29328,Bachelor,4875,10743,70,2,Personal Auto,Two-Door Car,336,Nevada,M
QL75176,High School or Below,12324,0,113,0,Personal Auto,Four-Door Car,813,Oregon,F
IO25161,College,2280,0,61,0,Personal Auto,Four-Door Car,283,Arizona,F
FA82777,High School or Below,4165,0,64,3,Personal Auto,Four-Door Car,575,Arizona,F
GR49281,Bachelor,4974,75644,65,3,Personal Auto,Two-Door Car,467,California,M
ZW19492,Bachelor,2404,63455,61,0,Personal Auto,Two-Door Car,287,Oregon,M
UW88168,Bachelor,3032,73782,76,0,Special Auto,Four-Door Car,111,Oregon,M
XX53620,Bachelor,2891,80590,71,0,Corporate Auto,Four-Door Car,134,Oregon,F
IM90123,Bachelor,15261,59797,127,0,Personal Auto,SUV,609,California,F
BE33446,Bachelor,5015,48567,130,0,Personal Auto,SUV,624,Arizona,F
YW11227,Bachelor,5325,62470,66,0,Personal Auto,Two-Door Car,243,California,M
UF32671,College,5291,57338,66,0,Personal Auto,Four-Door Car,316,Washington,F
ZW10467,High School or Below,16107,63288,199,0,Personal Auto,Luxury,558,Arizona,F
KK95092,Bachelor,7605,55281,192,1,Personal Auto,Luxury,921,Arizona,M
HZ43637,College,3065,22985,77,0,Special Auto,Four-Door Car,458,Arizona,F
FY82691,College,6245,39608,78,1,Corporate Auto,Four-Door Car,22,California,F
SO40738,High School or Below,9406,99189,117,0,Corporate Auto,SUV,75,California,F
MB83471,High School or Below,7815,0,112,0,Personal Auto,Four-Door Car,574,Oregon,M
GA63091,College,9747,0,92,0,Personal Auto,Four-Door Car,514,California,M
AU75025,College,4686,58089,118,0,Personal Auto,SUV,566,Oregon,M
XF15789,College,8869,81350,110,0,Personal Auto,SUV,228,Arizona,F
SH13204,High School or Below,4741,0,65,0,Personal Auto,Two-Door Car,731,California,F
FX48006,College,24178,43704,201,0,Personal Auto,Luxury,1064,Oregon,M
HS69837,College,7951,75497,100,0,Personal Auto,SUV,71,Oregon,M
GL49408,Doctor,6762,40372,85,0,Corporate Auto,Four-Door Car,76,California,M
PK51938,College,3044,17489,85,0,Corporate Auto,Four-Door Car,587,Oregon,F
JE62426,High School or Below,5908,86277,74,0,Personal Auto,Four-Door Car,212,Arizona,F
IA31850,College,4574,0,63,0,Personal Auto,Four-Door Car,453,Arizona,F
PP50567,Bachelor,8377,0,74,0,Corporate Auto,Four-Door Car,355,California,M
CS26667,College,22332,49078,97,0,Special Auto,Four-Door Car,484,Washington,M
UF73578,High School or Below,5838,81082,73,0,Personal Auto,Four-Door Car,281,California,M
MY23958,Bachelor,7577,0,116,2,Personal Auto,Luxury,835,California,M
OP75571,College,8012,40635,102,0,Personal Auto,SUV,489,Arizona,F
SI60881,Bachelor,9217,26351,119,0,Personal Auto,SUV,571,Oregon,F
DQ15807,High School or Below,2749,0,80,0,Personal Auto,Four-Door Car,824,Oregon,M
WU15684,College,3588,42836,89,0,Corporate Auto,Four-Door Car,244,Nevada,F
KR17533,Doctor,3954,40175,102,1,Personal Auto,SUV,154,Oregon,M
IM98086,College,3230,62873,81,0,Personal Auto,Four-Door Car,207,California,M
XY48850,High School or Below,5158,0,74,0,Personal Auto,Two-Door Car,588,Nevada,F
YT25875,College,2776,50985,71,0,Personal Auto,Two-Door Car,307,California,F
TL59568,High School or Below,12836,0,116,0,Personal Auto,Two-Door Car,835,Arizona,M
UE52886,Bachelor,28421,42803,245,0,Personal Auto,Luxury,889,Arizona,M
TM28833,College,2276,0,69,1,Personal Auto,Two-Door Car,624,Oregon,M
SQ60915,High School or Below,3895,35970,98,0,Corporate Auto,Four-Door Car,470,Arizona,M
GU42084,Bachelor,4247,44537,106,0,Corporate Auto,Luxury,441,Arizona,M
ZH93283,College,6005,13528,86,0,Personal Auto,Four-Door Car,412,Arizona,M
WF51811,College,2719,14030,72,0,Personal Auto,Two-Door Car,345,Arizona,F
RL51023,College,4185,0,64,0,Corporate Auto,Four-Door Car,492,Arizona,M
NQ67659,Bachelor,33473,33190,106,0,Personal Auto,SUV,508,Nevada,F
KI45566,College,7331,0,100,0,Personal Auto,Luxury,61,Nevada,M
WB68229,Bachelor,9320,21033,118,0,Personal Auto,Two-Door Car,738,Arizona,F
UF84144,College,3312,26285,84,0,Corporate Auto,Four-Door Car,403,Washington,M
ZH28312,Bachelor,5560,0,74,0,Corporate Auto,Four-Door Car,65,California,F
GK48045,College,8214,73245,68,0,Personal Auto,Four-Door Car,305,Washington,F
HZ67642,Bachelor,8647,0,119,0,Personal Auto,SUV,244,California,M
HE12295,High School or Below,4446,0,61,0,Personal Auto,Four-Door Car,616,California,M
XL66550,Bachelor,7769,74365,193,0,Corporate Auto,Luxury,926,Oregon,M
AL27471,Doctor,3911,30821,97,0,Personal Auto,Four-Door Car,451,Oregon,M
NG94479,High School or Below,2731,69844,68,0,Corporate Auto,Four-Door Car,184,Arizona,F
WR58220,Bachelor,8401,0,124,0,Personal Auto,SUV,595,Oregon,M
RT64920,Master,5875,55836,73,0,Personal Auto,Four-Door Car,314,Oregon,M
IR58695,High School or Below,6188,40352,77,0,Corporate Auto,Four-Door Car,406,Oregon,M
AS93181,Bachelor,4506,14985,116,0,Personal Auto,Luxury,571,Arizona,F
ML23548,Doctor,10548,27458,131,1,Personal Auto,Luxury,730,Arizona,F
PU71194,Bachelor,35203,56343,295,0,Personal Auto,Luxury,1612,Oregon,F
QT46430,College,8193,12780,111,2,Personal Auto,Luxury,225,California,F
WP83694,Bachelor,5313,68558,131,0,Personal Auto,SUV,280,California,F
UE19977,College,4379,47747,111,0,Personal Auto,Two-Door Car,165,California,F
WC83942,Bachelor,20885,16113,81,0,Corporate Auto,Four-Door Car,494,Oregon,M
HZ62410,Bachelor,2771,0,79,0,Personal Auto,Four-Door Car,379,Oregon,M
CE72177,High School or Below,5461,39626,69,0,Personal Auto,Four-Door Car,485,California,F
YI89801,High School or Below,2570,49304,65,0,Corporate Auto,Four-Door Car,312,California,F
KB53430,High School or Below,2227,27972,61,0,Personal Auto,Four-Door Car,292,Oregon,M
KB50999,College,5394,27568,68,0,Personal Auto,Two-Door Car,278,California,F
JO17193,Bachelor,2300,25905,63,0,Personal Auto,Four-Door Car,302,Washington,M
BO42776,Bachelor,25360,21442,108,0,Corporate Auto,SUV,518,Washington,M
OZ19432,High School or Below,4374,34516,113,3,Special Auto,Four-Door Car,42,Nevada,F
VT34834,High School or Below,4953,0,68,0,Personal Auto,Four-Door Car,342,Nevada,M
MI65698,College,4590,28354,118,0,Personal Auto,Two-Door Car,320,Oregon,F
IG85969,College,5062,0,72,0,Personal Auto,Two-Door Car,345,Arizona,F
SE72928,Master,9075,37722,116,0,Personal Auto,Luxury,158,California,M
QV47358,Bachelor,8133,32021,70,0,Personal Auto,Four-Door Car,336,Arizona,F
HR50405,Bachelor,2869,13393,73,0,Personal Auto,Four-Door Car,34,Oregon,F
MN53151,College,27937,13624,117,0,Personal Auto,Luxury,561,Oregon,M
VD64777,College,2606,27800,67,0,Personal Auto,Two-Door Car,321,Nevada,F
EG21289,College,7764,58419,191,0,Personal Auto,Luxury,202,California,F
YI85251,High School or Below,18380,50407,92,0,Personal Auto,Four-Door Car,352,Nevada,M
RD61361,Bachelor,6102,0,84,0,Personal Auto,Four-Door Car,856,Arizona,F
PG26401,High School or Below,9191,77603,114,0,Personal Auto,SUV,547,Washington,M
NV91476,College,9581,75606,119,0,Personal Auto,Four-Door Car,571,California,F
SJ16410,Bachelor,7532,41458,98,0,Personal Auto,Four-Door Car,191,Arizona,M
BI17208,College,2795,0,74,0,Personal Auto,Two-Door Car,420,Oregon,M
WR70403,High School or Below,5673,0,82,0,Personal Auto,Two-Door Car,445,Washington,M
ZZ22858,Bachelor,15016,70619,187,0,Personal Auto,Luxury,293,Arizona,F
EZ75048,Doctor,3087,41273,77,0,Personal Auto,Four-Door Car,221,California,M
CN31328,College,5480,46946,70,0,Personal Auto,Four-Door Car,336,Arizona,F
ZP91150,College,7944,0,113,0,Corporate Auto,Four-Door Car,542,Oregon,M
LC77957,Bachelor,8543,99180,106,0,Personal Auto,SUV,33,Oregon,M
PT34656,College,5380,55350,67,0,Personal Auto,Four-Door Car,321,California,F
MI99404,College,4650,28215,65,0,Personal Auto,Two-Door Car,468,California,M
AI58313,College,36946,75425,116,1,Personal Auto,Luxury,663,Nevada,F
VA60020,High School or Below,3314,63583,83,0,Special Auto,Four-Door Car,167,Nevada,F
TW53467,Bachelor,4566,0,66,0,Personal Auto,Four-Door Car,475,California,M
IC11062,High School or Below,5597,37995,139,0,Personal Auto,SUV,667,Nevada,F
OO11531,Master,2540,37125,63,0,Personal Auto,Four-Door Car,290,Nevada,F
JV80614,College,2939,53357,73,0,Personal Auto,Four-Door Car,55,California,M
IC70693,Bachelor,16068,70140,199,0,Corporate Auto,Luxury,955,California,F
JY45326,College,7360,52380,186,2,Personal Auto,Luxury,892,Oregon,M
QW17940,High School or Below,2700,79292,67,0,Corporate Auto,Four-Door Car,55,California,M
AV25133,College,3095,0,92,1,Personal Auto,Two-Door Car,774,Oregon,F
QJ57215,College,4383,0,123,0,Personal Auto,SUV,1480,Nevada,F
IG94072,High School or Below,9928,75425,123,0,Personal Auto,Luxury,823,Oregon,F
WC28543,Bachelor,2399,20992,64,0,Personal Auto,Two-Door Car,307,Arizona,M
DH13219,Bachelor,3402,57428,85,1,Corporate Auto,Four-Door Car,414,Washington,M
ET80689,College,8711,92606,109,0,Special Auto,SUV,287,California,M
JD10245,High School or Below,4358,86001,109,1,Personal Auto,SUV,523,California,M
XO96556,Master,2551,79751,63,0,Personal Auto,Two-Door Car,392,Arizona,M
UJ61336,Bachelor,5642,68654,71,2,Personal Auto,Four-Door Car,208,Arizona,F
XS94482,Master,4151,0,61,3,Personal Auto,Two-Door Car,208,Arizona,F
QX57337,Doctor,2842,92629,72,3,Personal Auto,Four-Door Car,60,Oregon,F
CZ35936,High School or Below,8791,54094,112,0,Corporate Auto,SUV,502,California,F
IM41800,College,8268,95419,70,3,Personal Auto,Four-Door Car,336,Nevada,M
GI70742,High School or Below,8581,66466,71,0,Personal Auto,Four-Door Car,293,Oregon,F
HQ32112,High School or Below,5244,68131,130,0,Personal Auto,SUV,226,Arizona,M
CC85895,Bachelor,8509,56481,106,0,Personal Auto,SUV,273,Nevada,F
CF40646,College,4743,70082,119,0,Personal Auto,SUV,571,California,M
RF39856,Bachelor,22754,51437,115,0,Corporate Auto,SUV,244,Nevada,M
VT85216,High School or Below,5335,0,73,0,Personal Auto,Four-Door Car,525,Nevada,M
SW69117,College,6966,27972,90,0,Corporate Auto,Two-Door Car,240,Oregon,M
EI58852,High School or Below,21205,24930,76,0,Personal Auto,Four-Door Car,364,Arizona,F
FN61865,Master,4271,26245,110,0,Personal Auto,Two-Door Car,44,Nevada,F
LI11560,Bachelor,5580,57883,69,0,Personal Auto,Four-Door Car,431,California,F
NY12562,College,2224,0,64,0,Corporate Auto,Four-Door Car,483,Nevada,F
GE46404,College,2709,58828,68,0,Personal Auto,Four-Door Car,446,Oregon,F
PP26786,College,2890,51906,73,0,Corporate Auto,Four-Door Car,374,Arizona,M
BE55425,College,6403,28095,82,0,Personal Auto,Four-Door Car,393,Oregon,M
SH75038,Bachelor,5981,88723,74,0,Personal Auto,Two-Door Car,355,California,F
LD22387,High School or Below,6225,53078,79,2,Corporate Auto,Four-Door Car,200,California,F
FF94034,Bachelor,8496,88895,106,0,Personal Auto,Luxury,209,California,F
YK16362,Bachelor,10213,60078,127,0,Corporate Auto,SUV,140,Arizona,F
DN10177,College,4547,0,67,0,Personal Auto,Two-Door Car,321,California,M
IV35546,Master,5741,45820,71,0,Corporate Auto,Four-Door Car,249,Nevada,F
SK12432,Bachelor,2388,0,73,0,Personal Auto,Four-Door Car,677,Arizona,M
DF71709,College,12624,12439,115,0,Corporate Auto,Two-Door Car,552,California,M
UT61518,Bachelor,8382,25998,71,0,Personal Auto,Four-Door Car,791,California,M
PU75847,College,4964,98451,62,0,Personal Auto,Four-Door Car,316,Arizona,M
XA47378,Bachelor,2871,23803,72,0,Corporate Auto,Two-Door Car,410,California,F
NE22677,College,13080,0,124,0,Special Auto,SUV,595,California,M
HV62406,High School or Below,2482,26100,67,0,Personal Auto,Four-Door Car,482,Oregon,F
VS20668,Bachelor,2726,0,73,0,Personal Auto,Four-Door Car,376,Nevada,F
YZ79232,Master,4776,0,67,0,Personal Auto,Four-Door Car,315,Oregon,M
ND87457,Bachelor,6091,65252,78,0,Personal Auto,Four-Door Car,482,Nevada,M
TY59231,Bachelor,5015,48567,130,0,Personal Auto,SUV,624,California,F
DA54619,High School or Below,9035,34337,113,0,Personal Auto,Four-Door Car,542,Oregon,F
OL27257,College,4381,20394,115,0,Personal Auto,Two-Door Car,508,Nevada,F
TH86528,High School or Below,5775,0,76,0,Personal Auto,Two-Door Car,784,Washington,F
DS34823,High School or Below,4250,0,61,1,Personal Auto,Four-Door Car,292,Arizona,F
HB24005,College,2347,31617,62,1,Personal Auto,Four-Door Car,244,California,M
ZV96574,High School or Below,6940,0,62,1,Corporate Auto,Four-Door Car,297,California,F
JC80093,Master,2572,21104,66,0,Personal Auto,Four-Door Car,118,Washington,M
KN24990,College,41491,37748,181,2,Personal Auto,Luxury,868,Arizona,M
RR39751,Bachelor,3571,0,96,0,Personal Auto,Four-Door Car,438,California,F
BN80677,Bachelor,12734,25023,82,0,Corporate Auto,Two-Door Car,397,Oregon,M
WL74893,College,4529,0,62,0,Special Auto,Four-Door Car,271,Oregon,F
ZN59196,Bachelor,4177,14108,109,0,Personal Auto,Four-Door Car,523,Oregon,F
PF77449,High School or Below,9824,23923,82,1,Personal Auto,Four-Door Car,393,Washington,F
HO38996,High School or Below,2430,0,67,0,Special Auto,Four-Door Car,321,Oregon,M
YU86361,Master,19160,22705,239,0,Personal Auto,Luxury,1294,Washington,F
PJ13204,High School or Below,3301,0,89,0,Corporate Auto,Two-Door Car,427,California,F
SP63623,College,4692,0,69,0,Personal Auto,Four-Door Car,506,Oregon,M
DP33625,College,8092,50825,102,0,Personal Auto,SUV,369,Arizona,M
BJ18904,College,3964,14616,106,0,Personal Auto,SUV,575,Arizona,M
TR26615,High School or Below,2497,0,69,0,Corporate Auto,Two-Door Car,272,Oregon,M
ZD44648,College,9656,29504,125,0,Personal Auto,SUV,1224,Arizona,M
QW60568,College,8888,58789,111,0,Corporate Auto,Four-Door Car,215,California,M
XS78545,College,7347,29491,61,0,Personal Auto,Four-Door Car,292,Oregon,F
EU19773,High School or Below,8578,78077,107,2,Personal Auto,Four-Door Car,438,Arizona,F
ZL45417,High School or Below,3467,0,96,0,Personal Auto,Two-Door Car,799,California,F
JS58659,Bachelor,8901,76558,74,0,Special Auto,Four-Door Car,216,Nevada,M
XK84089,Bachelor,2619,78618,66,0,Personal Auto,Two-Door Car,225,California,M
LH91968,Bachelor,8838,82664,114,3,Corporate Auto,SUV,133,Oregon,M
NX63627,Doctor,10127,23053,132,0,Personal Auto,Luxury,780,Oregon,M
ND62955,Bachelor,4633,50250,117,0,Personal Auto,SUV,561,Nevada,M
YQ11786,High School or Below,7796,32169,199,0,Personal Auto,Luxury,785,Oregon,M
TM13955,Master,2993,0,80,0,Corporate Auto,Four-Door Car,286,Washington,M
IA91291,College,7985,99069,66,0,Corporate Auto,Four-Door Car,77,Arizona,F
RO89785,College,3508,20978,98,1,Personal Auto,Four-Door Car,1176,Oregon,M
QW40898,College,2722,17576,71,0,Personal Auto,Four-Door Car,398,Arizona,F
ZD40816,Bachelor,2783,42297,71,0,Personal Auto,Four-Door Car,200,Nevada,M
PD82395,Bachelor,8649,0,115,0,Special Auto,Four-Door Car,824,Arizona,F
NW23827,College,4652,0,63,0,Personal Auto,Four-Door Car,151,California,F
GG61186,Doctor,8395,0,110,0,Personal Auto,Four-Door Car,161,Nevada,F
TB31268,College,8804,48990,74,0,Personal Auto,Four-Door Car,355,Arizona,F
SX98462,College,7155,16916,64,0,Personal Auto,Four-Door Car,377,Oregon,M
OL82456,Bachelor,3954,18375,103,0,Personal Auto,Luxury,535,Oregon,M
DN14211,College,15032,17150,65,0,Personal Auto,Two-Door Car,689,Oregon,M
ZG12619,Bachelor,8257,23815,73,0,Personal Auto,Four-Door Car,424,Washington,F
VH31071,College,9256,21947,118,0,Personal Auto,SUV,566,Arizona,F
SP36555,Bachelor,6507,0,97,0,Personal Auto,Four-Door Car,863,Arizona,M
ME83611,Bachelor,2530,89451,63,0,Personal Auto,Four-Door Car,61,Nevada,F
PH85036,Bachelor,5482,79325,68,0,Corporate Auto,Four-Door Car,251,Washington,F
PE54870,College,4050,88454,101,0,Personal Auto,SUV,308,Oregon,M
DT52189,High School or Below,6326,0,87,0,Personal Auto,Four-Door Car,417,California,F
XN48526,College,2627,20943,69,0,Personal Auto,Four-Door Car,240,California,F
KW52227,Bachelor,7814,51972,66,0,Personal Auto,Four-Door Car,316,California,M
JC98569,College,6314,54408,79,0,Personal Auto,Four-Door Car,288,Oregon,F
BG48083,Bachelor,6386,23751,82,1,Personal Auto,Two-Door Car,586,Nevada,F
PD19551,Bachelor,2537,37612,64,0,Personal Auto,Four-Door Car,307,California,F
BJ13380,Bachelor,5335,91603,69,2,Personal Auto,Four-Door Car,472,Oregon,F
HY25004,High School or Below,4549,0,62,0,Personal Auto,Two-Door Car,639,Arizona,F
WF50693,High School or Below,4836,16450,128,0,Corporate Auto,SUV,871,Oregon,M
MA45099,Bachelor,6478,50864,83,1,Corporate Auto,Four-Door Car,158,Oregon,M
ZC69696,College,35440,74560,110,0,Personal Auto,SUV,528,Arizona,F
VO43359,High School or Below,2404,62488,62,2,Personal Auto,Four-Door Car,200,California,M
OM63954,Bachelor,9264,55837,117,0,Personal Auto,Two-Door Car,741,California,F
GV71044,College,2433,0,66,0,Personal Auto,Two-Door Car,475,Oregon,F
TM79451,College,5367,97742,67,0,Personal Auto,Four-Door Car,67,California,F
PA84292,Bachelor,2452,0,69,0,Personal Auto,Four-Door Car,496,Oregon,F
QX67584,High School or Below,8646,64125,108,0,Personal Auto,SUV,369,Nevada,F
JK90180,College,4340,0,62,0,Personal Auto,Four-Door Car,446,Arizona,M
BH35482,Doctor,4930,70412,61,0,Corporate Auto,Two-Door Car,136,Washington,M
VU84949,Bachelor,5292,0,70,0,Personal Auto,Two-Door Car,336,Washington,F
SF46129,High School or Below,8986,66267,111,0,Personal Auto,Four-Door Car,1093,California,M
OH35544,College,5619,0,82,0,Corporate Auto,Four-Door Car,863,Nevada,F
ZF82387,High School or Below,10340,40882,89,0,Corporate Auto,Two-Door Car,393,Oregon,M
MD40054,High School or Below,6369,34498,83,0,Personal Auto,Two-Door Car,398,Oregon,M
LE96510,High School or Below,2767,0,74,0,Personal Auto,Four-Door Car,355,Oregon,F
MC11907,High School or Below,4831,23228,64,1,Corporate Auto,Four-Door Car,307,California,F
DA57177,College,4282,40864,109,1,Personal Auto,SUV,166,Oregon,F
SU77646,Master,5718,46133,73,0,Personal Auto,Four-Door Car,19,Oregon,M
YZ19736,College,2580,46900,66,0,Personal Auto,Four-Door Car,316,Arizona,M
JZ69749,High School or Below,6481,0,92,0,Personal Auto,Four-Door Car,441,Washington,F
BJ22117,Master,5133,53390,64,0,Personal Auto,Four-Door Car,278,Washington,M
UQ60825,College,9369,99185,115,0,Corporate Auto,SUV,449,California,F
ZZ89380,Bachelor,3196,62815,80,0,Special Auto,Two-Door Car,47,Oregon,F
LU87443,College,4720,26277,61,0,Personal Auto,Four-Door Car,292,Oregon,F
DG33206,Doctor,8861,41854,110,0,Personal Auto,Four-Door Car,481,Washington,F
AB98823,College,6032,0,86,0,Personal Auto,Two-Door Car,412,Arizona,M
MS34991,High School or Below,6832,66627,85,0,Personal Auto,Four-Door Car,733,Arizona,M
EE53627,High School or Below,2242,12131,64,1,Personal Auto,Four-Door Car,251,Oregon,M
XY39691,High School or Below,4157,0,110,0,Personal Auto,SUV,528,Arizona,F
ZU96776,Bachelor,6189,0,90,0,Personal Auto,Two-Door Car,648,California,M
FF84784,College,5643,33317,72,1,Personal Auto,Two-Door Car,345,California,M
QT90140,Doctor,5332,68931,66,0,Personal Auto,Four-Door Car,309,Arizona,F
TO71844,College,2121,0,67,1,Personal Auto,Four-Door Car,321,Oregon,M
HV69023,High School or Below,8281,19189,108,0,Personal Auto,SUV,518,California,F
RE32481,Master,7835,49390,195,0,Personal Auto,Luxury,738,California,F
CA79988,College,2552,33124,67,0,Personal Auto,Four-Door Car,80,Oregon,M
DO48071,College,2795,40516,70,0,Personal Auto,Two-Door Car,137,California,F
MW48891,High School or Below,8007,0,112,0,Personal Auto,Luxury,537,Washington,F
JC37277,College,6886,34615,87,0,Personal Auto,Four-Door Car,417,Oregon,M
YU80673,College,5106,29894,72,4,Personal Auto,Four-Door Car,16,California,F
BV69462,Bachelor,5612,0,79,0,Corporate Auto,Two-Door Car,379,Oregon,F
DW86238,High School or Below,5658,0,84,0,Personal Auto,Four-Door Car,847,Washington,M
BQ51616,High School or Below,7263,86732,180,0,Personal Auto,Luxury,204,Oregon,F
XX89213,Master,8712,68516,216,0,Corporate Auto,Luxury,95,Nevada,F
JC96695,Doctor,9198,31562,115,0,Personal Auto,SUV,552,California,M
RN55306,High School or Below,5162,0,74,0,Personal Auto,Four-Door Car,582,Oregon,F
WH36609,Bachelor,6289,24477,79,0,Personal Auto,Four-Door Car,379,Arizona,F
UO43395,Master,3649,0,100,0,Personal Auto,SUV,480,Oregon,M
DS32060,College,6766,20046,87,0,Personal Auto,Two-Door Car,417,California,M
LK51056,Bachelor,4631,78152,114,0,Corporate Auto,SUV,547,Arizona,M
PX71218,Bachelor,6810,0,65,0,Personal Auto,Four-Door Car,733,Arizona,M
NS19456,College,9378,36067,117,0,Personal Auto,Luxury,561,Oregon,F
MR60878,Bachelor,15762,44362,66,0,Corporate Auto,Four-Door Car,142,Oregon,F
MB32944,Master,2635,77350,66,0,Personal Auto,Four-Door Car,316,Nevada,M
FE70473,College,5741,86641,71,0,Personal Auto,Two-Door Car,161,Oregon,F
XB64251,College,8414,72258,105,0,Personal Auto,SUV,12,Oregon,M
WI38796,Bachelor,9123,70737,114,0,Corporate Auto,SUV,741,Oregon,M
KS12294,Bachelor,15994,0,159,0,Personal Auto,SUV,1410,California,M
US89453,College,9022,0,125,0,Personal Auto,SUV,988,California,M
XK39439,College,4759,0,81,3,Personal Auto,Four-Door Car,388,California,M
VJ71087,Bachelor,3993,17672,110,0,Personal Auto,SUV,792,Arizona,M
FM54600,High School or Below,18853,0,173,0,Corporate Auto,SUV,1245,Washington,F
UV43859,High School or Below,8840,47297,115,4,Personal Auto,SUV,796,Oregon,F
JP28293,Doctor,6696,57240,83,0,Corporate Auto,Four-Door Car,83,California,F
UV48189,Bachelor,8476,28181,109,0,Personal Auto,SUV,523,California,M
ZA34848,Bachelor,5205,31275,66,0,Personal Auto,Two-Door Car,316,Arizona,F
FA57012,College,6141,0,182,0,Special Auto,Luxury,1310,California,M
GU82757,Bachelor,4376,63774,111,0,Corporate Auto,Four-Door Car,60,California,F
KW12214,High School or Below,12375,78441,103,0,Personal Auto,SUV,613,Oregon,M
EG97649,College,3451,0,104,2,Personal Auto,SUV,499,Oregon,F
YB42706,College,8107,0,76,0,Corporate Auto,Two-Door Car,364,Nevada,M
WV74449,College,8662,0,117,0,Personal Auto,SUV,511,Washington,F
AZ77669,High School or Below,8696,91423,109,1,Personal Auto,SUV,435,Oregon,M
FM25704,Bachelor,2535,86933,63,0,Corporate Auto,Two-Door Car,269,Oregon,M
UR34922,Doctor,5633,65255,72,2,Personal Auto,Four-Door Car,321,California,M
RA17555,High School or Below,5176,41533,65,0,Corporate Auto,Four-Door Car,232,Oregon,M
AW71157,College,5531,50097,71,0,Personal Auto,Four-Door Car,17,California,M
IN91592,Bachelor,2810,73858,72,3,Personal Auto,Four-Door Car,422,California,F
WX37953,College,2780,94943,69,0,Personal Auto,Four-Door Car,387,Oregon,F
NL85206,College,2572,72685,68,5,Personal Auto,Four-Door Car,14,California,F
PR23514,College,7664,60184,199,1,Personal Auto,Luxury,161,California,M
XZ23352,High School or Below,3839,0,106,0,Corporate Auto,SUV,763,California,F
MX80067,High School or Below,2509,74045,64,0,Personal Auto,Four-Door Car,307,California,M
HR10835,High School or Below,14566,52564,122,0,Personal Auto,SUV,42,Nevada,M
FR15942,Bachelor,3220,19098,87,0,Personal Auto,Two-Door Car,417,Washington,M
GX22886,College,3199,78784,80,0,Personal Auto,Four-Door Car,239,Arizona,M
HQ70429,College,16045,0,65,0,Personal Auto,Two-Door Car,163,Washington,F
YT84266,College,4918,29256,63,0,Personal Auto,Four-Door Car,302,Oregon,M
GH48715,High School or Below,5623,77912,71,1,Corporate Auto,Four-Door Car,23,Arizona,F
BN46866,College,5677,45345,72,0,Personal Auto,Four-Door Car,99,Oregon,M
CG94611,College,3016,25630,86,0,Corporate Auto,Two-Door Car,412,Oregon,M
GK94889,College,5279,22280,68,0,Personal Auto,Four-Door Car,169,California,M
QN62538,High School or Below,4803,0,69,0,Corporate Auto,Four-Door Car,496,Nevada,M
UQ13133,Master,2608,61567,65,0,Personal Auto,Four-Door Car,39,Nevada,M
DI65961,High School or Below,7832,34644,66,0,Personal Auto,Four-Door Car,316,Arizona,M
WQ85760,College,4260,26991,119,0,Corporate Auto,SUV,856,California,M
No35621,Bachelor,2369,49746,61,0,Personal Auto,Two-Door Car,624,Arizona,M
IA11644,High School or Below,20604,0,72,1,Special Auto,Two-Door Car,723,California,M
TV53243,College,2652,49625,66,0,Corporate Auto,Two-Door Car,261,Arizona,F
WV53081,College,2597,49308,65,0,Corporate Auto,Four-Door Car,150,Arizona,F
LL57541,Master,7712,63624,95,0,Personal Auto,Four-Door Car,175,California,F
RP27249,Master,4698,80358,116,0,Personal Auto,SUV,443,Oregon,F
OT85112,College,3403,38460,88,1,Personal Auto,Four-Door Car,91,Washington,M
GV47847,High School or Below,4355,0,64,0,Personal Auto,Two-Door Car,460,California,M
BB48165,Bachelor,11095,0,101,0,Personal Auto,SUV,727,California,F
HH80006,High School or Below,3300,0,92,0,Personal Auto,Four-Door Car,711,Oregon,F
TH70115,College,6981,34835,89,2,Personal Auto,Two-Door Car,294,California,M
WE64781,Bachelor,16922,93836,139,0,Corporate Auto,Luxury,497,Oregon,F
KN27565,Master,7639,34075,196,0,Special Auto,Luxury,451,Oregon,M
LE85123,Bachelor,19237,35624,66,2,Personal Auto,Four-Door Car,227,Oregon,M
QF76244,Doctor,2915,83218,72,0,Personal Auto,Four-Door Car,245,Oregon,F
PU73561,Bachelor,4196,24641,105,0,Personal Auto,SUV,504,Arizona,F
HM38744,Bachelor,16473,22828,106,0,Corporate Auto,SUV,508,Oregon,M
ST59524,College,2657,0,71,0,Personal Auto,Four-Door Car,340,Oregon,M
EZ77297,Master,3267,28729,90,3,Personal Auto,Four-Door Car,338,California,M
DR84843,Bachelor,2584,72731,65,0,Personal Auto,Four-Door Car,125,Arizona,M
MV54498,College,5503,59932,71,1,Personal Auto,Four-Door Car,116,California,F
EM85557,College,8021,54292,67,0,Personal Auto,Four-Door Car,321,Washington,F
FY73682,Bachelor,19606,0,194,0,Personal Auto,Luxury,931,California,M
XT54610,Bachelor,1904,0,63,3,Personal Auto,Four-Door Car,302,California,F
CE16324,College,7288,59414,91,0,Personal Auto,Two-Door Car,340,Nevada,F
KX75698,High School or Below,5553,96587,138,0,Personal Auto,SUV,749,Oregon,M
UV82770,Bachelor,11702,0,111,0,Personal Auto,SUV,532,California,M
MX95450,College,36897,0,133,0,Personal Auto,SUV,638,Oregon,F
XF96605,College,2957,94362,74,0,Personal Auto,Two-Door Car,195,California,M
WQ75856,Bachelor,19643,84488,61,0,Personal Auto,Four-Door Car,208,Oregon,F
JG35886,College,4111,65085,103,0,Personal Auto,Four-Door Car,480,California,F
XY66810,Bachelor,15122,0,72,0,Personal Auto,Two-Door Car,518,California,F
ON50913,College,12807,0,69,0,Special Auto,Four-Door Car,450,California,F
LS59408,High School or Below,2500,0,67,0,Personal Auto,Four-Door Car,664,Arizona,M
XQ14689,College,4260,0,62,0,Personal Auto,Four-Door Car,446,Nevada,M
QF55724,Bachelor,2609,60798,66,0,Personal Auto,Four-Door Car,316,California,M
FD79560,High School or Below,10796,30761,69,2,Special Auto,Two-Door Car,331,Arizona,F
KM18818,College,2590,25981,65,0,Personal Auto,Two-Door Car,77,Arizona,F
XA28126,Bachelor,29199,67739,149,0,Personal Auto,SUV,270,California,M
LJ93770,Doctor,4194,25581,105,0,Personal Auto,SUV,429,Arizona,F
MK52711,High School or Below,10314,99759,65,3,Personal Auto,Two-Door Car,74,California,F
AZ68184,High School or Below,9028,76514,112,0,Personal Auto,SUV,573,Washington,M
NN52789,Bachelor,3954,18375,103,0,Personal Auto,Luxury,535,Arizona,M
XC68458,Bachelor,6089,21832,84,0,Personal Auto,Four-Door Car,403,California,M
AF49027,College,12827,0,117,0,Personal Auto,Two-Door Car,842,Arizona,F
PR22184,College,9135,95330,113,0,Corporate Auto,Luxury,542,California,F
GM98732,College,7902,0,106,0,Personal Auto,SUV,634,California,F
NP66209,College,14827,0,68,2,Personal Auto,Two-Door Car,326,California,F
GA46608,Bachelor,2500,25899,63,0,Personal Auto,Four-Door Car,302,Oregon,M
FZ79470,Bachelor,5395,0,74,0,Personal Auto,Four-Door Car,355,Arizona,F
KR10942,Bachelor,2651,33201,66,0,Personal Auto,Two-Door Car,314,Oregon,F
AW86033,College,2119,18287,61,4,Personal Auto,Two-Door Car,292,California,M
LM79063,Doctor,7155,76506,89,0,Personal Auto,Two-Door Car,427,Arizona,F
NB30963,High School or Below,5994,41859,76,0,Personal Auto,Two-Door Car,166,California,M
AO40386,College,22647,27504,91,0,Personal Auto,Four-Door Car,436,Oregon,M
BN74259,High School or Below,2833,45360,73,0,Corporate Auto,Four-Door Car,350,Arizona,M
XV69290,College,22332,49078,97,0,Corporate Auto,Four-Door Car,484,California,M
RE97741,High School or Below,5846,0,90,2,Personal Auto,Four-Door Car,648,California,M
HN69035,College,2867,91810,71,0,Corporate Auto,Four-Door Car,165,Arizona,F
SI48717,College,14435,70600,122,1,Personal Auto,SUV,636,Oregon,M
PJ67250,College,5237,33554,131,0,Special Auto,SUV,934,Arizona,F
SH85263,Bachelor,7710,77642,64,0,Personal Auto,Two-Door Car,282,California,M
WV37081,College,5158,25963,66,0,Personal Auto,Four-Door Car,298,California,M
No61408,Bachelor,5414,57452,136,1,Personal Auto,SUV,652,California,F
DE91458,Master,2903,0,77,0,Personal Auto,Four-Door Car,491,Washington,F
EP83939,High School or Below,5575,91416,69,0,Personal Auto,Four-Door Car,109,Arizona,M
IU17657,Bachelor,2616,22000,69,0,Personal Auto,Two-Door Car,383,California,M
EO95166,Bachelor,4617,41167,118,0,Personal Auto,Four-Door Car,554,Oregon,M
KX79225,High School or Below,20123,0,70,0,Personal Auto,Four-Door Car,504,Oregon,M
EZ60033,Bachelor,3200,0,86,0,Corporate Auto,Four-Door Car,412,California,F
KK58047,College,8583,53944,71,0,Personal Auto,Two-Door Car,340,Oregon,M
JW62354,College,4349,75648,108,0,Personal Auto,SUV,112,Nevada,F
TT18939,Bachelor,4729,29414,64,0,Personal Auto,Four-Door Car,71,California,M
IJ21010,Bachelor,5015,48567,130,0,Personal Auto,SUV,624,Arizona,F
PZ31902,Bachelor,5797,69276,74,2,Personal Auto,Two-Door Car,201,Arizona,F
WD88540,High School or Below,3475,0,96,0,Personal Auto,Two-Door Car,460,California,M
IL67915,College,8542,50117,107,0,Corporate Auto,Four-Door Car,462,Arizona,F
VQ76590,Bachelor,16473,22828,106,0,Personal Auto,SUV,508,Arizona,M
FJ60600,High School or Below,6776,0,96,0,Personal Auto,Four-Door Car,818,Oregon,F
MP53132,High School or Below,9713,0,136,0,Corporate Auto,SUV,979,Oregon,F
XP96549,High School or Below,4429,20868,112,0,Personal Auto,SUV,537,Oregon,F
VC34797,Bachelor,2435,40921,62,2,Corporate Auto,Four-Door Car,10,California,F
QV30663,Master,9863,99654,121,0,Personal Auto,SUV,272,Nevada,F
AK90865,High School or Below,8207,0,110,0,Special Auto,Luxury,686,Oregon,F
BX51438,Bachelor,2781,56218,72,2,Personal Auto,Four-Door Car,302,Arizona,M
DU38713,High School or Below,5807,70717,72,0,Personal Auto,Two-Door Car,37,Arizona,F
WQ13284,College,8395,62989,71,1,Personal Auto,Four-Door Car,319,California,M
JB36584,Master,14333,41459,71,0,Personal Auto,Four-Door Car,340,Arizona,M
WQ23548,Master,11003,0,102,1,Personal Auto,SUV,489,California,F
WZ98067,College,4049,42512,105,1,Personal Auto,Four-Door Car,77,Oregon,M
AQ11656,Bachelor,2141,0,61,0,Personal Auto,Four-Door Car,437,Arizona,M
KL14426,Doctor,5079,83288,124,0,Personal Auto,SUV,353,Nevada,F
PG48617,High School or Below,2895,46267,72,0,Personal Auto,Four-Door Car,231,California,M
QB24570,Master,9031,0,122,0,Corporate Auto,Luxury,650,Oregon,F
NI68379,Master,6554,74424,81,0,Personal Auto,Four-Door Car,388,Oregon,M
RS92763,College,7487,0,72,0,Personal Auto,Four-Door Car,693,Oregon,F
PA75237,Doctor,15118,58883,62,0,Corporate Auto,Two-Door Car,432,Nevada,M
LR35392,High School or Below,9007,41539,116,0,Personal Auto,Four-Door Car,556,Oregon,M
KC22636,High School or Below,5488,33881,68,0,Personal Auto,Four-Door Car,65,California,F
IJ98317,Bachelor,7234,86448,90,0,Personal Auto,Four-Door Car,59,California,F
DY49235,College,5205,25237,69,0,Personal Auto,Four-Door Car,378,Arizona,F
EG94409,High School or Below,4697,0,67,0,Special Auto,Four-Door Car,482,Nevada,F
GB59748,College,6207,49419,77,0,Personal Auto,Four-Door Car,203,Arizona,F
MP68135,College,6615,90414,83,1,Personal Auto,Four-Door Car,398,Oregon,M
CZ56843,College,9708,39930,86,1,Personal Auto,Four-Door Car,412,California,M
DJ47372,Doctor,10831,23202,96,0,Personal Auto,Four-Door Car,460,California,M
XZ51937,Master,4626,79487,114,0,Personal Auto,SUV,547,California,F
IZ27630,Master,6748,68423,85,0,Personal Auto,Two-Door Car,324,Oregon,M
IM14119,Bachelor,2542,84495,63,0,Special Auto,Two-Door Car,302,Arizona,F
PN53766,Doctor,5450,43091,69,1,Corporate Auto,Four-Door Car,330,California,M
DQ93036,High School or Below,7243,41951,91,0,Personal Auto,Four-Door Car,40,Arizona,M
WA70405,College,8306,89834,105,0,Personal Auto,SUV,504,Nevada,M
NF51705,High School or Below,2734,92157,69,0,Corporate Auto,Two-Door Car,270,Nevada,M
LR37068,College,11030,35773,93,0,Personal Auto,Four-Door Car,446,Oregon,F
EC18611,High School or Below,3402,0,99,0,Personal Auto,Two-Door Car,475,Nevada,M
NP88319,High School or Below,6945,15850,61,0,Corporate Auto,Two-Door Car,314,Oregon,F
AA11235,Bachelor,2568,11167,73,3,Personal Auto,Two-Door Car,350,Nevada,F
DL55489,High School or Below,5764,21195,72,0,Corporate Auto,Four-Door Car,345,Oregon,M
UU53919,Master,5403,27430,68,0,Personal Auto,Two-Door Car,184,Oregon,F
JI11950,High School or Below,4899,0,63,0,Personal Auto,Two-Door Car,302,California,F
QB82117,High School or Below,9048,0,119,0,Personal Auto,Luxury,571,Oregon,M
MR33456,High School or Below,8093,59839,107,2,Personal Auto,SUV,513,Washington,M
YN17362,College,2496,0,73,0,Corporate Auto,Two-Door Car,350,California,M
UR73910,College,2602,38166,67,1,Corporate Auto,Four-Door Car,236,California,M
KG63751,High School or Below,6751,0,95,0,Personal Auto,Four-Door Car,456,Washington,M
NK39001,Bachelor,3621,13457,94,0,Personal Auto,Two-Door Car,285,Oregon,F
HR85493,College,6896,0,68,0,Personal Auto,Two-Door Car,326,California,M
QC50643,Bachelor,5438,52721,136,0,Personal Auto,SUV,550,California,F
LO90345,College,14472,22012,185,0,Corporate Auto,Luxury,75,Oregon,F
WK64739,Bachelor,2359,19864,63,0,Corporate Auto,Four-Door Car,352,Arizona,F
QK88438,College,5323,55289,67,0,Personal Auto,Four-Door Car,134,Arizona,F
QX42433,College,7390,30449,92,0,Personal Auto,Four-Door Car,501,California,M
BH52611,Bachelor,11447,27362,144,0,Personal Auto,SUV,422,California,F
SA77508,High School or Below,5754,29460,72,0,Personal Auto,Four-Door Car,29,Oregon,F
HD99234,College,10244,0,94,0,Personal Auto,Four-Door Car,451,Oregon,F
DE37110,Master,4645,42532,118,0,Personal Auto,Luxury,200,California,M
DJ93289,High School or Below,4887,66707,61,0,Personal Auto,Two-Door Car,71,California,F
AC40767,Bachelor,2497,68041,64,0,Personal Auto,Two-Door Car,165,Washington,M
GA79817,Bachelor,2369,0,65,0,Corporate Auto,Four-Door Car,468,Arizona,M
QH62059,Bachelor,4490,0,64,1,Personal Auto,Four-Door Car,307,California,M
ZS35053,High School or Below,3719,40968,97,1,Personal Auto,Four-Door Car,465,Arizona,M
II37804,Bachelor,4198,39913,106,0,Personal Auto,SUV,344,Nevada,M
GE63585,Bachelor,2420,31710,62,0,Corporate Auto,Two-Door Car,199,California,M
UV86903,Bachelor,4462,0,73,3,Personal Auto,Two-Door Car,350,California,F
JL71713,Bachelor,6291,89113,78,0,Personal Auto,Four-Door Car,219,California,F
DO60145,College,4270,0,122,0,Personal Auto,SUV,725,Arizona,M
FC59209,Bachelor,2460,0,67,0,Personal Auto,Four-Door Car,321,California,F
XQ74827,High School or Below,19435,38688,249,0,Special Auto,Luxury,2294,Arizona,F
EY13576,College,7374,0,110,4,Personal Auto,SUV,528,Oregon,F
US82810,Bachelor,18269,0,127,0,Corporate Auto,SUV,609,California,F
RC61383,High School or Below,11925,28014,104,0,Personal Auto,SUV,631,Oregon,M
PO80505,College,4223,14170,109,0,Personal Auto,SUV,523,Nevada,F
MD17521,High School or Below,10298,64825,129,0,Personal Auto,SUV,359,Oregon,M
YV93921,Bachelor,5229,77357,67,0,Personal Auto,Four-Door Car,29,California,M
JP64518,Bachelor,2402,21629,62,0,Corporate Auto,Two-Door Car,298,Nevada,M
OI98135,High School or Below,3933,25927,103,0,Personal Auto,SUV,674,Washington,M
XS97845,College,4299,44388,113,1,Personal Auto,Four-Door Car,496,Oregon,M
DL20327,College,7635,54539,63,0,Personal Auto,Four-Door Car,287,Oregon,F
GD86131,College,2722,17576,71,0,Corporate Auto,Four-Door Car,398,California,F
ID21061,Master,7291,84629,90,0,Personal Auto,Four-Door Car,411,Arizona,F
EN65835,Bachelor,58753,24964,185,0,Personal Auto,SUV,888,Arizona,F
BE65350,High School or Below,5261,43573,66,0,Personal Auto,Two-Door Car,409,Oregon,F
GI82721,College,16938,0,69,0,Corporate Auto,Four-Door Car,340,Arizona,F
YR84813,College,10575,0,105,0,Special Auto,Four-Door Car,756,Oregon,M
JZ28301,College,5552,35011,70,0,Personal Auto,Four-Door Car,215,Oregon,F
HL40930,Bachelor,7150,63651,92,0,Personal Auto,Four-Door Car,224,Oregon,M
HL33607,College,8717,83846,74,3,Personal Auto,Four-Door Car,355,Washington,M
WU21638,Bachelor,6847,0,191,0,Personal Auto,Luxury,1317,California,M
AG32304,College,5418,39133,67,0,Personal Auto,Four-Door Car,90,Nevada,F
JX26859,Doctor,3528,31278,92,4,Personal Auto,Two-Door Car,441,California,M
KC75958,High School or Below,16468,0,63,0,Personal Auto,Four-Door Car,685,California,F
ZV32968,High School or Below,7285,44788,61,0,Personal Auto,Four-Door Car,386,Oregon,M
GU45597,Bachelor,16963,0,117,0,Corporate Auto,SUV,561,Oregon,F
SO95845,College,5807,62447,74,0,Personal Auto,Two-Door Car,133,California,F
GL32197,College,5068,31475,64,1,Personal Auto,Four-Door Car,22,Oregon,M
SC11374,College,8797,80780,109,0,Corporate Auto,SUV,3,Nevada,F
RT29777,Bachelor,4439,88613,111,0,Personal Auto,SUV,359,Oregon,F
OB73235,College,2404,45949,62,0,Corporate Auto,Two-Door Car,110,California,M
MV41462,Bachelor,5066,35596,64,0,Personal Auto,Two-Door Car,307,Arizona,F
FM67585,High School or Below,5890,76875,73,0,Personal Auto,Four-Door Car,17,California,M
KG57925,Bachelor,2410,41842,61,0,Corporate Auto,Two-Door Car,292,California,M
IY24560,Bachelor,5288,28884,72,1,Corporate Auto,Four-Door Car,518,California,M
BV33510,High School or Below,26413,24631,83,1,Personal Auto,Four-Door Car,398,Arizona,F
XA77673,College,16236,0,74,2,Personal Auto,Four-Door Car,680,Nevada,F
XN90861,Bachelor,5534,71560,69,0,Personal Auto,Two-Door Car,178,Arizona,F
WS84995,Master,9202,0,80,0,Personal Auto,Four-Door Car,384,Nevada,M
ZZ49347,High School or Below,2592,72421,65,0,Personal Auto,Four-Door Car,312,Oregon,M
XX85323,Master,8019,54702,199,0,Personal Auto,SUV,955,Arizona,F
JO64487,High School or Below,6943,0,76,5,Special Auto,Four-Door Car,547,California,F
TO55363,High School or Below,13367,57335,67,0,Personal Auto,Two-Door Car,407,Oregon,F
UE67791,College,5885,0,67,3,Personal Auto,Two-Door Car,482,Arizona,M
JN69287,High School or Below,3479,35033,87,0,Personal Auto,Two-Door Car,490,California,M
AT55072,College,9103,65733,113,0,Personal Auto,Four-Door Car,684,Arizona,M
LV34368,Bachelor,4813,0,69,0,Special Auto,Four-Door Car,472,California,M
QU40939,College,9575,0,88,0,Personal Auto,Four-Door Car,633,Arizona,F
IP94270,Master,13736,16181,181,0,Personal Auto,SUV,1261,Arizona,F
KW33804,High School or Below,8090,86180,69,4,Personal Auto,Four-Door Car,48,Nevada,M
IA42992,High School or Below,8267,36881,104,0,Special Auto,SUV,499,Arizona,M
CZ19025,High School or Below,2489,47888,64,1,Personal Auto,Four-Door Car,545,Oregon,F
EN54716,Doctor,2395,21986,63,0,Personal Auto,Two-Door Car,333,Oregon,F
UF27940,College,3863,47199,100,3,Corporate Auto,SUV,480,Washington,F
QD36118,College,5173,0,69,0,Personal Auto,Four-Door Car,331,Oregon,F
XI52305,Bachelor,4984,86305,62,0,Personal Auto,Four-Door Car,80,California,M
HZ25580,High School or Below,2396,39062,61,0,Corporate Auto,Two-Door Car,346,Washington,F
JY97451,College,2631,16976,69,0,Personal Auto,Four-Door Car,238,California,F
US78266,High School or Below,6993,0,65,2,Corporate Auto,Four-Door Car,468,California,F
SX25962,College,15055,83283,193,1,Personal Auto,Luxury,273,Arizona,M
XQ12791,High School or Below,3401,41972,86,0,Personal Auto,Four-Door Car,691,California,M
EU59853,College,4126,34080,107,1,Personal Auto,Four-Door Car,220,California,M
QR21417,Bachelor,4462,0,73,3,Corporate Auto,Two-Door Car,350,California,F
CI27304,College,9320,40269,81,2,Personal Auto,Four-Door Car,329,California,M
WJ52097,Bachelor,3663,61894,91,0,Corporate Auto,Four-Door Car,436,Oregon,F
FT65961,College,4962,23300,63,1,Corporate Auto,Four-Door Car,339,California,F
DP87594,Bachelor,2816,66023,70,0,Personal Auto,Two-Door Car,265,Oregon,F
KP96020,Bachelor,4330,39660,107,0,Corporate Auto,Luxury,416,Arizona,F
HQ15974,College,8262,0,76,1,Personal Auto,Four-Door Car,32,Nevada,F
VE98553,Bachelor,4666,60466,117,0,Personal Auto,Four-Door Car,784,Oregon,M
ME44353,College,5876,32848,74,0,Personal Auto,Four-Door Car,250,Oregon,F
AE62631,Bachelor,8427,20662,72,0,Personal Auto,Two-Door Car,373,Oregon,M
GX29162,High School or Below,13023,64985,108,0,Personal Auto,Two-Door Car,16,Arizona,F
LY69932,High School or Below,8209,68022,103,0,Personal Auto,Luxury,494,Oregon,M
YY74036,College,2464,72834,65,3,Corporate Auto,Four-Door Car,91,California,M
DP92488,Doctor,2727,74592,67,0,Personal Auto,Two-Door Car,321,Washington,F
FO74055,College,3086,73938,76,0,Personal Auto,Two-Door Car,53,California,F
GT97121,College,22067,15999,83,0,Personal Auto,Four-Door Car,398,California,M
VF83291,College,4836,0,69,0,Personal Auto,Four-Door Car,632,Oregon,F
OU76593,College,6912,0,96,0,Personal Auto,Four-Door Car,460,Oregon,M
HO40387,Master,2570,0,72,3,Personal Auto,Two-Door Car,345,California,M
GR37045,Bachelor,2991,0,80,0,Corporate Auto,Four-Door Car,576,Nevada,F
KZ84621,High School or Below,8253,62375,103,1,Personal Auto,SUV,411,Nevada,F
FR82361,Doctor,10477,61427,88,0,Personal Auto,Four-Door Car,422,Arizona,M
UM14883,High School or Below,16373,64396,103,0,Special Auto,SUV,355,California,M
UX32931,College,5184,49312,65,1,Corporate Auto,Four-Door Car,230,California,F
QA68548,High School or Below,10634,0,61,0,Personal Auto,Two-Door Car,292,California,F
QV40364,High School or Below,15114,28513,100,1,Personal Auto,SUV,480,California,F
TY87896,High School or Below,11875,0,108,0,Personal Auto,SUV,518,California,M
CV75841,College,4369,97321,110,0,Personal Auto,Four-Door Car,74,California,M
YO62357,College,7432,58839,65,3,Personal Auto,Two-Door Car,18,California,F
YN19139,High School or Below,2558,0,72,0,Corporate Auto,Four-Door Car,518,Nevada,M
PE63707,Bachelor,5452,88567,67,0,Personal Auto,Four-Door Car,321,Nevada,M
NS74173,College,2968,91646,74,0,Corporate Auto,Two-Door Car,57,Nevada,M
ZI73222,High School or Below,15700,0,211,0,Personal Auto,Luxury,1012,California,M
AC24378,High School or Below,7477,48552,94,0,Corporate Auto,Four-Door Car,262,Arizona,F
XR71687,Bachelor,9407,31485,118,0,Personal Auto,SUV,294,Oregon,M
GJ70481,High School or Below,4428,0,64,0,Personal Auto,Four-Door Car,628,Arizona,M
JI94264,College,10053,16511,135,0,Personal Auto,SUV,972,Arizona,M
YI95434,College,2907,51020,73,0,Personal Auto,Four-Door Car,350,California,F
RL34830,College,7644,43838,97,0,Corporate Auto,Four-Door Car,465,California,M
CA96568,College,9709,0,133,0,Corporate Auto,SUV,827,Oregon,M
UO16539,Bachelor,8439,22454,110,2,Personal Auto,SUV,556,Washington,M
NP18074,Bachelor,4209,57933,105,0,Personal Auto,SUV,533,Arizona,F
TW45475,College,8556,0,124,3,Personal Auto,SUV,595,Nevada,M
CM66204,College,26770,26335,113,1,Personal Auto,SUV,355,Arizona,F
DX80961,Bachelor,16265,85322,134,0,Personal Auto,SUV,735,Arizona,F
JZ15681,High School or Below,3624,37843,92,0,Personal Auto,Four-Door Car,354,California,M
ZZ31825,Bachelor,2519,0,67,0,Personal Auto,Four-Door Car,482,Oregon,M
TF77410,College,4819,74730,61,0,Personal Auto,Four-Door Car,421,Arizona,M
HI16452,High School or Below,3028,0,94,1,Special Auto,Four-Door Car,483,Oregon,M
CW98845,Bachelor,2316,0,64,0,Personal Auto,Four-Door Car,307,Oregon,M
NI99807,College,13869,28432,118,0,Personal Auto,SUV,612,Oregon,M
QL45827,College,25807,71210,214,1,Personal Auto,Luxury,1027,Washington,F
GU60969,Bachelor,2342,19581,67,0,Corporate Auto,Four-Door Car,321,Arizona,M
FS67103,Bachelor,2747,0,80,0,Special Auto,Two-Door Car,576,Oregon,M
FQ24929,Master,5479,56005,68,1,Personal Auto,Four-Door Car,326,Oregon,M
YA12007,College,9199,0,80,0,Personal Auto,Four-Door Car,572,California,F
EW46828,High School or Below,8060,23671,69,0,Personal Auto,Four-Door Car,331,Arizona,M
YP67379,High School or Below,6686,22244,84,0,Personal Auto,Four-Door Car,114,Arizona,M
KH16079,High School or Below,4709,0,66,0,Personal Auto,Four-Door Car,470,Washington,F
SJ87277,High School or Below,2685,75329,67,0,Corporate Auto,Four-Door Car,45,Arizona,M
DW14769,High School or Below,3920,0,108,1,Personal Auto,Two-Door Car,525,Arizona,F
CN13435,College,5493,44369,68,0,Personal Auto,Four-Door Car,185,California,F
KO95143,High School or Below,8521,37910,108,0,Personal Auto,Four-Door Car,518,California,M
GT66241,High School or Below,2414,0,71,0,Personal Auto,Four-Door Car,511,California,M
PP97061,College,4282,40864,109,1,Personal Auto,SUV,166,Nevada,F
KP97208,College,5918,94846,73,0,Corporate Auto,Two-Door Car,305,Oregon,F
SB24397,High School or Below,7519,96306,95,1,Personal Auto,Four-Door Car,185,California,M
EM32982,Doctor,4472,53519,111,0,Corporate Auto,SUV,520,Arizona,F
LB97434,Bachelor,5531,50648,69,1,Personal Auto,Two-Door Car,331,Arizona,M
RR37715,Bachelor,8435,64692,70,0,Corporate Auto,Two-Door Car,336,Oregon,M
TC81636,High School or Below,10196,0,100,0,Corporate Auto,SUV,720,Arizona,M
IC55961,High School or Below,20552,0,187,1,Corporate Auto,Luxury,1430,Arizona,F
HR48520,Bachelor,3915,0,109,0,Personal Auto,SUV,784,Oregon,M
VI42566,Master,6010,49311,74,0,Personal Auto,Four-Door Car,355,Oregon,M
NU84299,High School or Below,2854,71126,71,0,Personal Auto,Four-Door Car,324,Arizona,M
RT63209,Master,5994,74284,74,0,Personal Auto,Four-Door Car,268,California,F
AM52614,Bachelor,4477,41402,119,4,Personal Auto,Luxury,571,Oregon,F
UO40192,High School or Below,5544,79619,71,3,Personal Auto,Four-Door Car,280,Nevada,M
SD67101,High School or Below,3600,25147,101,0,Personal Auto,SUV,694,Nevada,F
EW35231,High School or Below,9934,56379,125,1,Corporate Auto,SUV,600,Oregon,F
CT18212,Bachelor,6874,0,96,0,Personal Auto,Four-Door Car,691,California,F
YL91587,High School or Below,2374,48911,61,0,Personal Auto,Two-Door Car,292,Arizona,M
HS14476,College,9162,29723,80,0,Personal Auto,Four-Door Car,20,Washington,M
DA28072,Master,7380,21841,91,0,Corporate Auto,Four-Door Car,436,Arizona,F
JO98946,Bachelor,2655,31796,68,0,Personal Auto,Four-Door Car,377,Oregon,M
BA26944,Bachelor,7591,0,105,0,Corporate Auto,SUV,504,Nevada,M
AR47849,Bachelor,5015,48567,130,0,Personal Auto,SUV,624,Nevada,F
FO82261,College,4603,66161,118,0,Personal Auto,SUV,457,Oregon,M
QO56662,Master,2551,79751,63,0,Personal Auto,Two-Door Car,392,Arizona,M
UF74084,Bachelor,5641,39469,71,0,Personal Auto,Two-Door Car,315,Arizona,M
OX75108,Master,5463,44305,67,0,Personal Auto,Four-Door Car,214,Arizona,F
QG25195,Bachelor,4866,0,68,0,Personal Auto,Four-Door Car,444,Oregon,F
HT50748,Doctor,2779,38893,69,0,Personal Auto,Two-Door Car,279,Oregon,F
HC42288,College,4563,39187,118,1,Corporate Auto,SUV,566,California,F
TC69546,College,14376,70341,179,0,Personal Auto,SUV,253,Arizona,M
GJ63345,Bachelor,2279,0,64,0,Personal Auto,Four-Door Car,460,Arizona,F
RK45396,Bachelor,5380,0,73,0,Corporate Auto,Four-Door Car,350,California,M
YA71207,High School or Below,8708,30090,73,0,Corporate Auto,Two-Door Car,329,California,F
FK95213,Master,18611,49673,232,0,Personal Auto,Luxury,1021,California,F
MC53402,College,2215,0,66,0,Personal Auto,Two-Door Car,389,Washington,M
VU18023,High School or Below,7780,0,70,0,Personal Auto,Four-Door Car,504,California,F
VN37592,High School or Below,2860,50332,72,0,Personal Auto,Four-Door Car,345,Arizona,M
KL58949,Bachelor,5577,70190,71,0,Corporate Auto,Two-Door Car,15,California,M
KU14261,Master,7268,38179,90,1,Personal Auto,Four-Door Car,374,Arizona,F
RL97327,Bachelor,4060,0,115,1,Personal Auto,Four-Door Car,699,Washington,M
TO60700,Bachelor,7813,25859,74,0,Special Auto,Four-Door Car,355,Washington,F
CR33417,Master,4762,36529,118,0,Personal Auto,SUV,255,Washington,F
ZK90062,Bachelor,14166,67588,118,0,Personal Auto,Luxury,566,Arizona,M
JP44710,High School or Below,4354,0,121,0,Personal Auto,SUV,871,Nevada,M
RR93140,College,2880,81565,71,0,Personal Auto,Four-Door Car,190,California,F
HW56522,Bachelor,19185,35322,244,0,Personal Auto,Luxury,76,Arizona,M
LR27773,Bachelor,5329,43671,67,0,Corporate Auto,Four-Door Car,190,California,F
CT88432,Bachelor,4883,58682,61,0,Corporate Auto,Four-Door Car,206,Arizona,F
OK86731,College,4510,44230,114,0,Personal Auto,Luxury,738,Oregon,M
GB75821,Bachelor,15304,40269,193,0,Personal Auto,Luxury,926,Oregon,M
KL48832,College,5237,31756,66,0,Corporate Auto,Four-Door Car,160,Nevada,F
CA54112,Doctor,15119,47725,63,0,Personal Auto,Two-Door Car,142,Nevada,M
VC43751,Bachelor,5860,38684,74,0,Personal Auto,Two-Door Car,376,Arizona,F
BC87551,High School or Below,32306,36301,118,0,Corporate Auto,SUV,647,California,F
TD58354,High School or Below,4655,0,67,0,Personal Auto,Four-Door Car,482,Nevada,M
XM19715,College,5326,22268,67,0,Personal Auto,Two-Door Car,294,Oregon,F
KH19280,College,6513,50037,81,0,Special Auto,Four-Door Car,303,Arizona,F
GE50763,Bachelor,3491,0,104,0,Corporate Auto,Four-Door Car,748,Washington,M
VW63894,Master,7870,75740,98,0,Personal Auto,Four-Door Car,46,California,M
YX36936,College,4274,39621,109,1,Corporate Auto,SUV,25,Arizona,M
AF49625,Bachelor,7189,75838,90,0,Corporate Auto,Two-Door Car,428,Oregon,F
QN30162,Bachelor,11315,11885,101,0,Special Auto,Four-Door Car,484,Oregon,F
UI21548,High School or Below,2480,29444,63,0,Personal Auto,Two-Door Car,302,California,F
IN52645,High School or Below,7344,64371,181,0,Personal Auto,SUV,868,Oregon,F
CQ76030,High School or Below,6974,26514,91,0,Personal Auto,Four-Door Car,655,Oregon,M
BW94308,High School or Below,20096,92766,71,0,Personal Auto,Two-Door Car,379,Washington,F
PP39078,College,5623,31504,71,0,Special Auto,Four-Door Car,340,California,F
LM86393,High School or Below,2828,98680,72,2,Personal Auto,Four-Door Car,345,Oregon,F
NB81923,College,7294,0,113,2,Personal Auto,Luxury,733,Washington,F
SZ61347,College,5583,76927,138,0,Personal Auto,SUV,114,California,M
VM53683,Bachelor,25763,78804,71,0,Personal Auto,Four-Door Car,389,Nevada,F
BA38428,High School or Below,5639,73168,70,0,Corporate Auto,Four-Door Car,425,Arizona,M
FX80133,Master,4576,48569,114,0,Personal Auto,Four-Door Car,434,California,F
MT41386,Bachelor,2875,84768,72,0,Personal Auto,Two-Door Car,110,Washington,M
KV53202,High School or Below,3031,0,86,0,Corporate Auto,Two-Door Car,619,California,F
DB79694,High School or Below,5979,57693,76,0,Corporate Auto,Four-Door Car,547,Arizona,F
VY75186,College,2242,0,65,0,Personal Auto,Four-Door Car,85,California,M
IR57729,High School or Below,16547,46593,70,0,Corporate Auto,Two-Door Car,129,California,M
FG16885,College,15814,0,146,0,Personal Auto,SUV,1055,Arizona,M
NW21079,Master,4879,67163,61,2,Personal Auto,Two-Door Car,33,Washington,F
FR81224,Master,5494,89205,68,0,Personal Auto,Two-Door Car,165,Oregon,M
YK92213,Doctor,5060,0,138,0,Personal Auto,Luxury,570,Oregon,M
JV99867,Bachelor,11269,65448,94,0,Special Auto,Four-Door Car,451,California,F
TN66124,High School or Below,10552,77627,88,0,Corporate Auto,Two-Door Car,205,California,M
NT78297,Bachelor,7517,37695,96,0,Personal Auto,Two-Door Car,460,Oregon,F
KG49115,College,6298,89411,78,0,Personal Auto,Four-Door Car,116,California,F
WC77067,College,7821,0,114,0,Corporate Auto,SUV,914,Nevada,M
DW62397,Master,22806,10337,67,0,Personal Auto,Four-Door Car,321,Oregon,F
GK67747,College,4386,10621,67,0,Special Auto,Four-Door Car,321,Washington,M
QM39493,High School or Below,3499,16711,91,1,Personal Auto,Four-Door Car,580,California,M
JD11661,College,7528,0,106,0,Personal Auto,SUV,508,Oregon,F
PT73521,College,2732,42968,69,0,Personal Auto,Four-Door Car,331,California,M
TC99043,Master,13736,16181,181,0,Personal Auto,SUV,1261,California,F
PY50779,High School or Below,7060,85412,88,0,Personal Auto,Four-Door Car,134,Arizona,M
FK97285,High School or Below,3732,75774,92,1,Corporate Auto,Four-Door Car,441,California,F
JG12505,Master,4064,26599,101,0,Personal Auto,SUV,254,Nevada,F
FX65946,Bachelor,5754,34847,73,0,Personal Auto,Four-Door Car,525,Arizona,M
OU88023,High School or Below,8460,0,115,0,Personal Auto,SUV,552,California,F
XN32623,Bachelor,5638,85896,70,0,Personal Auto,Four-Door Car,48,Oregon,M
EV78251,Doctor,7163,0,66,0,Personal Auto,Two-Door Car,316,Oregon,F
HC80108,College,2803,43775,70,0,Personal Auto,Four-Door Car,310,California,F
LG45661,High School or Below,20940,0,67,0,Personal Auto,Four-Door Car,482,Nevada,F
ZJ22132,High School or Below,3130,42056,78,0,Personal Auto,Four-Door Car,221,Oregon,F
LG53863,High School or Below,3741,13093,100,0,Personal Auto,SUV,514,Oregon,F
KR87696,College,3439,98278,85,0,Personal Auto,Four-Door Car,367,California,F
LN44535,College,7284,44605,91,0,Personal Auto,Four-Door Car,436,Washington,F
FU63281,Bachelor,5278,32365,67,0,Personal Auto,Four-Door Car,193,Arizona,M
KV17007,College,5680,82255,71,0,Personal Auto,Four-Door Car,145,California,M
GR42174,College,2194,0,62,0,Personal Auto,Four-Door Car,623,Oregon,M
SR71812,High School or Below,6473,0,88,0,Personal Auto,Four-Door Car,468,California,F
CA29908,High School or Below,18522,65903,66,0,Personal Auto,Four-Door Car,316,Oregon,M
OB98149,College,4700,11417,63,0,Personal Auto,Two-Door Car,302,Washington,F
FX30915,High School or Below,21295,0,96,0,Corporate Auto,Two-Door Car,677,Arizona,F
OC39051,College,6158,0,67,2,Personal Auto,Four-Door Car,321,California,M
LW80918,Doctor,8653,69704,72,0,Personal Auto,Two-Door Car,89,Oregon,M
EC94366,Doctor,3776,20101,96,0,Corporate Auto,Four-Door Car,291,Oregon,M
PI92163,Bachelor,4897,24383,69,2,Corporate Auto,Four-Door Car,331,Nevada,M
LZ68649,Bachelor,14947,22139,100,0,Personal Auto,SUV,480,Washington,M
IB39821,Bachelor,9011,88708,112,0,Personal Auto,Luxury,499,Arizona,M
WI75766,High School or Below,10083,11828,90,0,Personal Auto,Four-Door Car,571,Arizona,F
DR27120,Bachelor,2938,0,80,1,Corporate Auto,Two-Door Car,384,Washington,F
UQ67668,High School or Below,5639,73168,70,0,Personal Auto,Four-Door Car,425,Nevada,M
PR64751,Bachelor,2606,0,71,0,Corporate Auto,Two-Door Car,409,Nevada,M
CL79250,Bachelor,52811,0,182,0,Corporate Auto,Luxury,873,Nevada,M
ZR72236,Master,5226,76646,65,0,Personal Auto,Two-Door Car,263,Nevada,M
SG52649,High School or Below,8382,19683,117,1,Corporate Auto,Luxury,561,Washington,M
SG96896,High School or Below,14703,0,71,1,Personal Auto,Four-Door Car,819,Oregon,M
QJ50723,Master,18948,0,124,0,Personal Auto,SUV,595,Oregon,F
NU64028,Bachelor,12265,35693,103,0,Personal Auto,Luxury,494,Nevada,M
PM63319,College,4529,0,65,0,Personal Auto,Four-Door Car,438,Washington,F
YG46815,High School or Below,9220,0,136,0,Personal Auto,SUV,979,Arizona,M
XF94149,College,4087,24123,104,0,Personal Auto,SUV,748,California,M
ME99882,Bachelor,9247,85654,116,0,Personal Auto,Two-Door Car,346,Arizona,M
YZ67161,Master,13024,0,125,0,Personal Auto,SUV,900,Oregon,M
WA45944,College,25807,71210,214,1,Corporate Auto,Luxury,1027,Arizona,F
UM53032,College,6104,84822,76,0,Corporate Auto,Four-Door Car,219,California,M
LW43115,Master,2725,36650,69,1,Personal Auto,Four-Door Car,56,California,F
YK93229,High School or Below,3260,0,90,0,Personal Auto,Two-Door Car,432,Oregon,M
FH65253,High School or Below,23740,28025,87,0,Personal Auto,Four-Door Car,611,Oregon,M
IH43245,College,7599,52113,97,0,Corporate Auto,Four-Door Car,465,Nevada,M
TO20795,Doctor,32467,37675,104,0,Corporate Auto,Four-Door Car,731,Washington,M
TO14996,High School or Below,5633,37595,70,0,Personal Auto,Four-Door Car,501,Oregon,M
XN34686,High School or Below,5640,41396,70,0,Special Auto,Four-Door Car,336,Oregon,M
KA13067,High School or Below,8370,77512,104,0,Corporate Auto,SUV,433,Oregon,M
LQ76461,High School or Below,5170,35334,65,0,Personal Auto,Four-Door Car,468,Oregon,F
BH60627,College,7521,0,104,0,Personal Auto,Four-Door Car,499,Oregon,M
CD48033,Doctor,12731,40870,105,0,Personal Auto,SUV,504,Oregon,M
AC58002,Bachelor,5666,53907,71,0,Corporate Auto,Four-Door Car,189,California,F
VM21699,Bachelor,4436,77609,111,0,Corporate Auto,Luxury,62,Oregon,F
YM24654,High School or Below,17966,0,70,0,Personal Auto,Four-Door Car,504,Washington,F
RR66500,Master,2436,87462,61,1,Corporate Auto,Four-Door Car,51,California,M
GJ31412,Bachelor,6650,99494,83,0,Personal Auto,Four-Door Car,398,Oregon,M
WO64354,Bachelor,2751,42585,69,0,Personal Auto,Two-Door Car,288,California,F
UG37492,College,4362,58842,110,0,Personal Auto,Four-Door Car,528,California,M
PR51268,Doctor,4014,37384,99,0,Personal Auto,Four-Door Car,475,Arizona,F
NJ10602,College,8459,92717,70,0,Personal Auto,Two-Door Car,224,Washington,F
OP60201,College,2203,0,72,2,Personal Auto,Four-Door Car,518,Oregon,M
QK69627,High School or Below,9388,75264,78,0,Personal Auto,Four-Door Car,343,Washington,F
DP63956,Bachelor,6791,0,101,1,Corporate Auto,SUV,727,Arizona,F
MV89967,College,23142,0,105,0,Personal Auto,Four-Door Car,564,Oregon,F
MQ37971,Bachelor,3038,31532,79,0,Personal Auto,Four-Door Car,241,Arizona,F
CO12132,High School or Below,8879,52583,113,0,Personal Auto,SUV,528,California,F
UG19550,High School or Below,21590,62477,183,0,Personal Auto,Luxury,40,California,M
SQ18525,College,8457,26023,72,1,Personal Auto,Four-Door Car,79,Arizona,F
VG11458,Bachelor,4770,28666,64,0,Personal Auto,Four-Door Car,307,California,M
TG75223,Bachelor,4312,21004,62,0,Personal Auto,Two-Door Car,297,California,M
WW85018,Bachelor,6293,45430,81,0,Personal Auto,Two-Door Car,388,Washington,M
MY11682,Bachelor,7098,37511,185,2,Personal Auto,Luxury,579,California,M
NI49607,College,4395,28719,110,0,Personal Auto,SUV,792,Oregon,F
NX18821,Master,5564,49833,69,0,Personal Auto,Four-Door Car,331,Oregon,M
JZ63423,College,5321,67431,136,1,Personal Auto,SUV,652,Arizona,M
DG30586,Bachelor,2867,23376,78,0,Personal Auto,Four-Door Car,374,Oregon,F
QS79556,College,9414,20455,84,2,Corporate Auto,Two-Door Car,564,Arizona,F
SW74846,Bachelor,7414,62473,185,0,Personal Auto,Luxury,1298,Washington,F
FZ24763,Bachelor,5078,35289,65,0,Personal Auto,Four-Door Car,123,California,M
TW73441,High School or Below,2773,73478,68,0,Personal Auto,Four-Door Car,241,Nevada,F
FP60372,Bachelor,8072,30584,68,0,Personal Auto,Two-Door Car,51,Nevada,M
XS17260,College,12280,88340,102,0,Personal Auto,Two-Door Car,489,Oregon,M
HX77930,College,3136,49532,79,1,Personal Auto,Four-Door Car,220,Washington,F
OP47206,College,5232,0,154,0,Corporate Auto,Luxury,1140,Arizona,M
KI25980,Master,14722,43982,126,1,Personal Auto,SUV,604,Washington,M
SM88270,High School or Below,30118,68906,187,0,Personal Auto,Luxury,1053,California,M
RM83767,College,5970,64008,85,5,Personal Auto,Four-Door Car,372,Washington,M
YE45848,Bachelor,8026,87421,99,0,Corporate Auto,Two-Door Car,475,California,F
QO77034,Bachelor,3567,0,102,0,Personal Auto,SUV,660,California,M
FQ66070,College,8491,62076,71,0,Personal Auto,Four-Door Car,227,California,M
YQ44187,Bachelor,2545,26746,66,0,Personal Auto,Two-Door Car,165,Oregon,F
PW65305,College,8870,91580,73,0,Personal Auto,Two-Door Car,290,California,M
KB44286,High School or Below,46770,64403,198,0,Corporate Auto,Luxury,111,Oregon,F
JV89183,Bachelor,9378,51425,119,0,Personal Auto,Four-Door Car,560,Oregon,M
IS75141,High School or Below,5645,44162,71,0,Personal Auto,Two-Door Car,160,Oregon,F
XO90806,College,8406,67128,105,0,Personal Auto,SUV,339,California,F
QN44699,Bachelor,4655,30383,119,0,Personal Auto,Two-Door Car,803,Oregon,F
BV98316,Bachelor,6520,93721,80,0,Personal Auto,Four-Door Car,489,Arizona,F
JJ66819,Bachelor,2989,79867,74,1,Personal Auto,Four-Door Car,78,Oregon,F
KM72596,Doctor,32677,39393,121,0,Personal Auto,SUV,491,Arizona,M
HX72126,Bachelor,21112,0,81,0,Personal Auto,Four-Door Car,136,Nevada,F
WX48434,College,4270,0,122,0,Corporate Auto,SUV,725,Arizona,M
LW12893,High School or Below,7911,43916,68,2,Personal Auto,Four-Door Car,326,California,F
XO94933,Bachelor,3944,33282,100,1,Personal Auto,SUV,207,California,F
NS92256,Master,23777,33032,86,1,Personal Auto,Two-Door Car,87,Oregon,F
IR62720,Bachelor,6842,25259,87,0,Personal Auto,Four-Door Car,417,Nevada,M
XP81320,College,2521,19637,67,0,Personal Auto,Four-Door Car,333,Oregon,F
CA52541,College,3808,94903,94,0,Corporate Auto,Two-Door Car,451,California,F
IB59831,College,15512,39794,133,0,Corporate Auto,SUV,638,Oregon,M
VO61192,High School or Below,6751,42433,85,0,Personal Auto,Four-Door Car,410,Oregon,M
UV17888,Bachelor,7405,22044,65,0,Corporate Auto,Four-Door Car,10,California,F
WX31658,Doctor,7218,32312,61,3,Personal Auto,Two-Door Car,276,Arizona,F
RQ79244,College,3362,0,97,0,Personal Auto,Four-Door Car,698,California,F
UL90124,High School or Below,5038,72919,130,5,Personal Auto,SUV,936,Oregon,F
PN12718,Bachelor,8681,0,86,2,Personal Auto,Two-Door Car,541,California,M
CN63432,College,13197,0,68,3,Personal Auto,Four-Door Car,326,Arizona,F
WA24038,Bachelor,4595,76357,117,1,Personal Auto,SUV,4,Oregon,M
TR40401,Doctor,5073,57709,125,0,Personal Auto,SUV,600,Oregon,M
UQ73252,College,4636,26802,66,1,Personal Auto,Two-Door Car,316,Arizona,M
LK91880,College,8376,26448,105,0,Personal Auto,Luxury,75,California,F
UA50747,High School or Below,25997,62262,72,0,Corporate Auto,Four-Door Car,193,Washington,F
RV22056,Bachelor,4971,98784,124,1,Personal Auto,Luxury,155,Oregon,F
FW92569,College,13270,28727,113,0,Corporate Auto,SUV,350,Arizona,M
AS26192,High School or Below,5519,50406,70,0,Corporate Auto,Four-Door Car,132,Oregon,M
PX72779,Master,7942,41832,66,0,Personal Auto,Four-Door Car,402,Arizona,M
PZ47901,Bachelor,5504,0,73,0,Corporate Auto,Four-Door Car,350,Arizona,F
LE41874,High School or Below,5140,0,138,0,Corporate Auto,SUV,900,Nevada,F
WT10649,Bachelor,6583,0,97,0,Personal Auto,Four-Door Car,465,Oregon,M
SP80065,High School or Below,7899,40032,99,0,Special Auto,Four-Door Car,475,California,F
WW37525,High School or Below,7659,95701,98,3,Personal Auto,Four-Door Car,99,California,M
MF15503,Bachelor,7055,0,108,1,Special Auto,Two-Door Car,777,Nevada,M
GJ52970,High School or Below,7238,0,66,1,Personal Auto,Four-Door Car,393,California,M
GX84338,Doctor,3824,62530,95,0,Personal Auto,Four-Door Car,61,Washington,F
QL54532,Master,3870,0,106,0,Personal Auto,SUV,508,California,M
WY43888,High School or Below,16525,24414,104,0,Personal Auto,SUV,499,Washington,M
TN51356,Bachelor,2450,82695,62,0,Personal Auto,Four-Door Car,217,Oregon,M
QJ21876,College,5666,48156,143,0,Personal Auto,SUV,686,California,F
MM49431,Bachelor,7298,74069,63,2,Personal Auto,Two-Door Car,275,Washington,M
DY38083,Bachelor,8838,82664,114,3,Personal Auto,SUV,133,California,M
KZ95954,High School or Below,5375,0,80,1,Personal Auto,Four-Door Car,749,Arizona,M
DC70690,College,5598,51737,71,0,Personal Auto,Four-Door Car,430,Arizona,F
QI31659,Bachelor,16953,76797,71,0,Personal Auto,Four-Door Car,234,California,F
JU72142,Bachelor,14002,61225,117,0,Personal Auto,SUV,442,Oregon,M
QS26062,High School or Below,2807,80915,70,0,Corporate Auto,Four-Door Car,187,California,M
LF61343,High School or Below,10529,12688,140,0,Personal Auto,SUV,672,California,M
YK23193,Bachelor,6057,27681,83,0,Personal Auto,Two-Door Car,398,Nevada,M
ID40186,Bachelor,12904,27778,109,0,Personal Auto,Four-Door Car,523,Oregon,F
AS17174,High School or Below,2471,95697,61,0,Personal Auto,Two-Door Car,114,Oregon,M
IQ95180,Bachelor,5651,44634,71,1,Personal Auto,Four-Door Car,396,Oregon,M
RS59102,College,12885,37050,110,1,Personal Auto,Luxury,528,California,M
OI83286,College,5551,56872,69,0,Personal Auto,Two-Door Car,192,Oregon,F
XH93021,High School or Below,5439,0,82,0,Personal Auto,Four-Door Car,590,Nevada,M
QJ22057,College,4454,0,68,1,Personal Auto,Four-Door Car,326,Nevada,F
NR49426,College,5195,69488,68,3,Personal Auto,Four-Door Car,326,Nevada,M
BM39234,High School or Below,4551,0,62,0,Personal Auto,Two-Door Car,446,Oregon,M
MJ95558,Bachelor,16570,23589,211,0,Special Auto,Luxury,1012,California,M
WC21120,College,8002,0,107,0,Personal Auto,SUV,513,California,F
EU81458,Doctor,2743,95782,68,1,Personal Auto,Four-Door Car,247,Oregon,F
JO32686,Bachelor,8139,24992,106,0,Personal Auto,SUV,508,Arizona,F
YY27420,Bachelor,10507,20043,92,0,Personal Auto,Four-Door Car,516,Arizona,M
SX22647,College,7218,0,104,0,Personal Auto,SUV,748,California,M
HT31871,High School or Below,4861,36305,61,0,Personal Auto,Four-Door Car,292,Arizona,M
ZB81881,Bachelor,5786,44784,73,0,Personal Auto,Two-Door Car,395,California,M
XY91562,College,7707,0,113,0,Personal Auto,Four-Door Car,542,Oregon,F
CQ72935,Bachelor,4974,75644,65,3,Personal Auto,Two-Door Car,467,Arizona,M
XR36002,High School or Below,10626,27339,97,2,Personal Auto,Two-Door Car,44,California,F
RW70500,Master,7996,43657,66,0,Personal Auto,Two-Door Car,316,Oregon,F
VK53354,Bachelor,27945,0,95,0,Special Auto,Two-Door Car,684,Washington,M
OI77877,High School or Below,7498,31134,96,0,Personal Auto,Four-Door Car,666,Oregon,M
EH13261,Master,2637,50512,67,0,Personal Auto,Four-Door Car,351,California,M
GW14698,College,4882,80604,61,0,Corporate Auto,Four-Door Car,255,Arizona,F
PO56357,High School or Below,5363,64604,67,1,Personal Auto,Four-Door Car,272,California,F
IC47914,College,3548,0,103,0,Corporate Auto,Four-Door Car,741,California,M
IK12576,Bachelor,4233,95647,106,0,Personal Auto,Two-Door Car,508,Oregon,F
NC68853,High School or Below,11293,0,104,0,Personal Auto,SUV,499,Oregon,M
TG40558,High School or Below,7258,60969,61,0,Corporate Auto,Four-Door Car,146,Oregon,M
NB40107,High School or Below,2695,0,76,0,Corporate Auto,Four-Door Car,547,Arizona,M
XD86462,College,6063,20676,79,0,Personal Auto,Four-Door Car,379,Oregon,M
HA45220,High School or Below,5258,37874,65,0,Corporate Auto,Four-Door Car,41,California,F
OT24208,Bachelor,12390,14382,66,0,Personal Auto,Four-Door Car,316,California,M
LM93586,High School or Below,3677,32314,92,0,Personal Auto,Four-Door Car,662,Arizona,M
CA70404,High School or Below,6104,62455,77,1,Personal Auto,Two-Door Car,338,California,M
UY94269,Master,2991,35605,74,0,Personal Auto,Two-Door Car,355,Oregon,F
FM59265,Bachelor,8034,0,103,0,Personal Auto,SUV,741,Washington,F
TZ51184,College,9778,0,137,0,Corporate Auto,SUV,986,Arizona,M
BZ85280,College,7284,10334,64,0,Personal Auto,Four-Door Car,296,Oregon,M
BL93527,High School or Below,2728,44025,69,0,Personal Auto,Two-Door Car,331,Arizona,M
FL77069,Bachelor,7519,32397,190,0,Corporate Auto,Luxury,334,California,F
HX31231,Bachelor,8183,24345,106,0,Corporate Auto,Four-Door Car,637,Arizona,F
OO11998,Master,4583,94804,115,4,Personal Auto,SUV,764,Oregon,M
CW12066,College,11638,25370,102,0,Corporate Auto,Luxury,489,Oregon,F
GD17919,College,14455,0,78,0,Special Auto,Four-Door Car,561,Arizona,F
HA40978,College,8478,53234,109,0,Personal Auto,Four-Door Car,1212,California,M
DO80363,High School or Below,3923,0,108,0,Personal Auto,Four-Door Car,912,Arizona,M
UH79890,High School or Below,5201,0,70,0,Personal Auto,Four-Door Car,336,Oregon,M
HA82735,Bachelor,3857,0,121,2,Personal Auto,SUV,1032,Arizona,F
DQ71306,High School or Below,3649,19013,95,0,Corporate Auto,Four-Door Car,456,Oregon,M
GN64199,Doctor,2652,0,73,0,Personal Auto,Four-Door Car,490,Oregon,F
OU78642,Master,7583,81568,186,0,Personal Auto,Luxury,737,Arizona,F
PR59105,High School or Below,8535,53223,72,0,Personal Auto,Four-Door Car,299,Oregon,F
TM94572,Bachelor,4152,0,123,0,Personal Auto,SUV,885,Arizona,M
AP63665,Bachelor,7166,59253,89,0,Personal Auto,Four-Door Car,67,Oregon,F
AZ64856,High School or Below,5048,34452,126,0,Personal Auto,SUV,604,California,F
IC12985,Bachelor,4579,40160,118,1,Personal Auto,Four-Door Car,566,Arizona,M
KH81863,College,4605,22571,63,0,Corporate Auto,Four-Door Car,302,Oregon,F
EE49066,High School or Below,4969,62365,62,0,Corporate Auto,Four-Door Car,297,Oregon,F
IZ37104,Doctor,2267,0,61,0,Personal Auto,Four-Door Car,292,California,M
BA66627,Bachelor,36229,22220,105,0,Personal Auto,Luxury,22,Nevada,F
XZ54522,Bachelor,8810,76266,110,1,Personal Auto,Two-Door Car,155,Nevada,F
VE46465,Master,4656,0,128,1,Personal Auto,Luxury,1548,Oregon,M
LD71221,Bachelor,4318,0,68,3,Personal Auto,Two-Door Car,230,Oregon,F
YB66933,Bachelor,5382,77552,68,1,Corporate Auto,Four-Door Car,45,Washington,F
EQ15944,Doctor,2953,76474,74,2,Personal Auto,Four-Door Car,355,Oregon,F
CR92272,Doctor,8051,57664,100,0,Personal Auto,SUV,344,Arizona,F
JJ94311,Bachelor,6627,82377,83,0,Personal Auto,Four-Door Car,498,Oregon,M
EO42272,Bachelor,10148,44856,66,1,Corporate Auto,Four-Door Car,316,California,F
LA34671,College,7628,0,77,0,Personal Auto,Four-Door Car,369,Arizona,M
ZF73834,Bachelor,2582,76731,64,0,Personal Auto,Four-Door Car,201,California,F
UM14135,Bachelor,3265,25820,82,0,Personal Auto,Four-Door Car,393,Nevada,F
YA14448,College,5996,0,83,0,Personal Auto,Four-Door Car,398,Arizona,F
QL10321,Doctor,5768,92509,71,0,Personal Auto,Four-Door Car,109,California,F
ZL17677,Master,21480,15505,68,0,Personal Auto,Two-Door Car,383,Washington,F
WE57129,Master,2891,21979,73,0,Personal Auto,Two-Door Car,518,Washington,M
SO57563,College,7381,54878,96,3,Personal Auto,Four-Door Car,204,Arizona,M
SO38188,Bachelor,5308,40178,136,0,Special Auto,SUV,652,Oregon,M
YD65161,Bachelor,2912,65436,73,0,Personal Auto,Four-Door Car,40,California,F
QH12810,Bachelor,11814,0,106,0,Personal Auto,SUV,763,Oregon,F
OU81877,High School or Below,4726,0,64,0,Personal Auto,Four-Door Car,307,Oregon,M
CN49086,Doctor,5073,57709,125,0,Corporate Auto,SUV,600,California,M
BD53342,College,3096,21604,79,0,Personal Auto,Four-Door Car,379,Washington,F
FI75266,Bachelor,7891,28422,68,1,Corporate Auto,Four-Door Car,453,Oregon,M
GH86762,Bachelor,19454,59853,124,0,Special Auto,SUV,570,California,F
HP55853,College,22332,49078,97,0,Corporate Auto,Four-Door Car,484,California,M
WB43408,College,4598,51523,116,0,Personal Auto,SUV,738,Oregon,F
MF41879,Doctor,8215,0,110,0,Personal Auto,SUV,601,Oregon,M
YU21725,High School or Below,4903,0,66,1,Corporate Auto,Four-Door Car,475,Washington,F
AY98473,College,24186,32989,102,0,Personal Auto,SUV,489,Arizona,F
TX34322,College,2419,0,70,1,Personal Auto,Two-Door Car,336,Oregon,M
AK61491,Doctor,2491,36631,62,0,Personal Auto,Four-Door Car,67,Oregon,M
XC32316,High School or Below,9657,0,131,0,Corporate Auto,SUV,628,Arizona,M
WN59735,College,2621,26477,66,0,Personal Auto,Four-Door Car,144,California,F
WW99844,High School or Below,4944,53607,61,0,Personal Auto,Four-Door Car,93,Oregon,F
YG38576,College,5206,21594,71,3,Personal Auto,Four-Door Car,340,Arizona,M
AT62618,Bachelor,6109,0,85,0,Personal Auto,Four-Door Car,612,Oregon,F
EE48429,High School or Below,2601,80584,65,0,Personal Auto,Two-Door Car,312,Nevada,F
SX95355,Bachelor,5849,67511,73,0,Personal Auto,Four-Door Car,350,Oregon,F
IU54219,Master,16301,19614,85,0,Special Auto,Two-Door Car,574,Oregon,F
WX65636,Bachelor,26462,0,82,2,Corporate Auto,Four-Door Car,511,Arizona,F
ZE71012,Bachelor,26199,20346,74,0,Corporate Auto,Two-Door Car,358,Nevada,M
PU36617,College,6470,48638,82,0,Personal Auto,Four-Door Car,183,Arizona,M
PA18731,College,9501,46855,119,0,Personal Auto,SUV,472,Oregon,F
IC51895,College,10970,38873,92,0,Personal Auto,Two-Door Car,599,Arizona,F
FU43761,Doctor,2435,25703,62,0,Personal Auto,Four-Door Car,297,Nevada,F
BG51419,College,4362,58842,110,0,Corporate Auto,Four-Door Car,528,Washington,M
VY96711,Master,19231,99772,158,0,Corporate Auto,SUV,51,California,F
KT97561,High School or Below,8382,19683,117,1,Personal Auto,Luxury,561,Arizona,M
BW80872,High School or Below,4434,34549,111,0,Personal Auto,Four-Door Car,125,Washington,M
TZ81094,High School or Below,2372,19030,62,0,Corporate Auto,Two-Door Car,355,Nevada,F
XA27536,College,3611,63329,92,0,Personal Auto,Four-Door Car,441,Washington,M
LR61007,High School or Below,3034,79253,76,0,Corporate Auto,Two-Door Car,254,Arizona,M
WH20102,College,9095,37937,116,0,Personal Auto,SUV,556,California,M
FG60807,High School or Below,4884,21766,62,0,Corporate Auto,Four-Door Car,179,Oregon,F
TV77808,High School or Below,5681,67132,71,0,Corporate Auto,Four-Door Car,466,Arizona,M
LA66902,College,2458,0,71,1,Personal Auto,Two-Door Car,511,Arizona,M
PA38372,High School or Below,9357,33060,117,0,Personal Auto,Four-Door Car,56,Washington,F
NX11526,Bachelor,2759,92296,69,0,Corporate Auto,Two-Door Car,331,Arizona,M
HU72679,Doctor,9635,90334,119,0,Corporate Auto,SUV,423,Oregon,M
HC60268,College,8346,40105,104,0,Personal Auto,Four-Door Car,878,Oregon,M
SO18542,Bachelor,8370,33409,105,0,Personal Auto,SUV,553,Oregon,F
SM54018,College,12689,0,117,1,Personal Auto,Two-Door Car,1163,California,F
CN22369,Bachelor,2538,18608,71,0,Special Auto,Four-Door Car,340,California,M
WY17333,High School or Below,4732,55385,61,0,Personal Auto,Four-Door Car,292,California,M
LP76290,Master,8246,62588,104,0,Special Auto,Four-Door Car,499,Oregon,M
UF93434,College,2548,22050,66,0,Personal Auto,Four-Door Car,316,Oregon,F
VW70435,Bachelor,4929,25632,63,0,Personal Auto,Two-Door Car,351,Oregon,M
AV96010,College,3289,40097,92,4,Personal Auto,Two-Door Car,227,Oregon,M
DX70966,College,2771,50071,71,0,Personal Auto,Two-Door Car,18,Nevada,F
VW65429,High School or Below,6899,37308,86,0,Personal Auto,Four-Door Car,301,Arizona,M
LY17372,College,5112,44743,137,4,Personal Auto,SUV,741,Arizona,M
BE61743,Bachelor,4109,86657,103,0,Personal Auto,Luxury,316,Washington,M
GP56044,High School or Below,27440,84306,137,0,Personal Auto,SUV,863,Washington,M
EA63660,College,20957,0,118,0,Personal Auto,SUV,566,California,F
DP50640,Bachelor,2548,47346,65,0,Personal Auto,Four-Door Car,312,California,M
MM45897,Bachelor,2714,88545,68,0,Personal Auto,Four-Door Car,374,Nevada,M
OZ86942,Bachelor,5790,52443,73,1,Corporate Auto,Four-Door Car,350,California,F
WI65397,Bachelor,7627,36084,99,1,Corporate Auto,Two-Door Car,152,Oregon,F
OQ69520,Master,7903,35406,69,4,Corporate Auto,Four-Door Car,67,Arizona,F
QK12068,High School or Below,5293,0,74,0,Personal Auto,Four-Door Car,712,Oregon,F
KF98735,Bachelor,3673,41185,99,4,Special Auto,Four-Door Car,363,California,M
BH28530,High School or Below,21592,51204,181,0,Personal Auto,Luxury,929,California,M
DW62043,College,2452,30216,63,0,Corporate Auto,Four-Door Car,302,Oregon,F
AF41118,College,7255,10710,94,0,Personal Auto,Two-Door Car,451,California,M
KI82366,College,7412,0,112,0,Personal Auto,Four-Door Car,806,Arizona,M
GF97506,High School or Below,9048,0,119,0,Personal Auto,Luxury,571,Nevada,M
UQ62739,College,4270,0,122,0,Corporate Auto,SUV,725,Oregon,M
WY58555,Bachelor,4929,25632,63,0,Personal Auto,Two-Door Car,351,Oregon,M
PU11172,High School or Below,3539,0,99,0,Personal Auto,Four-Door Car,1158,Oregon,F
DN30013,College,5568,53295,70,0,Personal Auto,Four-Door Car,250,Oregon,F
ZI60303,High School or Below,9817,0,139,0,Personal Auto,Luxury,1000,Oregon,M
MR56401,College,2542,37072,64,0,Personal Auto,Four-Door Car,307,Oregon,F
FM14335,College,10484,61108,89,0,Personal Auto,Four-Door Car,49,Washington,F
FK54851,High School or Below,6310,79880,79,1,Personal Auto,Two-Door Car,568,California,M
YF38355,Master,8106,81580,101,0,Personal Auto,SUV,633,Washington,M
TN39471,High School or Below,3398,0,92,0,Personal Auto,Two-Door Car,611,Arizona,F
MT53449,Master,16301,19614,85,0,Personal Auto,Two-Door Car,574,Arizona,F
DV22542,High School or Below,2722,58620,68,0,Personal Auto,Two-Door Car,292,California,M
TO82744,High School or Below,15789,0,212,0,Personal Auto,Luxury,1526,California,F
OG17756,College,4904,12902,139,0,Personal Auto,Luxury,667,Arizona,F
DO51363,Bachelor,3785,26318,96,0,Personal Auto,Two-Door Car,679,Oregon,F
BJ26599,Bachelor,4200,20263,63,0,Personal Auto,Four-Door Car,373,Oregon,M
LX24476,Bachelor,3619,0,98,0,Personal Auto,Four-Door Car,310,Oregon,F
IO63361,College,4880,52819,124,0,Personal Auto,SUV,282,Arizona,M
SD30853,College,12687,63918,64,0,Personal Auto,Four-Door Car,307,Oregon,F
OJ41819,College,4848,0,66,0,Personal Auto,Four-Door Car,316,Oregon,F
MO63575,Bachelor,4334,23904,123,3,Corporate Auto,SUV,590,Oregon,F
BV16459,College,6677,0,97,1,Personal Auto,Two-Door Car,251,Oregon,M
YV93784,Master,8973,69736,111,0,Personal Auto,SUV,424,Arizona,F
UF32055,Bachelor,7109,69700,181,0,Personal Auto,SUV,645,California,M
UQ16798,College,10208,35482,129,0,Personal Auto,SUV,619,Arizona,F
LS59637,College,2719,14030,72,0,Corporate Auto,Two-Door Car,345,Arizona,F
TX35617,Bachelor,4465,50909,112,0,Personal Auto,SUV,339,California,F
EX89625,Bachelor,5593,96406,69,0,Personal Auto,Two-Door Car,331,Arizona,F
FD11364,Bachelor,6768,77001,85,0,Special Auto,Four-Door Car,408,Oregon,F
FA90076,Bachelor,2454,0,72,0,Personal Auto,Two-Door Car,518,Oregon,F
BG96711,Bachelor,2576,24732,67,0,Corporate Auto,Four-Door Car,321,California,M
PW31239,College,4282,40864,109,1,Personal Auto,SUV,166,Oregon,F
MD95935,Bachelor,5845,43145,73,0,Corporate Auto,Two-Door Car,516,California,F
UL10037,College,10484,61108,89,0,Corporate Auto,Four-Door Car,49,Oregon,F
RE67051,Bachelor,5509,34236,70,0,Corporate Auto,Four-Door Car,336,California,M
SB44315,College,3011,39010,78,2,Personal Auto,Four-Door Car,374,Arizona,M
OX21474,High School or Below,2698,88867,69,1,Personal Auto,Four-Door Car,331,California,M
HN60464,Bachelor,6105,0,84,0,Personal Auto,Four-Door Car,395,California,M
TJ51874,High School or Below,8558,13908,116,2,Corporate Auto,SUV,804,Washington,M
PB63095,High School or Below,5568,0,79,1,Personal Auto,Two-Door Car,407,Washington,M
VR81851,College,11042,0,64,0,Personal Auto,Four-Door Car,415,Oregon,F
DP13082,Bachelor,23594,76358,66,0,Personal Auto,Four-Door Car,86,California,M
LP34743,Bachelor,4726,13037,124,0,Personal Auto,SUV,839,Oregon,F
GO75708,Master,6054,17200,83,4,Personal Auto,Four-Door Car,48,Arizona,F
UD99460,Bachelor,9654,67772,82,0,Personal Auto,Four-Door Car,502,Washington,M
MJ77630,High School or Below,47155,39891,133,0,Personal Auto,SUV,630,Oregon,M
OO49507,Doctor,4530,52957,112,0,Personal Auto,Luxury,425,Washington,F
GB12561,College,7276,0,108,2,Corporate Auto,Luxury,777,Oregon,F
PW69692,College,3861,93272,95,0,Personal Auto,Four-Door Car,281,Oregon,F
SM36624,High School or Below,7054,0,207,0,Personal Auto,Luxury,1490,Arizona,M
DA61021,Master,15167,40467,197,3,Personal Auto,Luxury,518,California,M
KJ72146,Bachelor,7126,30895,62,0,Personal Auto,Four-Door Car,297,Oregon,M
XJ61632,Bachelor,2034,0,62,2,Personal Auto,Four-Door Car,446,Oregon,M
CO23919,Bachelor,30718,90607,109,0,Special Auto,SUV,243,Oregon,F
PV24005,High School or Below,4221,0,62,0,Personal Auto,Four-Door Car,614,Oregon,M
YD22081,College,9701,45668,80,0,Personal Auto,Four-Door Car,344,Arizona,F
SG51259,High School or Below,4502,0,129,0,Personal Auto,SUV,1486,California,F
OK31456,Bachelor,11009,51643,283,0,Corporate Auto,Luxury,1358,California,F
UN38117,College,2713,0,74,0,Personal Auto,Four-Door Car,299,California,F
TN17395,College,22103,0,102,0,Personal Auto,SUV,489,California,M
UO49439,College,5633,90289,71,1,Personal Auto,Four-Door Car,22,Oregon,M
JK13254,Bachelor,4237,29465,118,1,Personal Auto,SUV,566,Oregon,M
BL29240,Bachelor,2858,81893,73,3,Corporate Auto,Four-Door Car,151,Oregon,M
IP81759,High School or Below,9366,60613,240,0,Personal Auto,Luxury,1152,Nevada,M
DY18947,High School or Below,9152,60423,114,0,Personal Auto,Four-Door Car,137,Arizona,F
PY98041,Bachelor,5406,27166,71,0,Personal Auto,Four-Door Car,340,Oregon,M
GP99578,High School or Below,7086,0,196,0,Personal Auto,Luxury,1644,Nevada,F
QB15706,College,17288,0,158,0,Special Auto,SUV,758,Washington,F
PY42157,High School or Below,2472,62006,61,0,Personal Auto,Four-Door Car,292,Washington,F
FM38725,High School or Below,2432,0,69,0,Personal Auto,Four-Door Car,764,Oregon,F
QX84402,College,25464,13663,97,0,Corporate Auto,Four-Door Car,465,California,F
DH95491,High School or Below,2229,0,61,0,Personal Auto,Four-Door Car,292,California,M
JH36501,Doctor,2507,97673,63,0,Personal Auto,Four-Door Car,178,Arizona,M
DG46291,High School or Below,9500,96276,117,0,Personal Auto,Four-Door Car,553,Nevada,F
LY14355,High School or Below,2935,73847,73,1,Personal Auto,Two-Door Car,350,Washington,F
AU94279,High School or Below,5493,24976,72,1,Personal Auto,Two-Door Car,566,California,M
AG62140,College,5386,33716,68,1,Personal Auto,Four-Door Car,349,California,F
YK66939,College,4384,23480,117,0,Personal Auto,SUV,842,Arizona,F
BA75404,Doctor,5789,77221,71,0,Personal Auto,Four-Door Car,259,Oregon,F
ZG10765,Bachelor,5678,0,76,0,Personal Auto,Four-Door Car,364,Nevada,F
TA22923,Master,4944,40463,61,0,Personal Auto,Four-Door Car,292,Arizona,M
OM55336,College,7507,60920,64,0,Personal Auto,Two-Door Car,231,Nevada,M
MB60322,Doctor,5332,68931,66,0,Special Auto,Four-Door Car,309,Arizona,F
FS97588,Bachelor,5475,88251,68,0,Personal Auto,Four-Door Car,267,Oregon,F
OX73233,College,2274,0,65,0,Corporate Auto,Two-Door Car,468,Oregon,F
KR25511,High School or Below,6005,26876,76,0,Corporate Auto,Four-Door Car,364,Washington,M
PE39479,College,18321,88592,76,0,Corporate Auto,Four-Door Car,199,Washington,M
AO46433,Bachelor,8078,0,114,1,Personal Auto,Four-Door Car,547,California,F
CD71502,High School or Below,3664,0,103,0,Personal Auto,SUV,642,Arizona,M
ZS94723,High School or Below,2960,0,82,0,Personal Auto,Four-Door Car,590,Arizona,F
EV32492,Bachelor,2496,49136,64,0,Personal Auto,Four-Door Car,307,Arizona,M
IW27109,College,4650,0,68,0,Personal Auto,Two-Door Car,722,Oregon,M
XX37955,College,14002,67627,117,0,Corporate Auto,SUV,561,Nevada,M
MO68226,College,7462,70263,93,0,Personal Auto,Two-Door Car,7,California,F
HY86417,College,3653,74126,90,0,Corporate Auto,Two-Door Car,478,Arizona,F
WI14444,High School or Below,5638,74286,70,0,Personal Auto,Two-Door Car,277,California,F
XC72555,High School or Below,4475,97949,112,3,Personal Auto,SUV,324,Oregon,F
SZ37147,Bachelor,2719,41005,70,0,Personal Auto,Four-Door Car,336,California,M
HF44881,High School or Below,4542,29875,119,1,Corporate Auto,Luxury,571,Arizona,M
GA98025,Bachelor,12875,26121,119,0,Personal Auto,SUV,754,Arizona,M
LO57874,Bachelor,2300,25905,63,0,Corporate Auto,Four-Door Car,302,Oregon,M
VJ83206,College,8364,72117,70,0,Personal Auto,Four-Door Car,106,California,M
CV35709,High School or Below,14024,81872,115,0,Corporate Auto,Four-Door Car,256,Oregon,F
VX67206,Bachelor,27789,33806,89,0,Corporate Auto,Four-Door Car,395,Oregon,F
WY38315,College,3588,0,106,0,Personal Auto,SUV,763,California,M
AY52869,College,4386,10621,67,0,Personal Auto,Four-Door Car,321,California,M
PT29055,Bachelor,6647,0,65,0,Personal Auto,Four-Door Car,312,Oregon,F
HF62608,College,6753,44213,85,0,Personal Auto,Four-Door Car,77,Oregon,F
PJ54354,Bachelor,4762,0,65,0,Personal Auto,Four-Door Car,366,California,M
VW13019,College,4904,12902,139,0,Corporate Auto,Luxury,667,Nevada,F
PY80506,High School or Below,4764,78757,119,3,Personal Auto,Luxury,383,Oregon,M
CF46699,Bachelor,3567,0,102,0,Personal Auto,SUV,660,Oregon,M
SF15712,High School or Below,3903,51833,99,0,Personal Auto,Four-Door Car,190,Oregon,M
MX69639,High School or Below,10442,30786,90,0,Personal Auto,Four-Door Car,28,California,F
EZ41764,Bachelor,2498,76792,62,0,Personal Auto,Four-Door Car,297,California,M
BD58297,Bachelor,2862,76356,71,2,Personal Auto,Two-Door Car,340,California,F
FM55990,College,5989,66839,154,0,Personal Auto,Luxury,739,California,M
LZ89104,High School or Below,7143,59789,90,0,Personal Auto,Four-Door Car,527,Oregon,M
CI38330,Bachelor,2549,72217,64,0,Personal Auto,Four-Door Car,91,Washington,M
NT15165,Bachelor,12047,43324,101,0,Corporate Auto,Two-Door Car,284,California,F
RQ77476,Bachelor,20461,87502,102,0,Personal Auto,Four-Door Car,421,Oregon,M
QB15345,High School or Below,2781,0,74,0,Personal Auto,Four-Door Car,532,California,F
DX65548,College,4834,38713,66,4,Personal Auto,Four-Door Car,316,Arizona,F
RI52095,High School or Below,7610,51878,66,1,Personal Auto,Four-Door Car,316,Washington,M
RK76184,College,2159,0,61,0,Personal Auto,Four-Door Car,292,Arizona,M
EH86912,College,8420,28617,112,0,Personal Auto,SUV,797,California,M
TJ90326,Doctor,13530,75037,85,2,Personal Auto,Four-Door Car,180,California,F
ES93923,Bachelor,8798,24550,111,0,Personal Auto,Four-Door Car,536,Oregon,F
BY23642,Bachelor,4595,0,64,0,Personal Auto,Two-Door Car,460,Arizona,F
CV64725,High School or Below,6545,55366,86,2,Personal Auto,Four-Door Car,455,California,M
RN56430,High School or Below,5443,41449,69,1,Personal Auto,Two-Door Car,331,Nevada,F
PD32052,High School or Below,7957,51125,67,0,Personal Auto,Four-Door Car,430,California,M
YG87460,College,2444,0,71,1,Personal Auto,Four-Door Car,244,Arizona,M
BN90616,Bachelor,8590,63110,72,0,Personal Auto,Four-Door Car,68,Washington,F
BH36973,College,2730,63401,68,0,Personal Auto,Four-Door Car,202,Oregon,F
QN76156,College,2925,30752,73,0,Personal Auto,Four-Door Car,400,Oregon,F
ZJ15114,High School or Below,5331,60986,67,0,Corporate Auto,Four-Door Car,417,California,M
CM84035,College,11320,41692,101,1,Corporate Auto,Four-Door Car,245,Arizona,M
TZ22914,Master,5130,12940,68,0,Personal Auto,Two-Door Car,268,Oregon,M
MW80236,Master,7919,0,70,0,Personal Auto,Four-Door Car,336,Washington,M
WO89464,Bachelor,2619,78618,66,0,Personal Auto,Two-Door Car,225,Oregon,M
MK56815,College,9591,54538,119,0,Personal Auto,Four-Door Car,507,California,M
LJ64287,High School or Below,4196,0,64,1,Personal Auto,Two-Door Car,774,Nevada,M
UK86050,High School or Below,7887,76590,65,0,Personal Auto,Four-Door Car,183,Arizona,F
TQ24692,High School or Below,8676,76214,72,0,Special Auto,Four-Door Car,202,Oregon,M
QO16222,College,6383,0,196,2,Personal Auto,Luxury,2327,California,F
SU86402,High School or Below,6568,25876,83,0,Personal Auto,Two-Door Car,398,Arizona,F
CI95726,High School or Below,3644,82477,90,0,Personal Auto,Two-Door Car,432,Nevada,F
JE98863,Bachelor,3910,58713,98,0,Special Auto,Four-Door Car,470,Arizona,F
DD89544,Bachelor,18704,64929,240,3,Corporate Auto,Luxury,1261,Arizona,M
HK28125,High School or Below,24337,0,85,1,Personal Auto,Four-Door Car,612,California,M
VT52978,High School or Below,12547,32857,105,0,Corporate Auto,Four-Door Car,504,Nevada,M
DU66620,College,4582,19065,61,0,Personal Auto,Two-Door Car,292,Nevada,M
YC83239,Bachelor,2864,0,83,0,Personal Auto,Two-Door Car,825,Washington,F
VS40267,High School or Below,30850,25503,115,0,Personal Auto,SUV,552,California,M
WJ55369,High School or Below,7366,30250,93,0,Personal Auto,Four-Door Car,398,Arizona,M
MZ23183,Bachelor,4224,0,63,0,Personal Auto,Four-Door Car,453,Oregon,M
DV58197,Bachelor,8256,62902,69,0,Personal Auto,Two-Door Car,159,California,F
RZ97514,Master,7498,0,66,0,Personal Auto,Four-Door Car,316,Oregon,F
ET90029,Doctor,25626,14278,134,0,Personal Auto,Luxury,346,Arizona,F
SD21312,College,5989,66839,154,0,Personal Auto,Luxury,739,Nevada,M
FG31425,College,2530,37811,63,0,Special Auto,Four-Door Car,365,Arizona,F
FA15338,High School or Below,13569,20978,70,0,Personal Auto,Two-Door Car,336,Arizona,M
HD53787,College,13113,28519,86,0,Personal Auto,Two-Door Car,412,California,F
ME11422,College,5085,0,72,1,Personal Auto,Four-Door Car,571,California,M
QN36109,Master,4554,85140,118,4,Personal Auto,SUV,88,Nevada,F
UL80763,Doctor,4014,37384,99,0,Personal Auto,Four-Door Car,475,Oregon,F
DH61947,Bachelor,2863,0,79,0,Personal Auto,Two-Door Car,168,Oregon,M
QX54905,College,7200,0,66,0,Corporate Auto,Four-Door Car,316,Nevada,F
XQ39498,High School or Below,30909,57659,111,0,Personal Auto,Four-Door Car,756,Oregon,M
FQ51281,Bachelor,8170,95241,68,1,Personal Auto,Four-Door Car,87,Oregon,F
NA45983,College,2877,38870,74,0,Special Auto,Four-Door Car,145,Arizona,M
LC23144,High School or Below,8478,13870,109,0,Personal Auto,SUV,550,California,F
SG54382,Bachelor,8646,25964,76,2,Corporate Auto,Four-Door Car,364,Arizona,M
XH54129,High School or Below,4755,72193,118,0,Personal Auto,Four-Door Car,552,California,F
QD28391,College,7425,84302,62,0,Personal Auto,Four-Door Car,76,Washington,M
HX55735,Bachelor,4462,0,73,3,Personal Auto,Two-Door Car,350,Nevada,F
AI49712,High School or Below,2593,0,72,0,Personal Auto,Four-Door Car,345,Washington,F
YM53951,College,6006,39482,77,0,Corporate Auto,Four-Door Car,277,Oregon,M
JO77924,High School or Below,10010,66371,125,0,Personal Auto,SUV,43,Oregon,M
EZ20115,Bachelor,26305,35300,74,0,Personal Auto,Four-Door Car,225,California,M
DD88614,Doctor,7096,67735,88,0,Corporate Auto,Four-Door Car,3,California,F
BO21461,College,2859,98879,73,1,Personal Auto,Four-Door Car,108,California,M
EX13440,High School or Below,29589,0,108,0,Corporate Auto,SUV,777,Oregon,M
UB87714,Master,9667,72885,124,2,Personal Auto,SUV,233,Oregon,M
VW84197,Bachelor,21941,26378,70,1,Personal Auto,Four-Door Car,147,Oregon,F
HP56518,Bachelor,5548,67798,69,0,Personal Auto,Four-Door Car,331,Oregon,M
SP81997,Master,7752,41275,96,0,Personal Auto,Four-Door Car,41,Washington,F
VH66357,College,2769,39646,70,0,Personal Auto,Four-Door Car,279,California,M
IM30965,High School or Below,2545,71868,65,0,Corporate Auto,Four-Door Car,312,Oregon,M
TQ37204,High School or Below,8629,59107,107,0,Personal Auto,SUV,480,Oregon,F
NN54114,Bachelor,4915,0,70,0,Personal Auto,Four-Door Car,504,Arizona,M
BI27443,College,4896,36428,124,0,Personal Auto,SUV,559,Arizona,F
WL86517,Doctor,4013,93284,99,0,Personal Auto,Two-Door Car,475,Nevada,F
HW40931,College,10834,34612,91,1,Special Auto,Four-Door Car,655,Oregon,F
NN44758,High School or Below,4669,76157,116,0,Personal Auto,Two-Door Car,556,Arizona,F
NQ18750,College,29577,0,106,0,Personal Auto,Two-Door Car,763,Oregon,M
GC34791,High School or Below,9259,17109,62,0,Personal Auto,Two-Door Car,297,Nevada,M
SY22123,College,6300,29539,85,0,Personal Auto,Four-Door Car,408,California,F
DY17416,College,6031,49539,79,0,Personal Auto,Two-Door Car,286,Oregon,M
KE57057,High School or Below,2300,0,66,1,Corporate Auto,Four-Door Car,475,California,F
AT24793,College,6863,25352,173,0,Special Auto,Luxury,830,Oregon,M
SL71998,College,2797,63223,71,0,Personal Auto,Two-Door Car,397,Oregon,M
AP66226,Bachelor,4479,18505,66,4,Personal Auto,Four-Door Car,316,Nevada,M
HI91534,College,4571,91485,114,0,Personal Auto,SUV,392,California,F
TK61994,College,6104,18690,80,0,Personal Auto,Four-Door Car,18,Oregon,F
CW35098,College,3297,0,91,0,Personal Auto,Two-Door Car,655,Washington,M
WX30852,Bachelor,2639,69819,66,0,Personal Auto,Four-Door Car,21,Arizona,F
SK69036,Bachelor,13780,25708,118,0,Personal Auto,Four-Door Car,566,California,M
YI79084,Doctor,3702,33738,95,0,Personal Auto,Two-Door Car,541,Nevada,M
KF46546,Bachelor,5789,75845,72,0,Personal Auto,Four-Door Car,73,Arizona,F
GA71186,High School or Below,13464,83392,112,0,Personal Auto,SUV,523,Nevada,M
KL65897,Bachelor,6331,0,87,0,Personal Auto,Two-Door Car,94,California,F
CF15086,College,3838,76375,96,0,Personal Auto,Four-Door Car,138,California,M
HG40729,College,11274,0,114,0,Personal Auto,Four-Door Car,820,Oregon,M
VP55618,College,6052,32330,79,1,Corporate Auto,Four-Door Car,379,California,M
ZL23478,Bachelor,33451,85689,92,0,Corporate Auto,Four-Door Car,237,California,F
EY75197,Bachelor,5611,0,158,0,Personal Auto,SUV,1137,Arizona,F
SF11920,College,5607,39507,70,0,Corporate Auto,Two-Door Car,283,Arizona,F
DY57308,Bachelor,8835,22373,112,0,Personal Auto,SUV,419,California,F
HP73832,College,3796,20217,96,2,Personal Auto,Four-Door Car,513,California,F
WP58797,Bachelor,3936,19245,106,0,Personal Auto,SUV,508,Oregon,M
ZM33786,High School or Below,37150,17774,108,0,Personal Auto,SUV,116,Arizona,F
LY19199,Bachelor,4815,80355,62,1,Corporate Auto,Two-Door Car,83,Oregon,M
IX60436,Bachelor,2853,65099,73,2,Special Auto,Four-Door Car,350,Arizona,M
UK29448,Bachelor,2467,0,73,0,Personal Auto,Two-Door Car,525,Oregon,M
QA49556,Master,5200,23401,66,0,Personal Auto,Four-Door Car,316,Washington,M
ST78006,High School or Below,4594,0,63,1,Personal Auto,Four-Door Car,139,Oregon,F
KD63903,College,8586,0,118,0,Personal Auto,SUV,566,Arizona,M
GV62858,Bachelor,4091,38692,102,0,Personal Auto,Four-Door Car,502,California,F
DN66715,Master,5181,97131,64,0,Personal Auto,Four-Door Car,307,California,F
LU30834,Bachelor,14230,78046,119,2,Personal Auto,SUV,759,Oregon,F
HN35280,Bachelor,2446,82225,61,0,Personal Auto,Two-Door Car,292,Arizona,M
DG21323,High School or Below,4758,0,64,0,Personal Auto,Four-Door Car,607,California,F
KD16729,College,6645,21144,86,0,Personal Auto,Two-Door Car,391,Nevada,M
WO17738,High School or Below,8717,36645,112,0,Corporate Auto,Four-Door Car,614,Oregon,F
VB22338,High School or Below,4110,31842,108,0,Special Auto,SUV,406,Nevada,M
JU66696,Master,9810,0,131,0,Corporate Auto,Luxury,628,California,F
AE60813,College,4993,75090,63,1,Personal Auto,Four-Door Car,101,Oregon,F
AS99827,Bachelor,4463,0,62,0,Personal Auto,Four-Door Car,567,Oregon,F
XQ80738,High School or Below,2895,72014,72,0,Personal Auto,Four-Door Car,188,Oregon,F
KX82226,High School or Below,3185,13512,92,0,Personal Auto,Two-Door Car,441,Arizona,M
MA43940,High School or Below,9343,75909,117,0,Special Auto,Luxury,561,Oregon,M
JL93248,High School or Below,7296,18884,64,0,Personal Auto,Four-Door Car,307,Oregon,F
PY98628,High School or Below,5568,0,79,1,Personal Auto,Two-Door Car,407,Arizona,M
GX32768,Bachelor,7627,0,74,1,Corporate Auto,Four-Door Car,807,Oregon,F
AM89558,College,4636,26802,66,1,Corporate Auto,Two-Door Car,316,Nevada,M
EL41362,College,5329,99839,66,0,Personal Auto,Four-Door Car,468,California,F
XK91603,College,2478,24186,64,0,Personal Auto,Four-Door Car,307,California,F
MG77033,College,5522,46971,69,0,Corporate Auto,Four-Door Car,120,California,M
OM70085,Bachelor,8586,0,83,0,Personal Auto,Four-Door Car,483,Oregon,F
NB57112,Bachelor,8104,0,117,1,Personal Auto,Luxury,842,Oregon,F
WH60140,Bachelor,2356,0,69,0,Personal Auto,Two-Door Car,496,Arizona,M
FV92759,College,2004,0,66,4,Personal Auto,Four-Door Car,316,Oregon,F
YW85018,Bachelor,2810,26790,71,0,Personal Auto,Two-Door Car,340,Nevada,M
BY84257,College,2379,0,71,0,Special Auto,Four-Door Car,747,Arizona,M
JT69863,Bachelor,2410,16258,64,0,Personal Auto,Two-Door Car,307,Arizona,M
OE15600,College,2544,91169,65,0,Personal Auto,Two-Door Car,139,California,M
BU81591,College,10153,0,90,0,Corporate Auto,Four-Door Car,432,California,M
XL44677,Bachelor,2300,25905,63,0,Personal Auto,Four-Door Car,302,California,M
No73821,High School or Below,10145,44577,131,0,Personal Auto,SUV,640,Oregon,M
VJ24328,High School or Below,2599,53021,68,4,Personal Auto,Four-Door Car,326,Oregon,M
XW63353,High School or Below,6689,56980,84,0,Personal Auto,Two-Door Car,599,Oregon,M
JZ31045,College,2721,97719,67,0,Personal Auto,Four-Door Car,318,California,F
UM27359,Bachelor,7524,49530,63,0,Personal Auto,Four-Door Car,278,Arizona,M
ND71187,Master,9487,56233,79,0,Corporate Auto,Four-Door Car,558,Arizona,M
YR63096,High School or Below,5977,79140,74,0,Corporate Auto,Four-Door Car,487,Nevada,F
SN21895,Bachelor,6411,13088,82,0,Personal Auto,Four-Door Car,393,Arizona,F
FY90924,High School or Below,2944,73601,73,0,Personal Auto,Four-Door Car,339,Arizona,F
CN30964,Bachelor,6685,31517,84,2,Personal Auto,Two-Door Car,604,California,F
BN14307,College,4692,0,69,0,Personal Auto,Two-Door Car,549,Oregon,M
XG35514,High School or Below,4502,0,69,2,Personal Auto,Four-Door Car,496,California,M
RL28918,High School or Below,16504,42148,104,0,Personal Auto,SUV,366,California,M
SR74929,High School or Below,9460,0,133,0,Personal Auto,SUV,1443,Oregon,F
HK93338,High School or Below,7931,23769,69,0,Personal Auto,Four-Door Car,470,Washington,F
QR53727,High School or Below,7974,0,109,0,Personal Auto,SUV,523,Arizona,F
SQ35375,Doctor,5054,22241,63,0,Personal Auto,Four-Door Car,343,Oregon,F
UD77728,Bachelor,5657,23550,72,0,Personal Auto,Four-Door Car,222,Arizona,F
GP13187,Master,14917,0,190,0,Personal Auto,Luxury,1368,California,F
AQ70619,High School or Below,13046,71024,65,1,Corporate Auto,Four-Door Car,266,California,M
IP65887,Bachelor,38410,71644,105,0,Corporate Auto,SUV,504,Oregon,F
KS98084,Master,5069,50363,63,0,Personal Auto,Four-Door Car,12,California,F
QU55718,Bachelor,10978,92914,136,0,Personal Auto,Luxury,979,California,F
TS31417,College,39769,16645,117,0,Personal Auto,SUV,696,Washington,M
QG83213,College,6559,0,94,0,Personal Auto,Four-Door Car,451,California,M
SA40041,Bachelor,5749,22814,73,0,Personal Auto,Four-Door Car,360,Washington,F
MC36247,Bachelor,16473,22828,106,0,Personal Auto,SUV,508,Oregon,M
FO13070,High School or Below,5780,51066,74,0,Personal Auto,Four-Door Car,787,California,M
VL97142,College,26200,68507,110,0,Personal Auto,SUV,140,Oregon,M
CI57475,College,3272,0,87,0,Personal Auto,Four-Door Car,626,Arizona,F
KJ19260,College,4682,37929,61,0,Corporate Auto,Four-Door Car,120,Arizona,M
GN93462,Bachelor,6496,89285,81,0,Personal Auto,Four-Door Car,109,California,M
QB86817,High School or Below,7446,98235,93,0,Personal Auto,Four-Door Car,377,Oregon,F
AZ68072,Bachelor,4549,23650,61,2,Personal Auto,Four-Door Car,14,Oregon,F
MZ43298,Bachelor,5200,90167,131,0,Corporate Auto,SUV,523,California,F
KS12490,High School or Below,10594,64669,131,0,Personal Auto,Luxury,628,Oregon,M
TL18087,Bachelor,3059,65083,77,0,Personal Auto,Four-Door Car,369,Washington,M
ZT18953,Bachelor,8181,0,109,0,Corporate Auto,SUV,523,Oregon,F
EF13716,College,2697,60462,68,1,Personal Auto,Four-Door Car,216,Oregon,M
RN87402,College,10369,0,69,0,Corporate Auto,Four-Door Car,454,California,F
RJ40995,Doctor,2491,36631,62,0,Personal Auto,Four-Door Car,67,Arizona,M
GB47529,High School or Below,5396,40308,136,0,Corporate Auto,Luxury,652,Oregon,F
MB63131,Bachelor,4652,0,64,1,Corporate Auto,Four-Door Car,307,Oregon,F
KN57002,Bachelor,9015,0,130,0,Corporate Auto,SUV,936,Arizona,M
DR68556,High School or Below,7857,85067,65,0,Personal Auto,Four-Door Car,256,Oregon,M
CS70768,High School or Below,6763,0,64,0,Personal Auto,Four-Door Car,460,California,F
XY33610,College,15695,97750,65,0,Personal Auto,Four-Door Car,303,Washington,M
LO17953,Doctor,5219,38704,65,0,Personal Auto,Four-Door Car,9,Oregon,F
LZ35469,Bachelor,2582,76731,64,0,Personal Auto,Four-Door Car,201,California,F
BM27144,College,7653,57446,64,0,Personal Auto,Four-Door Car,77,California,F
EA14700,Bachelor,4966,0,73,0,Personal Auto,Two-Door Car,525,California,M
FQ70521,High School or Below,8927,96768,111,2,Personal Auto,Four-Door Car,2,California,F
OA99158,Bachelor,21423,0,65,0,Corporate Auto,Two-Door Car,312,California,M
YS84064,Bachelor,15481,0,180,3,Corporate Auto,SUV,1296,Arizona,M
YD45065,College,8714,0,118,0,Personal Auto,SUV,566,Oregon,F
OC88207,Master,5577,77265,69,0,Special Auto,Two-Door Car,170,California,M
IL47644,High School or Below,8860,48736,111,0,Personal Auto,SUV,285,Oregon,F
CW27031,High School or Below,13450,0,126,0,Corporate Auto,SUV,907,Washington,F
XX44146,High School or Below,6464,0,89,0,Personal Auto,Two-Door Car,640,California,F
LH26131,High School or Below,3876,0,108,0,Personal Auto,Two-Door Car,1099,Nevada,F
HU94030,High School or Below,10103,46667,129,1,Corporate Auto,SUV,59,Arizona,F
GP39118,High School or Below,4996,71600,63,0,Personal Auto,Two-Door Car,46,Washington,M
QL80658,High School or Below,3934,84229,98,0,Personal Auto,Four-Door Car,470,Arizona,M
LU63980,College,2219,0,62,0,Personal Auto,Two-Door Car,297,Nevada,M
HQ41200,College,7974,26118,101,0,Personal Auto,Four-Door Car,484,Oregon,F
DZ81394,High School or Below,8708,0,118,0,Personal Auto,SUV,1380,Oregon,F
IN41344,College,2907,24049,74,0,Personal Auto,Four-Door Car,491,Washington,M
QJ22615,Master,4881,37998,61,0,Special Auto,Four-Door Car,292,Arizona,F
FJ24418,Doctor,3652,0,95,0,Personal Auto,Four-Door Car,456,Arizona,F
JR45097,College,12779,0,184,0,Personal Auto,Luxury,1394,Oregon,M
DT82702,College,7200,0,66,0,Personal Auto,Four-Door Car,316,Arizona,F
ME87834,Bachelor,4219,62396,107,0,Personal Auto,SUV,693,Oregon,M
DB91647,College,5816,99239,74,0,Personal Auto,Four-Door Car,379,California,M
UM44109,College,7908,94303,65,0,Personal Auto,Four-Door Car,149,Oregon,M
RT22532,Bachelor,3954,18375,103,0,Personal Auto,Luxury,535,Arizona,M
DU60004,College,3560,76769,88,0,Corporate Auto,Four-Door Car,170,Nevada,F
XR17548,High School or Below,5064,78735,63,1,Personal Auto,Four-Door Car,225,Oregon,M
VR14881,Bachelor,8489,0,130,0,Personal Auto,Luxury,624,Oregon,M
FS81127,Bachelor,2425,0,67,1,Corporate Auto,Four-Door Car,426,California,F
VD19899,Doctor,27542,50494,114,0,Personal Auto,Two-Door Car,491,California,F
SP93911,High School or Below,8828,86721,110,1,Corporate Auto,Two-Door Car,372,California,F
GH49378,Bachelor,5059,67371,63,0,Personal Auto,Four-Door Car,86,California,F
MZ30958,High School or Below,6715,21835,90,0,Corporate Auto,Two-Door Car,432,Nevada,M
FU55433,High School or Below,2671,62452,67,0,Corporate Auto,Two-Door Car,407,Arizona,M
SZ14518,College,8098,0,72,0,Personal Auto,Four-Door Car,518,California,F
XI58886,High School or Below,2795,69809,70,0,Personal Auto,Two-Door Car,111,California,M
NL17031,High School or Below,2972,0,84,0,Personal Auto,Two-Door Car,604,Washington,M
OB32861,High School or Below,6288,0,84,0,Special Auto,Two-Door Car,403,Nevada,M
AZ84403,College,61850,0,238,0,Personal Auto,Luxury,1142,Oregon,F
PU34934,College,10394,22601,88,0,Personal Auto,Four-Door Car,633,Arizona,F
WX87964,High School or Below,4935,29560,62,0,Personal Auto,Four-Door Car,297,Washington,M
VI12468,Bachelor,35013,0,133,0,Personal Auto,SUV,532,Oregon,F
RC44077,Bachelor,2810,26790,71,0,Personal Auto,Two-Door Car,340,California,M
ZQ48144,Bachelor,3636,34986,91,0,Corporate Auto,Four-Door Car,73,California,F
MA83261,High School or Below,2785,66378,71,0,Corporate Auto,Two-Door Car,158,Arizona,M
ER63193,High School or Below,7715,48784,96,0,Corporate Auto,Four-Door Car,252,California,F
XZ34917,Bachelor,5643,41043,72,0,Personal Auto,Four-Door Car,345,Washington,M
WH36754,College,19088,32775,61,0,Personal Auto,Four-Door Car,251,Oregon,F
ZG90341,Bachelor,9156,61200,118,0,Personal Auto,Four-Door Car,566,Oregon,M
KR82385,Master,5454,66334,69,0,Personal Auto,Two-Door Car,331,California,M
MC48570,Doctor,2470,18661,62,0,Personal Auto,Two-Door Car,196,Arizona,F
MP13698,College,7809,0,111,0,Personal Auto,Two-Door Car,532,Oregon,F
JE84351,Bachelor,6938,53133,91,0,Personal Auto,Two-Door Car,652,Oregon,M
BU72276,Bachelor,5318,25134,67,0,Personal Auto,Four-Door Car,321,California,F
DC78147,College,13727,0,126,0,Personal Auto,SUV,604,Arizona,M
DB17162,High School or Below,5363,64324,67,0,Personal Auto,Four-Door Car,321,Arizona,M
TG97744,Bachelor,3265,25820,82,0,Corporate Auto,Four-Door Car,393,Oregon,F
QT26393,Bachelor,2446,29152,67,0,Personal Auto,Two-Door Car,255,California,M
UG49716,College,4196,0,114,0,Personal Auto,Luxury,1182,Washington,F
HF11584,Master,12913,62448,107,0,Personal Auto,SUV,513,Arizona,M
MS87381,High School or Below,23866,0,81,1,Personal Auto,Four-Door Car,388,California,F
YU79270,College,4633,27132,63,1,Personal Auto,Four-Door Car,302,Arizona,M
HU81007,Bachelor,8196,21706,108,0,Personal Auto,SUV,518,Oregon,F
XH53960,Bachelor,2167,0,61,0,Personal Auto,Four-Door Car,439,Arizona,F
MM62953,High School or Below,5619,66620,70,0,Personal Auto,Four-Door Car,336,Arizona,M
DA74095,Bachelor,6102,42800,153,1,Personal Auto,Luxury,734,Arizona,F
QD46343,High School or Below,3919,66676,97,0,Personal Auto,Four-Door Car,558,Arizona,F
FR17176,High School or Below,14944,0,68,0,Personal Auto,Four-Door Car,326,Arizona,F
WY26014,High School or Below,10819,37433,90,0,Personal Auto,Four-Door Car,410,California,F
RY32848,Doctor,15839,44930,132,0,Personal Auto,SUV,111,Oregon,M
JG83987,Bachelor,6451,30857,81,0,Personal Auto,Two-Door Car,309,Arizona,F
MQ48266,Bachelor,5564,46507,73,4,Personal Auto,Two-Door Car,325,Arizona,F
EA68909,Bachelor,2444,48473,63,0,Personal Auto,Four-Door Car,302,California,M
KP51068,Bachelor,2640,59961,68,0,Personal Auto,Four-Door Car,291,Oregon,M
CM78608,High School or Below,5823,88359,73,0,Personal Auto,Two-Door Car,35,California,F
TZ11597,College,5755,97607,71,0,Personal Auto,Two-Door Car,60,California,M
GS76685,High School or Below,10408,20228,101,1,Corporate Auto,SUV,523,California,M
BR40272,College,8247,49009,105,0,Personal Auto,Four-Door Car,504,California,M
FX36546,Master,3679,60804,92,0,Personal Auto,Four-Door Car,213,Washington,M
FY31714,Bachelor,16331,78374,82,0,Personal Auto,Four-Door Car,206,Oregon,M
GL99349,High School or Below,20474,95621,66,5,Personal Auto,Two-Door Car,351,California,M
HH49391,High School or Below,9414,15741,132,0,Special Auto,SUV,633,Oregon,M
WG26617,Bachelor,9732,38279,82,0,Personal Auto,Two-Door Car,64,Oregon,M
JL97265,Master,4611,0,61,0,Personal Auto,Four-Door Car,292,Oregon,M
QQ25666,High School or Below,14510,60120,182,0,Personal Auto,Luxury,716,Arizona,M
VE72838,High School or Below,13770,59207,116,0,Personal Auto,Four-Door Car,556,Arizona,F
ZN27809,College,8083,0,116,0,Personal Auto,SUV,820,Oregon,F
IZ71030,College,2570,69446,64,1,Personal Auto,Four-Door Car,26,California,F
LU79958,Bachelor,2273,0,73,4,Personal Auto,Four-Door Car,801,Washington,F
KT30737,College,3995,0,119,0,Corporate Auto,SUV,856,California,M
IU32539,Bachelor,7282,50886,95,1,Personal Auto,Two-Door Car,620,California,F
UI73924,Bachelor,2469,55257,64,3,Personal Auto,Two-Door Car,209,Oregon,F
RZ89359,College,2450,61883,62,0,Personal Auto,Four-Door Car,18,California,F
CE21829,College,10856,37233,136,0,Personal Auto,SUV,242,Oregon,M
BU17847,Master,9075,37722,116,0,Personal Auto,Luxury,158,Arizona,M
XA63646,Master,4654,81883,114,0,Personal Auto,Four-Door Car,376,California,F
EA40332,Bachelor,15394,35822,197,0,Personal Auto,SUV,1404,Oregon,M
KB75939,Bachelor,9421,23059,126,0,Corporate Auto,Luxury,95,Oregon,F
PR98117,Bachelor,2640,97666,66,0,Personal Auto,Four-Door Car,136,Oregon,F
ZE62067,Master,8509,26057,74,0,Corporate Auto,Four-Door Car,523,Arizona,M
AU45793,Doctor,3436,30817,88,0,Corporate Auto,Four-Door Car,91,Arizona,M
RE29131,College,4349,75648,108,0,Personal Auto,SUV,112,Oregon,F
FZ19620,High School or Below,9672,0,96,0,Corporate Auto,Four-Door Car,1120,Oregon,M
HM93220,High School or Below,15266,25852,135,1,Personal Auto,Luxury,648,Arizona,F
BO94261,Doctor,7550,0,68,1,Personal Auto,Four-Door Car,100,Arizona,M
TC18805,Bachelor,9939,13207,137,2,Personal Auto,SUV,392,Washington,M
UQ24268,High School or Below,14962,0,82,0,Personal Auto,Four-Door Car,393,Oregon,F
NF25863,High School or Below,7887,32150,98,0,Personal Auto,Two-Door Car,470,Nevada,M
FD98839,College,2894,52674,73,0,Personal Auto,Two-Door Car,166,Oregon,M
FN99437,College,4397,91653,111,0,Corporate Auto,SUV,343,California,M
DZ35379,High School or Below,5781,69512,72,0,Personal Auto,Two-Door Car,196,Arizona,F
IA67715,High School or Below,7720,67332,192,0,Personal Auto,Luxury,921,California,F
JG61793,High School or Below,3046,0,98,2,Personal Auto,Four-Door Car,705,Washington,M
CR41258,College,2590,53304,65,0,Personal Auto,Four-Door Car,116,Nevada,M
BE75190,College,10155,28754,89,0,Corporate Auto,Four-Door Car,427,California,M
EW16697,High School or Below,2552,50201,64,0,Personal Auto,Two-Door Car,99,Arizona,F
HI60054,Bachelor,9404,51593,80,2,Personal Auto,Two-Door Car,202,California,F
MU57098,Bachelor,5678,0,76,0,Personal Auto,Four-Door Car,364,Oregon,F
WB21698,High School or Below,3723,31974,92,0,Personal Auto,Four-Door Car,388,California,F
MU75490,Bachelor,8417,31756,107,0,Corporate Auto,SUV,415,Oregon,M
UA44429,College,2520,0,68,0,Personal Auto,Four-Door Car,326,California,F
PP64004,Bachelor,8186,20369,105,0,Personal Auto,SUV,1126,Nevada,F
FI77477,College,4229,0,126,0,Personal Auto,SUV,907,Washington,M
NT40494,High School or Below,5074,66933,63,0,Personal Auto,Four-Door Car,160,California,F
YM98727,High School or Below,12981,39843,109,1,Personal Auto,Four-Door Car,523,California,F
NT77164,Doctor,2744,16686,71,0,Personal Auto,Four-Door Car,125,Arizona,M
IL91509,Bachelor,13226,0,190,1,Special Auto,Luxury,1398,Oregon,F
PS47550,High School or Below,13178,80237,108,0,Personal Auto,SUV,776,California,F
PK66498,High School or Below,8793,72897,73,0,Personal Auto,Two-Door Car,507,California,M
NG93751,Bachelor,3245,46435,82,0,Corporate Auto,Two-Door Car,350,California,M
KL84615,High School or Below,4624,0,68,2,Personal Auto,Four-Door Car,469,Arizona,M
AP27994,High School or Below,4372,23124,112,0,Special Auto,Luxury,537,Oregon,F
TP20456,High School or Below,9090,45310,229,0,Personal Auto,Luxury,1550,Arizona,M
OB21477,College,10777,53437,91,0,Personal Auto,Two-Door Car,436,Oregon,M
LH80781,College,5007,0,73,1,Personal Auto,Four-Door Car,655,Washington,F
UU70820,College,5867,27880,74,0,Personal Auto,Four-Door Car,199,Arizona,F
ER66372,Bachelor,14914,45963,63,2,Personal Auto,Four-Door Car,302,California,F
XD81935,Bachelor,5107,35625,65,1,Personal Auto,Four-Door Car,288,Oregon,F
AT30076,High School or Below,3536,31727,92,0,Personal Auto,Four-Door Car,495,Nevada,F
EW34576,High School or Below,2839,53071,72,0,Corporate Auto,Four-Door Car,386,Arizona,F
XC14741,High School or Below,2939,97735,73,0,Corporate Auto,Four-Door Car,188,California,M
PG84165,High School or Below,2776,0,77,0,Personal Auto,Four-Door Car,554,California,M
CN16311,Master,5476,52218,68,0,Corporate Auto,Four-Door Car,33,Oregon,F
TZ19823,Bachelor,3265,25820,82,0,Personal Auto,Four-Door Car,393,California,F
NC34154,High School or Below,8066,17950,71,2,Special Auto,Two-Door Car,340,California,F
LQ50657,High School or Below,3644,82477,90,0,Personal Auto,Two-Door Car,432,Arizona,F
JL16084,College,6611,0,95,0,Personal Auto,Four-Door Car,564,Arizona,F
CJ81391,College,7582,64801,64,0,Personal Auto,Four-Door Car,268,Oregon,M
WQ89892,College,2607,0,70,1,Special Auto,Two-Door Car,336,Washington,F
JW70372,Doctor,7124,61233,89,2,Personal Auto,Four-Door Car,181,Arizona,F
AW17574,Bachelor,9435,0,129,0,Corporate Auto,SUV,628,Nevada,F
GL66847,Bachelor,8256,62902,69,0,Personal Auto,Two-Door Car,159,Arizona,F
DC62428,High School or Below,5091,20244,65,0,Personal Auto,Four-Door Car,312,Arizona,M
KR54589,High School or Below,5881,86812,73,0,Personal Auto,Four-Door Car,45,California,F
BC47264,College,7684,62192,98,0,Special Auto,Two-Door Car,243,California,F
SN58128,College,10396,34948,130,0,Personal Auto,SUV,443,Oregon,F
TD97297,Bachelor,8545,35456,109,0,Personal Auto,Luxury,505,Oregon,M
TK13024,College,4408,80640,111,0,Personal Auto,SUV,313,Oregon,M
LR97507,High School or Below,2562,0,74,0,Corporate Auto,Four-Door Car,663,Arizona,M
KC14861,High School or Below,14886,91193,185,1,Personal Auto,Luxury,1,Oregon,M
DC37886,High School or Below,24338,73692,67,0,Personal Auto,Two-Door Car,24,Arizona,F
SP56326,High School or Below,7452,12195,101,0,Personal Auto,Four-Door Car,670,Arizona,F
OQ99704,Bachelor,3981,52801,100,0,Personal Auto,SUV,475,Washington,F
GQ92754,College,16060,0,87,0,Personal Auto,Four-Door Car,417,Nevada,M
DX28320,High School or Below,5111,0,72,2,Personal Auto,Four-Door Car,594,California,F
BM83544,Bachelor,7439,0,108,0,Personal Auto,SUV,518,Arizona,F
YB96664,Bachelor,4974,75644,65,3,Corporate Auto,Two-Door Car,467,Washington,M
RO90746,High School or Below,17816,60192,220,0,Personal Auto,Luxury,1056,California,F
UV46349,Bachelor,6238,0,90,2,Personal Auto,Four-Door Car,134,Oregon,F
MY32188,Bachelor,2682,0,74,0,Corporate Auto,Two-Door Car,355,Oregon,M
OV87950,College,2837,29242,73,0,Personal Auto,Two-Door Car,350,California,M
ZG82132,Bachelor,4118,69379,103,0,Personal Auto,Two-Door Car,494,Oregon,F
LZ31103,College,2472,63860,62,0,Personal Auto,Four-Door Car,208,Oregon,F
HO79663,Doctor,4139,45281,104,1,Personal Auto,Luxury,65,Arizona,F
RS57109,Bachelor,4100,51193,104,2,Personal Auto,Two-Door Car,97,Arizona,F
NA21420,Bachelor,5278,62074,67,0,Corporate Auto,Four-Door Car,49,Oregon,F
MY98825,Bachelor,8056,64304,68,0,Corporate Auto,Two-Door Car,65,California,F
VW73816,Bachelor,9185,73795,116,1,Personal Auto,SUV,501,Oregon,M
FN66189,College,15417,84376,96,0,Personal Auto,Four-Door Car,43,Oregon,F
HU75748,High School or Below,6829,0,66,1,Personal Auto,Two-Door Car,470,Arizona,F
OS11465,High School or Below,8500,79153,106,0,Special Auto,SUV,508,Oregon,M
UY61913,College,8847,17950,118,0,Personal Auto,SUV,425,Oregon,M
OD70577,College,2840,0,80,1,Personal Auto,Two-Door Car,962,Arizona,F
DC91024,Bachelor,15984,0,69,0,Personal Auto,Two-Door Car,331,Oregon,M
VQ67172,College,18542,0,72,0,Corporate Auto,Four-Door Car,622,Oregon,F
MF23895,College,2609,58139,65,1,Corporate Auto,Four-Door Car,33,Arizona,F
AA10041,High School or Below,7901,0,113,0,Personal Auto,SUV,1258,California,M
DV36320,High School or Below,17995,80991,223,0,Personal Auto,Luxury,937,California,F
UE72026,College,5021,69678,126,0,Personal Auto,Luxury,306,California,F
SE78641,Bachelor,4654,0,67,0,Personal Auto,Two-Door Car,577,Arizona,M
YC69616,College,2719,14030,72,0,Personal Auto,Two-Door Car,345,Arizona,F
SM10254,Bachelor,4726,13037,124,0,Personal Auto,SUV,839,Oregon,F
AG45299,College,8595,76763,108,0,Personal Auto,SUV,186,California,M
KS45476,High School or Below,15626,50461,131,0,Personal Auto,Luxury,810,Washington,F
No69427,High School or Below,2797,69604,70,0,Corporate Auto,Four-Door Car,112,California,M
BA52133,Master,5344,22908,68,0,Personal Auto,Four-Door Car,387,California,M
WT59944,College,17557,68273,146,0,Personal Auto,Luxury,76,California,F
XV30885,College,4595,95550,116,1,Personal Auto,SUV,381,California,M
LU79865,Bachelor,5794,88370,74,1,Personal Auto,Four-Door Car,355,Nevada,M
BL29046,Doctor,5332,68931,66,0,Corporate Auto,Four-Door Car,309,Oregon,F
AM34581,Bachelor,6680,24432,87,3,Corporate Auto,Two-Door Car,71,Oregon,F
YN75239,College,7910,77577,199,1,Personal Auto,Luxury,35,Oregon,M
OJ84485,High School or Below,12516,12607,110,0,Personal Auto,SUV,528,California,M
JA12995,College,2325,0,63,0,Personal Auto,Four-Door Car,302,Oregon,F
OD85990,Bachelor,3964,23474,102,0,Corporate Auto,SUV,489,Oregon,F
NZ57264,Bachelor,7486,0,113,0,Personal Auto,SUV,813,California,M
OL39995,Bachelor,6707,0,65,0,Personal Auto,Four-Door Car,360,Oregon,M
LK51620,High School or Below,12902,98478,106,0,Corporate Auto,Four-Door Car,508,California,M
ZB91993,College,5926,23091,96,5,Personal Auto,Four-Door Car,460,Arizona,M
SZ60342,College,5148,51071,65,0,Personal Auto,Two-Door Car,312,Arizona,M
WE80653,Bachelor,6827,0,103,2,Personal Auto,SUV,2,Oregon,F
EE28119,Bachelor,4670,69921,118,2,Personal Auto,Two-Door Car,373,Arizona,F
GA49547,High School or Below,5363,36357,68,0,Personal Auto,Four-Door Car,17,Washington,M
BA92673,High School or Below,6961,0,63,0,Personal Auto,Four-Door Car,40,Oregon,F
PT70350,High School or Below,28511,27607,104,0,Corporate Auto,Four-Door Car,640,Oregon,M
KL29678,Master,8624,43610,106,0,Personal Auto,Luxury,508,Oregon,F
HL84679,Bachelor,3382,0,91,0,Personal Auto,Four-Door Car,436,Oregon,F
GH94657,Bachelor,2319,14660,61,0,Personal Auto,Four-Door Car,396,California,M
EZ71780,High School or Below,8807,26864,78,0,Special Auto,Four-Door Car,374,Arizona,F
BW76745,Doctor,2491,36631,62,0,Personal Auto,Four-Door Car,67,Oregon,M
TN64240,Bachelor,7853,42582,99,0,Corporate Auto,Four-Door Car,629,California,F
AE23906,College,9816,37256,62,0,Personal Auto,Four-Door Car,128,Arizona,M
CX20455,College,22103,0,102,0,Corporate Auto,SUV,489,Arizona,M
KX18446,High School or Below,6689,56980,84,0,Corporate Auto,Two-Door Car,599,Washington,M
NR66922,Master,11323,98254,94,3,Corporate Auto,Four-Door Car,229,Oregon,M
PQ27923,Master,6333,71737,79,0,Personal Auto,Two-Door Car,338,Washington,M
No81415,Bachelor,3139,31177,79,0,Personal Auto,Four-Door Car,905,Arizona,M
OI48534,High School or Below,2617,98338,65,0,Personal Auto,Four-Door Car,35,California,F
FH83537,High School or Below,3732,0,106,0,Personal Auto,Luxury,879,California,F
VH94792,Bachelor,4433,0,65,0,Special Auto,Four-Door Car,312,California,F
VD37089,College,3478,29938,90,0,Corporate Auto,Four-Door Car,562,Washington,M
UW68708,Bachelor,5009,0,69,0,Personal Auto,Four-Door Car,496,California,F
PV39600,Bachelor,8417,24285,111,0,Personal Auto,Two-Door Car,1257,California,M
ZD42919,Master,4483,32983,113,0,Personal Auto,SUV,466,California,M
ZX68434,Doctor,5124,0,134,0,Personal Auto,SUV,643,California,F
CH81088,Bachelor,3721,71333,93,0,Personal Auto,Four-Door Car,343,Oregon,F
SV68939,Master,9988,33157,124,0,Personal Auto,SUV,286,Arizona,F
WI81695,College,3342,0,91,0,Personal Auto,Four-Door Car,436,Oregon,F
OU50429,Bachelor,7524,36580,64,1,Personal Auto,Four-Door Car,460,California,M
TE44937,High School or Below,13466,11432,119,0,Personal Auto,SUV,571,Oregon,F
GC29421,High School or Below,2949,78596,73,0,Personal Auto,Four-Door Car,106,California,F
RF71693,Bachelor,5179,35143,65,0,Corporate Auto,Four-Door Car,171,Arizona,F
JZ22920,Master,3225,29606,81,0,Personal Auto,Four-Door Car,438,Arizona,M
ZL68596,Master,8849,53228,73,0,Special Auto,Four-Door Car,137,Arizona,M
GV91160,High School or Below,2886,10312,78,0,Personal Auto,Four-Door Car,486,Oregon,F
PC80039,Bachelor,2359,19864,63,0,Personal Auto,Four-Door Car,352,Oregon,F
RH72839,High School or Below,4669,76157,116,0,Personal Auto,Two-Door Car,556,Nevada,F
SV15363,High School or Below,6366,44368,80,0,Personal Auto,Two-Door Car,384,California,M
CN17219,College,25581,27961,72,0,Personal Auto,Two-Door Car,345,Oregon,M
ZM84839,College,8146,92777,68,2,Personal Auto,Two-Door Car,158,California,F
ZO31878,Master,5412,55992,67,0,Personal Auto,Four-Door Car,191,Oregon,F
BU70181,Master,5757,88997,72,0,Personal Auto,Four-Door Car,174,Arizona,M
RN20799,High School or Below,4755,21926,63,0,Personal Auto,Four-Door Car,302,Arizona,F
VF58561,Bachelor,4995,82413,62,0,Personal Auto,Four-Door Car,297,Oregon,F
HU26687,Bachelor,2824,48008,73,4,Personal Auto,Four-Door Car,137,California,M
VT84289,College,5907,87796,74,0,Personal Auto,Four-Door Car,355,California,F
ZG17326,Bachelor,4988,38928,64,0,Personal Auto,Four-Door Car,326,Oregon,M
ZR84007,Bachelor,7405,58779,64,1,Personal Auto,Four-Door Car,307,Arizona,M
WM17695,Doctor,16553,98912,135,0,Personal Auto,SUV,714,Washington,F
YR76491,College,15102,0,137,0,Personal Auto,SUV,32,Oregon,F
NY93341,High School or Below,9118,33882,114,0,Personal Auto,SUV,272,Arizona,F
BC87161,Bachelor,2759,92296,69,0,Personal Auto,Two-Door Car,331,Oregon,M
PW23851,Bachelor,15251,63287,127,0,Personal Auto,SUV,617,Oregon,F
UM73815,High School or Below,14517,74871,178,0,Personal Auto,SUV,854,Arizona,F
HW19506,High School or Below,5597,37995,139,0,Personal Auto,SUV,667,Arizona,F
JF90784,High School or Below,19323,0,139,1,Personal Auto,SUV,1389,California,F
OW15518,College,15950,0,87,1,Personal Auto,Two-Door Car,46,Washington,F
BR28896,High School or Below,3176,64706,81,0,Personal Auto,Two-Door Car,372,Nevada,M
PD32943,Bachelor,4526,0,64,1,Personal Auto,Four-Door Car,307,Oregon,M
GM83516,College,2573,29500,67,0,Corporate Auto,Four-Door Car,321,Arizona,M
BK15048,College,6656,0,69,1,Personal Auto,Four-Door Car,496,Arizona,M
RA27021,Bachelor,27564,26410,91,0,Corporate Auto,Four-Door Car,184,Nevada,F
JW15941,Master,3842,97832,95,0,Personal Auto,Two-Door Car,107,California,M
GP20408,College,3808,94903,94,0,Personal Auto,Two-Door Car,451,Oregon,F
AM57175,High School or Below,15000,62473,76,1,Personal Auto,Four-Door Car,507,Oregon,F
RI40862,College,5573,85704,69,0,Personal Auto,Four-Door Car,325,Nevada,M
EY86980,Bachelor,6222,74270,78,0,Corporate Auto,Two-Door Car,122,Oregon,M
FG24850,Master,5096,22886,65,0,Personal Auto,Four-Door Car,312,Oregon,F
JB39997,College,6183,36464,78,0,Personal Auto,Four-Door Car,93,California,F
CG43444,Bachelor,9388,33599,80,0,Personal Auto,Four-Door Car,111,California,F
ZG69918,College,8168,20819,73,1,Special Auto,Four-Door Car,206,Oregon,M
GM70734,College,13561,29095,91,1,Corporate Auto,Two-Door Car,280,California,F
PM14429,College,6699,30852,88,0,Personal Auto,Four-Door Car,318,California,M
FD55376,High School or Below,20230,48448,74,1,Corporate Auto,Four-Door Car,355,California,M
PS25185,Bachelor,4097,20079,110,0,Corporate Auto,Two-Door Car,528,Washington,F
YE70791,High School or Below,5169,12430,73,0,Personal Auto,Four-Door Car,350,California,M
UN52560,Bachelor,6278,47669,80,0,Personal Auto,Four-Door Car,384,Arizona,M
SS95187,Bachelor,3343,40794,87,0,Personal Auto,Four-Door Car,334,Arizona,M
OU62959,Bachelor,15531,95340,198,2,Personal Auto,Luxury,808,California,M
ZV36800,Bachelor,4236,14476,113,0,Corporate Auto,Luxury,542,Oregon,M
XF83901,College,3692,0,105,0,Personal Auto,Four-Door Car,756,Arizona,F
RE12758,High School or Below,6782,26116,85,0,Personal Auto,Four-Door Car,612,California,M
CH97666,Bachelor,3683,12454,100,0,Personal Auto,Luxury,720,California,M
NU25698,High School or Below,13995,48245,121,3,Personal Auto,SUV,580,Oregon,F
ZV80216,High School or Below,5619,0,153,0,Personal Auto,SUV,1027,Oregon,M
PB47955,Bachelor,8331,0,119,0,Personal Auto,SUV,856,Oregon,F
BD36887,College,4171,37478,105,0,Personal Auto,Luxury,653,Nevada,F
JG65202,High School or Below,7873,0,74,0,Personal Auto,Two-Door Car,568,Oregon,M
YV76240,College,10677,45732,134,0,Corporate Auto,SUV,611,Oregon,F
LN28900,Bachelor,14687,0,85,0,Personal Auto,Four-Door Car,612,California,M
IN77241,Bachelor,5394,65978,67,0,Corporate Auto,Two-Door Car,251,Washington,M
DI42246,College,2230,0,62,0,Personal Auto,Four-Door Car,325,Arizona,M
SE86346,College,7771,58467,65,0,Corporate Auto,Four-Door Car,452,Nevada,F
FK46365,College,4103,82427,102,0,Personal Auto,SUV,489,Washington,F
XW93623,Bachelor,7221,33811,184,0,Personal Auto,Luxury,587,Nevada,M
FJ62579,High School or Below,12285,0,183,2,Personal Auto,Luxury,878,Oregon,M
ZZ22193,Master,5704,37675,71,0,Personal Auto,Four-Door Car,380,California,F
ZY77695,Bachelor,2433,0,72,0,Personal Auto,Two-Door Car,345,Arizona,M
ZJ65064,College,4921,0,70,0,Personal Auto,Four-Door Car,336,California,F
FA59186,High School or Below,4660,0,67,0,Personal Auto,Two-Door Car,482,California,M
XS74336,High School or Below,2541,0,71,0,Personal Auto,Four-Door Car,511,Washington,F
RT80802,College,11658,19851,102,0,Personal Auto,Luxury,220,Nevada,M
KN65809,High School or Below,11131,0,99,0,Personal Auto,Four-Door Car,475,Washington,F
QF17381,Bachelor,4733,0,62,0,Corporate Auto,Four-Door Car,740,Arizona,F
JF16897,High School or Below,8776,28360,73,0,Personal Auto,Four-Door Car,863,Oregon,F
PB90912,High School or Below,7804,70833,193,0,Personal Auto,Luxury,926,California,M
CH50339,Master,2522,0,69,1,Corporate Auto,Four-Door Car,470,Arizona,F
GU41198,Bachelor,9536,62421,80,2,Corporate Auto,Four-Door Car,384,California,F
CT96082,Bachelor,4711,13933,62,0,Corporate Auto,Two-Door Car,49,Oregon,F
KP26590,Bachelor,3801,40513,96,1,Personal Auto,Four-Door Car,151,Nevada,F
ZQ51896,College,21159,0,108,0,Special Auto,SUV,777,Oregon,M
BI34286,Master,6515,47259,81,0,Corporate Auto,Four-Door Car,388,Oregon,M
XJ97760,Master,4739,35039,61,0,Personal Auto,Four-Door Car,254,California,M
CO71128,College,21240,0,190,0,Personal Auto,Luxury,1368,California,F
SJ88799,High School or Below,3980,92539,101,0,Personal Auto,Four-Door Car,707,Washington,M
RC74014,College,4990,0,71,0,Special Auto,Two-Door Car,849,Oregon,F
CP66511,High School or Below,2562,92038,65,2,Personal Auto,Two-Door Car,178,Oregon,M
JG13893,Bachelor,7355,51789,61,0,Corporate Auto,Two-Door Car,435,Nevada,M
ER49844,College,5041,61972,64,2,Personal Auto,Four-Door Car,138,Arizona,M
AU91447,Doctor,12731,40870,105,0,Special Auto,SUV,504,Oregon,M
SK58227,High School or Below,8879,52583,113,0,Personal Auto,SUV,528,California,F
HG23705,Bachelor,2872,79681,73,1,Personal Auto,Four-Door Car,9,Arizona,F
MV93555,High School or Below,11058,69792,137,0,Personal Auto,SUV,696,Oregon,F
VQ20924,High School or Below,7138,19794,93,0,Corporate Auto,Two-Door Car,603,Arizona,F
AR59416,High School or Below,29037,0,113,0,Personal Auto,SUV,542,Oregon,M
DF65548,Master,8613,26680,106,0,Personal Auto,Two-Door Car,508,California,F
PA28328,College,3861,93272,95,0,Corporate Auto,Four-Door Car,281,California,F
WY31530,Doctor,2482,0,68,0,Personal Auto,Two-Door Car,87,Oregon,M
LV89056,Bachelor,3133,0,91,1,Personal Auto,Four-Door Car,655,California,F
KC49055,Bachelor,7123,21835,92,0,Personal Auto,Two-Door Car,621,Oregon,M
RA62150,College,28435,0,116,0,Personal Auto,SUV,899,Arizona,F
OY70124,Bachelor,12741,73054,106,1,Personal Auto,SUV,419,Washington,F
OT94107,Bachelor,3176,35551,81,1,Personal Auto,Four-Door Car,565,Oregon,F
CF27806,Bachelor,5470,54507,138,0,Personal Auto,SUV,702,California,F
EK50729,Bachelor,4582,0,67,0,Personal Auto,Four-Door Car,321,Oregon,M
TF53472,Bachelor,5350,41336,68,0,Personal Auto,Four-Door Car,263,Oregon,F
PG50529,High School or Below,5580,31972,70,0,Personal Auto,Four-Door Car,416,California,F
QT46509,College,7048,20416,93,0,Personal Auto,Four-Door Car,446,Oregon,M
LI72489,Bachelor,15306,46338,193,0,Corporate Auto,SUV,19,Nevada,M
MF74413,High School or Below,9657,0,131,0,Personal Auto,SUV,628,Oregon,M
SI58884,College,3985,17220,105,0,Personal Auto,SUV,504,California,M
KG53604,College,9816,37256,62,0,Personal Auto,Four-Door Car,128,Oregon,M
XB97091,High School or Below,37243,53602,115,0,Personal Auto,Luxury,295,Arizona,F
JS12902,High School or Below,4122,24732,107,0,Corporate Auto,Luxury,72,Oregon,F
LL14393,High School or Below,2556,23867,65,0,Personal Auto,Four-Door Car,312,Oregon,M
UJ71101,High School or Below,17253,0,124,0,Personal Auto,Luxury,928,California,M
ZY95807,Bachelor,36181,0,180,0,Corporate Auto,Luxury,864,California,M
GA72966,Bachelor,8427,46503,215,1,Personal Auto,Luxury,1032,Oregon,F
WS36101,High School or Below,2348,0,63,0,Personal Auto,Four-Door Car,453,Oregon,M
GY88677,Bachelor,23675,46268,199,1,Personal Auto,Luxury,842,Oregon,F
XT45580,College,4089,60759,104,0,Corporate Auto,SUV,499,Oregon,F
RY23571,Bachelor,2483,75615,65,5,Personal Auto,Four-Door Car,156,California,F
NB82190,College,5278,73742,68,0,Personal Auto,Two-Door Car,27,Oregon,M
XG14438,College,13727,0,126,0,Personal Auto,SUV,604,Arizona,M
TQ84956,High School or Below,10963,55687,276,0,Corporate Auto,Luxury,1324,California,M
FV58292,Bachelor,5555,74015,72,0,Personal Auto,Four-Door Car,471,Oregon,M
EF52334,Bachelor,3261,0,93,0,Personal Auto,Four-Door Car,669,Washington,M
ZV17267,Bachelor,11029,37056,92,0,Personal Auto,Four-Door Car,441,Oregon,F
RH71877,College,4770,12964,65,0,Personal Auto,Two-Door Car,362,Arizona,F
GS23406,High School or Below,2734,30916,70,0,Personal Auto,Four-Door Car,21,California,F
VZ66567,Bachelor,3748,0,106,0,Personal Auto,SUV,508,California,M
VP57785,College,4770,12964,65,0,Personal Auto,Two-Door Car,362,Oregon,F
NS51605,Master,8509,26057,74,0,Personal Auto,Four-Door Car,523,Oregon,M
QV48556,Master,5421,29981,71,0,Corporate Auto,Two-Door Car,340,Arizona,F
PR10005,Bachelor,2916,85210,74,0,Personal Auto,Four-Door Car,100,Oregon,M
IF80474,College,13363,86653,111,0,Personal Auto,Four-Door Car,277,Washington,M
NE73773,High School or Below,3974,0,113,0,Personal Auto,SUV,542,Oregon,M
WM72573,College,14710,22872,131,2,Personal Auto,SUV,754,California,M
NX71501,Doctor,5936,42889,74,0,Personal Auto,Four-Door Car,177,California,F
LR79755,College,2862,74034,72,0,Personal Auto,Four-Door Car,267,California,M
KC26486,Bachelor,8427,46503,215,1,Personal Auto,Luxury,1032,Arizona,F
DY22077,Bachelor,8622,97361,73,0,Corporate Auto,Four-Door Car,350,Arizona,M
UV54104,Bachelor,2300,25905,63,0,Personal Auto,Four-Door Car,302,Oregon,M
SG66076,Bachelor,10056,16097,139,0,Personal Auto,Luxury,1000,Arizona,M
GW52309,High School or Below,9118,56446,114,0,Personal Auto,SUV,547,Nevada,F
DC46965,Master,5507,11343,72,0,Personal Auto,Four-Door Car,154,Nevada,M
JK57654,Doctor,10972,24164,137,0,Personal Auto,Luxury,657,California,M
QO62792,College,7840,58414,210,2,Personal Auto,Luxury,1008,Oregon,M
XI56955,Bachelor,5504,0,73,0,Personal Auto,Four-Door Car,350,Washington,F
NR99710,High School or Below,4792,24395,62,0,Personal Auto,Two-Door Car,357,Arizona,F
QH90382,Master,4187,52471,103,0,Personal Auto,Two-Door Car,163,Oregon,F
SI30451,College,2718,30009,68,0,Personal Auto,Four-Door Car,317,Arizona,F
UM39817,Bachelor,8257,23815,73,0,Personal Auto,Four-Door Car,424,Oregon,F
YG98004,Master,12663,27739,104,0,Corporate Auto,Four-Door Car,3,Oregon,F
KF80172,College,2647,37876,69,0,Personal Auto,Four-Door Car,300,Nevada,M
LD95617,Bachelor,4830,0,72,0,Corporate Auto,Four-Door Car,345,California,M
YJ24476,Bachelor,4558,14665,61,0,Personal Auto,Four-Door Car,292,Nevada,F
LM67096,Bachelor,2127,0,61,1,Corporate Auto,Four-Door Car,31,Oregon,F
FB21121,Bachelor,2546,86595,63,0,Corporate Auto,Two-Door Car,445,California,F
LW91009,College,4992,24368,68,1,Personal Auto,Four-Door Car,326,Washington,M
RD28560,Bachelor,12741,73054,106,1,Corporate Auto,SUV,419,Washington,F
DD22139,College,7863,0,72,0,Corporate Auto,Two-Door Car,732,Washington,F
LN50415,Bachelor,5131,50994,128,0,Corporate Auto,SUV,346,Oregon,M
OP62891,High School or Below,2275,0,64,0,Personal Auto,Two-Door Car,460,Oregon,F
JT47995,College,60556,0,204,0,Personal Auto,Luxury,979,Arizona,F
AG39150,Bachelor,2356,0,63,0,Personal Auto,Four-Door Car,302,Oregon,M
QJ65440,Bachelor,28824,0,87,1,Corporate Auto,Four-Door Car,626,California,F
IJ40048,Bachelor,4978,28695,64,0,Corporate Auto,Four-Door Car,221,California,M
PX86841,College,6521,72608,82,3,Special Auto,Four-Door Car,393,Arizona,F
ES87355,Bachelor,7564,48381,63,0,Personal Auto,Two-Door Car,302,Oregon,F
EZ85603,College,11631,0,152,0,Personal Auto,SUV,1082,Arizona,F
YJ96611,High School or Below,7180,0,104,0,Special Auto,Luxury,1210,Arizona,F
UB18338,Bachelor,12168,14973,115,0,Personal Auto,SUV,828,Oregon,M
TF67147,Bachelor,2248,24910,63,1,Personal Auto,Four-Door Car,347,Oregon,F
FY83287,Doctor,2530,50577,63,0,Personal Auto,Two-Door Car,12,Washington,M
JO11457,High School or Below,4653,0,70,1,Personal Auto,Two-Door Car,585,Oregon,M
BS94221,College,2354,26184,62,0,Special Auto,Two-Door Car,297,Arizona,F
CB64729,Bachelor,8417,20215,112,0,Personal Auto,Four-Door Car,537,Nevada,M
XB32430,Bachelor,5717,68342,72,0,Personal Auto,Four-Door Car,148,California,M
LN43251,High School or Below,4623,0,133,0,Personal Auto,SUV,957,Oregon,M
BX20227,College,6521,72608,82,3,Personal Auto,Four-Door Car,393,Oregon,F
PC12390,Master,5507,74960,69,1,Corporate Auto,Four-Door Car,107,Nevada,M
XQ44462,College,2674,56342,69,0,Corporate Auto,Four-Door Car,331,Oregon,M
GF59560,College,5817,86824,72,0,Personal Auto,Four-Door Car,189,Oregon,F
FE67098,College,4646,37530,117,0,Personal Auto,SUV,561,Nevada,M
LO98108,Bachelor,2226,0,62,0,Personal Auto,Two-Door Car,297,Oregon,M
SP94430,Bachelor,7651,53330,65,0,Personal Auto,Four-Door Car,224,California,F
SH44158,Bachelor,2305,0,63,0,Special Auto,Four-Door Car,327,Oregon,M
WY41435,College,11960,52436,76,0,Personal Auto,Four-Door Car,109,Nevada,F
MR77933,Bachelor,11315,11885,101,0,Personal Auto,Four-Door Car,484,Arizona,F
WJ38827,High School or Below,7212,0,97,0,Corporate Auto,Two-Door Car,498,Oregon,M
TM33419,College,5255,44536,137,1,Personal Auto,SUV,46,Washington,F
QF91596,Bachelor,4794,82763,61,0,Personal Auto,Four-Door Car,245,Nevada,F
DB16336,College,2659,0,87,3,Corporate Auto,Four-Door Car,420,Nevada,F
BX35013,Master,27643,63401,113,0,Personal Auto,SUV,52,Arizona,F
JB20891,High School or Below,10083,11828,90,0,Personal Auto,Four-Door Car,571,Arizona,F
WE68750,Bachelor,5687,99747,72,0,Corporate Auto,Two-Door Car,61,Oregon,M
RN65450,College,3059,0,88,0,Personal Auto,Four-Door Car,633,California,M
BW79345,High School or Below,4945,78796,61,0,Personal Auto,Two-Door Car,292,Nevada,F
OZ64384,Bachelor,8609,79090,107,0,Personal Auto,SUV,289,Oregon,F
KV99077,College,5157,43906,65,0,Personal Auto,Two-Door Car,468,Nevada,M
NY24020,High School or Below,3748,82189,94,0,Personal Auto,Two-Door Car,354,Arizona,M
CJ81799,College,7462,70263,93,0,Personal Auto,Two-Door Car,7,Oregon,F
QI69873,Master,15063,19132,207,0,Personal Auto,Luxury,1008,Washington,M
VC70716,High School or Below,9657,0,131,0,Corporate Auto,SUV,628,Arizona,M
ZB88708,Master,2799,78127,69,0,Personal Auto,Four-Door Car,136,Nevada,M
XG64081,Bachelor,2759,92296,69,0,Personal Auto,Two-Door Car,331,Arizona,M
ZZ35218,Doctor,5392,0,74,0,Corporate Auto,Two-Door Car,317,Oregon,M
KA95976,High School or Below,5392,80550,68,3,Personal Auto,Four-Door Car,265,California,F
TF23305,College,3574,51950,89,0,Personal Auto,Two-Door Car,429,Arizona,F
TU72516,College,5608,20392,73,0,Personal Auto,Four-Door Car,350,Oregon,F
DM16101,College,4754,30886,61,0,Special Auto,Four-Door Car,8,Washington,F
UF93725,Bachelor,2239,0,66,0,Personal Auto,Four-Door Car,475,Oregon,M
IH62666,Bachelor,7356,33089,61,0,Personal Auto,Four-Door Car,292,California,F
FG23952,College,13283,0,132,0,Personal Auto,SUV,950,Oregon,M
NH85248,College,6893,0,68,0,Corporate Auto,Two-Door Car,326,Arizona,M
XO75323,College,3966,72439,100,1,Personal Auto,SUV,480,California,M
FX78901,Bachelor,16548,81639,82,0,Special Auto,Four-Door Car,47,Oregon,F
KG40352,College,5447,68815,68,0,Personal Auto,Four-Door Car,114,Oregon,F
GX27974,College,4644,0,63,0,Personal Auto,Four-Door Car,94,California,F
ST31207,Bachelor,5318,25134,67,0,Personal Auto,Four-Door Car,321,California,F
VC64410,High School or Below,2491,25965,65,0,Personal Auto,Four-Door Car,329,Arizona,F
YO49328,High School or Below,12296,55193,105,1,Personal Auto,SUV,504,Arizona,M
KP10993,College,6273,18577,86,0,Personal Auto,Four-Door Car,412,California,F
FR15853,High School or Below,6366,44368,80,0,Corporate Auto,Two-Door Car,384,Nevada,M
BR13613,College,6005,13528,86,0,Personal Auto,Four-Door Car,412,Oregon,M
MM27192,Master,11981,21514,62,0,Personal Auto,Two-Door Car,257,Oregon,F
HI36042,High School or Below,11885,0,105,0,Personal Auto,SUV,756,California,M
GT89774,Bachelor,17109,87139,213,0,Personal Auto,Luxury,363,Arizona,F
SB83749,High School or Below,4717,20355,61,1,Personal Auto,Four-Door Car,439,California,M
WE77831,Bachelor,4778,0,73,2,Personal Auto,Four-Door Car,350,California,M
HM21382,Bachelor,2402,46210,61,3,Personal Auto,Two-Door Car,439,Washington,M
ML10022,College,13197,0,68,3,Personal Auto,Four-Door Car,326,Nevada,F
QJ65472,High School or Below,29232,28613,114,0,Personal Auto,Four-Door Car,820,California,M
TZ71391,Master,8509,26057,74,0,Personal Auto,Four-Door Car,523,Oregon,M
AS62048,Bachelor,4774,0,73,0,Personal Auto,Four-Door Car,525,Arizona,M
PL14941,High School or Below,9113,76700,112,0,Personal Auto,Four-Door Car,322,Nevada,F
LK87874,Bachelor,7663,0,109,0,Personal Auto,SUV,523,Nevada,F
NK53938,Master,2599,45181,65,0,Personal Auto,Four-Door Car,312,Oregon,M
VF96109,High School or Below,8819,99845,110,1,Personal Auto,SUV,528,Oregon,M
IV32877,Bachelor,6857,0,101,0,Personal Auto,SUV,1021,Oregon,M
EE96187,High School or Below,7109,92423,88,0,Personal Auto,Four-Door Car,404,Oregon,F
FJ31683,Doctor,2842,43793,71,0,Personal Auto,Four-Door Car,16,Washington,F
ON90223,College,12846,93210,107,2,Personal Auto,SUV,513,Washington,M
SC70396,Bachelor,3498,58484,88,1,Personal Auto,Two-Door Car,43,Oregon,M
WF44706,High School or Below,6005,26876,76,0,Personal Auto,Four-Door Car,364,Oregon,M
CF15252,Bachelor,4344,48054,109,0,Personal Auto,SUV,523,Arizona,F
DG51590,Bachelor,25401,36800,91,0,Personal Auto,Two-Door Car,236,Arizona,F
LE12782,College,4466,28663,61,4,Personal Auto,Four-Door Car,292,Arizona,M
LD98568,College,7849,54431,97,0,Personal Auto,Four-Door Car,284,California,F
WX92363,Bachelor,4250,27608,108,0,Personal Auto,SUV,308,Washington,F
KX57885,Bachelor,6073,22103,89,1,Personal Auto,Four-Door Car,427,California,M
XI30683,College,6729,0,103,0,Personal Auto,SUV,741,Arizona,M
TM13510,Doctor,2588,46168,65,0,Personal Auto,Four-Door Car,312,Arizona,M
LU95652,College,7305,83221,91,0,Personal Auto,Four-Door Car,14,Oregon,M
OD45969,Bachelor,8531,98677,105,0,Personal Auto,Four-Door Car,108,California,M
MU96709,High School or Below,8618,46379,72,0,Corporate Auto,Four-Door Car,345,California,F
KX55910,College,4957,62803,62,0,Personal Auto,Two-Door Car,400,Oregon,F
KE10223,Bachelor,12255,0,177,0,Personal Auto,SUV,1274,California,M
QS29824,College,9624,0,134,0,Personal Auto,SUV,964,Nevada,M
OF12725,Bachelor,7080,28139,97,2,Personal Auto,Four-Door Car,465,California,F
WE52840,College,7053,52982,89,0,Corporate Auto,Four-Door Car,31,Arizona,F
OJ65117,Bachelor,5365,77095,68,1,Personal Auto,Four-Door Car,461,Oregon,F
FC52000,College,4306,26322,111,2,Corporate Auto,SUV,180,Oregon,F
IN57582,College,5970,25125,81,1,Corporate Auto,Four-Door Car,583,California,F
UY13430,High School or Below,8879,52583,113,0,Special Auto,SUV,528,Oregon,F
PD66941,Bachelor,4458,17622,65,1,Personal Auto,Four-Door Car,312,Arizona,M
IB36843,Master,5565,90607,70,0,Personal Auto,Four-Door Car,311,California,M
VE51810,Bachelor,5813,42795,73,0,Personal Auto,Four-Door Car,350,Arizona,M
RX50446,High School or Below,8365,27042,110,0,Personal Auto,Four-Door Car,1263,Arizona,F
TK22471,College,7275,27984,62,1,Personal Auto,Four-Door Car,445,Oregon,M
YR85283,High School or Below,15083,26021,126,0,Personal Auto,SUV,331,Nevada,F
WH83589,High School or Below,8458,25448,71,0,Personal Auto,Four-Door Car,345,Arizona,F
NM40177,Bachelor,8010,52009,68,0,Personal Auto,Four-Door Car,250,California,M
UV44069,High School or Below,2514,23504,69,0,Corporate Auto,Two-Door Car,374,Oregon,F
CO25601,High School or Below,4112,0,71,3,Personal Auto,Four-Door Car,569,Washington,M
IS58493,Master,4369,40774,110,1,Personal Auto,Luxury,394,Oregon,M
YF54705,College,7356,36812,92,1,Personal Auto,Two-Door Car,392,Nevada,M
ES66762,Bachelor,10656,72540,88,0,Personal Auto,Two-Door Car,631,Oregon,F
CX85598,Bachelor,5365,51240,70,2,Personal Auto,Four-Door Car,283,Arizona,M
QF74806,College,6047,20396,76,1,Personal Auto,Four-Door Car,364,California,M
LO17461,High School or Below,2885,35654,72,0,Personal Auto,Two-Door Car,515,Arizona,F
KW95891,High School or Below,2635,93884,65,0,Personal Auto,Four-Door Car,312,Oregon,F
YR45605,Bachelor,2413,0,68,0,Personal Auto,Four-Door Car,379,Oregon,F
OW83209,Bachelor,8341,30344,107,0,Personal Auto,SUV,342,Nevada,M
AT86990,Bachelor,2487,28738,62,0,Personal Auto,Two-Door Car,81,Arizona,F
CW80905,High School or Below,9212,70958,115,0,Personal Auto,Luxury,115,Nevada,M
TK65222,Bachelor,16407,22103,109,0,Personal Auto,Four-Door Car,160,California,M
FQ89652,College,7017,0,103,0,Special Auto,SUV,741,Oregon,F
PH70685,Bachelor,5481,70795,68,0,Corporate Auto,Four-Door Car,177,California,F
AP34711,Master,10382,32821,129,0,Personal Auto,SUV,25,Arizona,F
AZ31562,College,5498,22520,73,0,Personal Auto,Four-Door Car,350,Arizona,M
VU87728,High School or Below,4846,0,72,0,Personal Auto,Four-Door Car,518,Nevada,M
XX34879,College,14718,56263,93,0,Corporate Auto,Four-Door Car,446,Oregon,M
GG91020,Bachelor,9656,0,72,0,Personal Auto,Four-Door Car,345,Nevada,M
RO58812,College,4466,0,64,0,Personal Auto,Four-Door Car,307,California,M
GU29647,Bachelor,21423,0,65,0,Personal Auto,Two-Door Car,312,Oregon,M
QF66202,College,2531,31993,66,1,Personal Auto,Four-Door Car,39,Nevada,M
GB44176,College,8378,40994,106,0,Personal Auto,Four-Door Car,60,Arizona,M
RH70194,Bachelor,5093,29638,64,0,Personal Auto,Four-Door Car,307,Nevada,M
TL40288,College,13352,0,119,0,Personal Auto,Four-Door Car,729,Oregon,F
VZ70667,College,14206,26056,73,0,Personal Auto,Four-Door Car,355,Oregon,F
GK21260,Doctor,10232,22821,131,0,Personal Auto,SUV,740,Oregon,F
GS92994,College,15435,84581,96,0,Personal Auto,Four-Door Car,4,Washington,F
KI91500,High School or Below,8641,22193,74,0,Personal Auto,Two-Door Car,415,California,F
TL51969,Bachelor,7334,30969,63,1,Personal Auto,Two-Door Car,358,Washington,M
NR16284,College,7462,70263,93,0,Personal Auto,Two-Door Car,7,California,F
MA68039,High School or Below,3635,35056,96,3,Personal Auto,Two-Door Car,460,California,M
ZI51939,College,5525,73435,69,0,Corporate Auto,Two-Door Car,331,Oregon,M
NX93393,High School or Below,4335,86096,108,0,Corporate Auto,Two-Door Car,518,Oregon,M
SE30128,High School or Below,4832,0,139,0,Personal Auto,SUV,1000,California,M
VT78222,Master,9267,55808,116,0,Personal Auto,SUV,551,Oregon,M
AH17051,Bachelor,14700,29695,94,0,Personal Auto,Four-Door Car,554,California,M
NC76877,Bachelor,4905,88043,61,0,Corporate Auto,Four-Door Car,188,California,F
JD71348,College,7289,60875,92,0,Personal Auto,Four-Door Car,410,California,M
DR88293,Bachelor,8478,0,77,0,Personal Auto,Four-Door Car,12,Arizona,M
ZB23962,High School or Below,7952,0,118,0,Personal Auto,SUV,849,Oregon,M
JO90877,Bachelor,2869,70974,71,0,Personal Auto,Four-Door Car,340,Washington,F
IR45546,Bachelor,10529,37518,131,0,Special Auto,Luxury,472,Oregon,F
LO99872,College,5497,28128,70,0,Personal Auto,Two-Door Car,336,Oregon,M
CW16221,Bachelor,7090,45254,93,3,Corporate Auto,Four-Door Car,446,Oregon,F
UU92753,Doctor,26416,85537,108,0,Personal Auto,SUV,285,Oregon,F
WH63678,Master,2727,74608,68,1,Corporate Auto,Four-Door Car,407,Oregon,M
TE31876,High School or Below,11814,41004,102,3,Personal Auto,Luxury,489,California,F
MU59158,Master,4090,38884,102,0,Personal Auto,Two-Door Car,423,Arizona,F
LV57595,Master,5181,97131,64,0,Corporate Auto,Four-Door Car,307,California,F
GY99495,Master,6172,0,84,0,Corporate Auto,Four-Door Car,403,Oregon,M
FN67085,College,2487,22331,64,0,Corporate Auto,Four-Door Car,61,California,M
US82470,Bachelor,13094,37541,109,0,Corporate Auto,SUV,96,Arizona,M
UN53508,Bachelor,4688,27357,61,0,Corporate Auto,Four-Door Car,292,Oregon,F
FK37308,Doctor,2703,0,72,0,Corporate Auto,Two-Door Car,41,Oregon,F
EW34780,Bachelor,11315,11885,101,0,Personal Auto,Four-Door Car,484,California,F
HG97353,Bachelor,8679,52717,109,0,Corporate Auto,Four-Door Car,60,Oregon,F
FM31768,High School or Below,5979,57693,76,0,Personal Auto,Four-Door Car,547,Arizona,F
DO18118,High School or Below,10996,0,104,0,Personal Auto,SUV,748,Oregon,F
BC31913,Bachelor,11718,73903,73,0,Corporate Auto,Four-Door Car,439,Arizona,F
HB29169,Bachelor,42462,0,281,1,Personal Auto,Luxury,1499,Washington,F
KO86181,College,6941,0,111,3,Personal Auto,SUV,532,Oregon,F
NT38409,College,2551,79452,65,0,Corporate Auto,Four-Door Car,187,California,M
IP77666,Bachelor,10656,72540,88,0,Personal Auto,Two-Door Car,631,Nevada,F
KL80110,College,9333,89513,116,0,Personal Auto,SUV,232,Arizona,F
KR35099,College,7507,60920,64,0,Personal Auto,Two-Door Car,231,Washington,M
YP41539,High School or Below,5320,88669,66,1,Personal Auto,Four-Door Car,213,Oregon,F
MM10866,Bachelor,8609,79090,107,0,Personal Auto,SUV,289,California,F
WD88264,High School or Below,12298,17101,113,0,Corporate Auto,SUV,542,Washington,M
XN18885,High School or Below,7285,44788,61,0,Personal Auto,Four-Door Car,386,Oregon,M
VB94165,Master,6714,0,93,1,Special Auto,Two-Door Car,604,Nevada,M
FG71665,Bachelor,2810,26790,71,0,Personal Auto,Two-Door Car,340,Arizona,M
IV98398,Bachelor,15320,81955,126,0,Corporate Auto,SUV,720,California,M
YN39714,High School or Below,8488,80213,70,0,Personal Auto,Two-Door Car,440,Oregon,F
WL92199,Doctor,2379,0,66,0,Personal Auto,Four-Door Car,90,Arizona,M
KC36987,Bachelor,13334,47950,170,1,Personal Auto,SUV,780,Oregon,M
JW24212,Bachelor,3123,0,101,4,Personal Auto,SUV,960,Oregon,M
OG57342,Doctor,2382,0,65,0,Corporate Auto,Four-Door Car,312,Washington,M
SN49269,High School or Below,7812,72353,66,0,Personal Auto,Two-Door Car,316,Oregon,M
RE52529,High School or Below,14024,81872,115,0,Corporate Auto,Four-Door Car,256,California,F
EQ68292,Bachelor,5334,74606,68,0,Corporate Auto,Two-Door Car,109,Arizona,M
KF88603,High School or Below,9700,0,138,0,Personal Auto,SUV,993,Oregon,M
JR62870,High School or Below,5703,41438,72,0,Personal Auto,Two-Door Car,323,California,M
NN40477,Bachelor,4280,52679,110,2,Personal Auto,Luxury,528,Arizona,F
JP40952,High School or Below,3398,0,101,0,Personal Auto,SUV,1183,Arizona,M
FG24548,Bachelor,11044,44524,70,0,Personal Auto,Four-Door Car,200,Oregon,M
DZ89536,Master,3237,60244,83,3,Corporate Auto,Four-Door Car,326,Oregon,M
GH64274,High School or Below,25805,22711,82,0,Personal Auto,Two-Door Car,393,California,M
NX62002,College,17497,0,73,0,Corporate Auto,Two-Door Car,350,Oregon,M
CV57391,Bachelor,22261,50398,71,0,Personal Auto,Four-Door Car,339,Arizona,F
ZN36983,College,9006,0,86,1,Personal Auto,Four-Door Car,412,California,M
OT40088,High School or Below,9904,0,66,0,Personal Auto,Four-Door Car,475,Oregon,F
CD56261,High School or Below,7432,0,102,0,Corporate Auto,SUV,1037,California,F
OG72448,Bachelor,8150,0,114,0,Personal Auto,Four-Door Car,1310,Arizona,M
IH64929,High School or Below,4956,87197,63,0,Personal Auto,Two-Door Car,247,California,M
FD20455,Bachelor,6537,0,100,0,Personal Auto,Luxury,720,California,M
ET89070,High School or Below,9448,85221,117,0,Personal Auto,Luxury,516,California,F
DY87071,High School or Below,7519,96306,95,1,Personal Auto,Four-Door Car,185,Arizona,M
AX10148,Bachelor,2409,0,66,0,Personal Auto,Four-Door Car,316,California,F
DB28487,High School or Below,17041,22249,64,0,Personal Auto,Four-Door Car,455,California,F
KU92052,High School or Below,4398,0,62,0,Personal Auto,Four-Door Car,382,California,F
FB17016,Bachelor,5470,54507,138,0,Personal Auto,SUV,702,Oregon,F
BM45823,College,3173,0,101,4,Personal Auto,Four-Door Car,484,Oregon,M
NN53003,College,13258,20754,184,0,Personal Auto,Luxury,1324,California,M
LF94873,College,13045,0,190,1,Personal Auto,SUV,1654,California,F
VB57504,High School or Below,2560,30027,65,0,Personal Auto,Four-Door Car,312,California,M
NT25078,Bachelor,3387,23156,88,2,Special Auto,Four-Door Car,422,Nevada,M
FH86704,High School or Below,6439,0,93,0,Personal Auto,Four-Door Car,669,California,M
KX32370,College,7078,23222,90,0,Corporate Auto,Two-Door Car,252,California,M
NN76284,College,2417,0,65,0,Corporate Auto,Four-Door Car,468,California,F
LJ43988,Master,20492,27317,102,0,Personal Auto,Four-Door Car,489,California,F
MM44301,College,7805,21073,106,1,Corporate Auto,SUV,508,California,F
ED63600,College,22062,0,225,0,Corporate Auto,Luxury,1620,California,M
RT37588,High School or Below,11218,69268,93,0,Personal Auto,Two-Door Car,19,Arizona,F
LF19061,High School or Below,5427,74561,68,1,Personal Auto,Two-Door Car,234,Arizona,F
EW73451,High School or Below,2592,72421,65,0,Personal Auto,Four-Door Car,312,Arizona,M
UC29668,Master,2601,0,71,0,Corporate Auto,Two-Door Car,17,Oregon,F
ZC32761,Bachelor,8433,57961,72,0,Personal Auto,Two-Door Car,38,Arizona,M
FQ22639,College,2967,35205,76,0,Personal Auto,Four-Door Car,178,California,M
YZ60434,Master,5380,0,74,0,Personal Auto,Four-Door Car,59,Oregon,M
MJ45965,High School or Below,8059,72309,68,0,Personal Auto,Four-Door Car,244,Oregon,M
IS95398,Bachelor,8444,76352,109,2,Personal Auto,SUV,501,Nevada,F
LZ81665,High School or Below,9655,0,100,2,Personal Auto,SUV,720,Washington,M
OP43389,College,8178,29057,102,0,Corporate Auto,SUV,489,California,F
PI98333,Bachelor,2353,0,66,0,Personal Auto,Four-Door Car,501,Oregon,F
YX67409,Bachelor,8058,25595,101,0,Personal Auto,SUV,484,California,M
XR85926,Bachelor,8012,58058,67,0,Personal Auto,Four-Door Car,355,Oregon,M
MJ54807,Bachelor,16473,22828,106,0,Personal Auto,SUV,508,Nevada,M
AX36597,College,5907,0,81,0,Personal Auto,Four-Door Car,390,Arizona,F
IC94434,Bachelor,8257,23815,73,0,Corporate Auto,Four-Door Car,424,California,F
ZX56541,Bachelor,4954,45329,65,3,Personal Auto,Two-Door Car,312,California,M
RI76571,Master,43026,59349,119,0,Personal Auto,SUV,222,Washington,M
YL78930,College,3794,19794,105,0,Personal Auto,Four-Door Car,504,Oregon,M
ZX17330,Bachelor,2537,92401,64,0,Personal Auto,Four-Door Car,50,Arizona,M
MK92016,Bachelor,8026,0,109,0,Corporate Auto,SUV,898,Oregon,M
KH93541,College,7786,83000,97,1,Corporate Auto,Four-Door Car,378,Nevada,F
UG12132,College,5256,77693,65,0,Personal Auto,Four-Door Car,225,Washington,F
BV35683,Bachelor,8256,62902,69,0,Personal Auto,Two-Door Car,159,Arizona,F
PN69476,Master,2453,0,70,2,Personal Auto,Two-Door Car,449,Nevada,M
HB70063,College,4312,43386,111,0,Personal Auto,SUV,413,Washington,M
CR59224,Bachelor,5556,29120,72,0,Corporate Auto,Two-Door Car,345,California,M
RH97231,Bachelor,8693,48893,110,0,Personal Auto,SUV,787,Washington,M
FY67942,College,11830,92931,146,0,Personal Auto,SUV,503,California,F
HG68775,College,4506,15462,115,0,Corporate Auto,Four-Door Car,611,Washington,F
ED28429,Bachelor,4159,0,62,0,Personal Auto,Two-Door Car,446,Washington,M
IH17933,College,4462,70088,112,0,Personal Auto,SUV,536,Washington,M
NE67816,College,2515,25558,63,0,Personal Auto,Four-Door Car,453,Oregon,M
QJ65091,High School or Below,8007,0,112,0,Corporate Auto,Luxury,537,Arizona,F
TR75465,Master,9901,0,134,0,Personal Auto,SUV,643,Washington,M
LM12349,Bachelor,12282,36328,155,0,Corporate Auto,SUV,388,Washington,F
XZ62712,High School or Below,44468,32948,127,1,Personal Auto,SUV,1428,Washington,F
SL70555,Bachelor,8184,69114,103,0,Personal Auto,SUV,162,California,M
XI31845,High School or Below,16007,45302,133,0,Personal Auto,SUV,638,Oregon,F
DQ34772,High School or Below,6361,0,88,0,Personal Auto,Four-Door Car,110,Arizona,M
XU57332,College,8736,53173,112,0,Personal Auto,SUV,1169,California,F
SJ87108,Bachelor,4334,23904,123,3,Corporate Auto,SUV,590,Arizona,F
PL33465,Bachelor,4376,63774,111,0,Personal Auto,Four-Door Car,60,Arizona,F
XL80761,College,9294,67544,116,0,Corporate Auto,SUV,556,California,M
SB41594,College,2543,26691,65,0,Personal Auto,Four-Door Car,312,California,M
UB51030,High School or Below,6582,0,62,0,Special Auto,Four-Door Car,297,Washington,F
KT46283,College,4686,58089,118,0,Corporate Auto,SUV,566,California,M
WZ65217,Bachelor,14325,0,136,0,Personal Auto,SUV,652,Nevada,M
JB11283,Bachelor,12743,99583,64,0,Personal Auto,Four-Door Car,99,California,M
TM13014,Bachelor,2434,0,68,0,Personal Auto,Four-Door Car,271,California,M
QS81789,Bachelor,25107,24410,73,0,Corporate Auto,Four-Door Car,350,Oregon,F
FP78531,Bachelor,13432,68956,118,2,Personal Auto,SUV,118,California,F
RN41087,High School or Below,2753,0,73,0,Personal Auto,Four-Door Car,298,California,F
WJ88394,College,8653,20588,113,0,Personal Auto,SUV,586,Nevada,F
LH94971,Bachelor,7057,37840,90,0,Corporate Auto,Four-Door Car,432,Oregon,M
VW34309,Bachelor,5906,43440,74,0,Personal Auto,Four-Door Car,128,Oregon,F
XH47320,Master,2937,83195,73,1,Personal Auto,Two-Door Car,332,Nevada,F
GX13549,High School or Below,4974,0,70,0,Personal Auto,Four-Door Car,336,California,F
VY32314,High School or Below,4268,43209,110,0,Personal Auto,Luxury,528,Oregon,M
TF65501,High School or Below,4601,37308,115,0,Personal Auto,SUV,552,California,F
EO24423,Master,2404,22239,62,0,Personal Auto,Four-Door Car,297,Arizona,M
LA79102,Doctor,7638,66106,95,1,Personal Auto,Two-Door Car,250,California,F
FT74388,High School or Below,4623,97065,117,0,Personal Auto,SUV,561,Nevada,M
ZE59592,College,5470,24910,69,0,Personal Auto,Two-Door Car,746,Oregon,M
JU64043,Master,4999,49414,68,5,Personal Auto,Four-Door Car,159,Oregon,M
TR96772,High School or Below,15956,61148,132,0,Personal Auto,Luxury,98,Arizona,F
DQ35195,Bachelor,9275,52494,119,0,Corporate Auto,Two-Door Car,571,Arizona,F
No74162,High School or Below,7595,20538,104,0,Personal Auto,SUV,499,Arizona,M
XP52012,High School or Below,24258,0,89,0,Personal Auto,Two-Door Car,538,Arizona,M
HQ16068,High School or Below,24636,73716,103,0,Special Auto,Luxury,162,Washington,M
QM78112,Bachelor,2810,26790,71,0,Personal Auto,Two-Door Car,340,Washington,M
GI30974,Bachelor,2337,0,65,0,Corporate Auto,Four-Door Car,468,Oregon,M
NM51858,High School or Below,4668,53252,117,0,Personal Auto,SUV,561,Oregon,M
ZL37444,Doctor,10972,24164,137,0,Personal Auto,Luxury,657,California,M
CI60365,High School or Below,34611,20090,109,0,Special Auto,Luxury,523,California,F
IX45386,College,2478,81721,63,0,Personal Auto,Four-Door Car,133,Arizona,M
ZO29478,High School or Below,26197,18495,113,0,Personal Auto,SUV,542,Washington,F
NG34818,Bachelor,6282,42314,80,0,Personal Auto,Four-Door Car,56,California,M
EE95568,Bachelor,10954,89892,135,0,Personal Auto,SUV,526,California,F
LM84166,Bachelor,3164,0,92,1,Personal Auto,Two-Door Car,662,California,M
RO32883,Bachelor,7804,0,117,4,Personal Auto,Four-Door Car,91,Oregon,F
OI68331,Doctor,5207,21576,65,0,Personal Auto,Four-Door Car,312,California,F
PW95813,High School or Below,2886,10312,78,0,Personal Auto,Four-Door Car,486,Oregon,F
LM50087,College,2483,50632,62,0,Corporate Auto,Two-Door Car,54,Arizona,F
JD82896,High School or Below,4896,0,139,0,Personal Auto,SUV,1000,California,F
KA62636,High School or Below,4928,97917,67,5,Personal Auto,Two-Door Car,279,Oregon,M
VG85511,College,8759,28280,116,0,Personal Auto,Luxury,556,Arizona,M
GT18023,High School or Below,11281,86195,139,0,Special Auto,SUV,601,California,F
VI35467,Master,4315,89797,106,0,Personal Auto,SUV,70,Nevada,F
LF75926,College,4491,0,63,0,Personal Auto,Four-Door Car,302,Arizona,M
SS13550,High School or Below,6745,0,192,0,Personal Auto,Luxury,1921,Nevada,M
AA34092,College,28799,33635,240,0,Personal Auto,Luxury,1152,California,M
GQ15708,Bachelor,14503,29790,194,0,Personal Auto,Luxury,931,Oregon,M
JR72064,High School or Below,8270,44656,70,0,Personal Auto,Two-Door Car,336,Arizona,M
AN79079,Doctor,12731,40870,105,0,Personal Auto,SUV,504,Arizona,M
DS45844,College,4167,0,117,0,Corporate Auto,Luxury,94,California,M
QJ90136,High School or Below,10455,28363,133,0,Personal Auto,Luxury,638,California,F
OS95734,Bachelor,7074,94508,88,0,Personal Auto,Four-Door Car,491,California,F
KT21352,High School or Below,7046,0,64,0,Personal Auto,Four-Door Car,324,Oregon,M
CG33085,Doctor,13357,0,124,0,Personal Auto,SUV,696,Oregon,M
IU94124,College,18708,0,77,1,Personal Auto,Four-Door Car,554,Arizona,M
HW93117,Bachelor,8169,0,116,0,Corporate Auto,Luxury,835,California,F
ON63161,High School or Below,8583,18017,114,0,Personal Auto,Four-Door Car,547,Oregon,F
HT64629,High School or Below,12234,0,117,0,Personal Auto,SUV,930,Washington,F
XE59612,High School or Below,7185,63741,91,0,Corporate Auto,Four-Door Car,36,Nevada,M
VZ39362,High School or Below,9060,57078,113,1,Personal Auto,Luxury,542,Oregon,F
SL71970,High School or Below,2336,0,67,0,Special Auto,Four-Door Car,458,Oregon,F
YO29244,Bachelor,7995,25239,100,0,Personal Auto,SUV,150,Oregon,F
TN85931,High School or Below,5897,29227,74,0,Special Auto,Two-Door Car,421,Oregon,F
PP92749,Bachelor,3939,60021,99,0,Special Auto,Four-Door Car,882,California,F
MB54287,Bachelor,2695,0,73,0,Personal Auto,Four-Door Car,780,Oregon,F
JQ93340,High School or Below,5459,83208,68,0,Special Auto,Four-Door Car,325,Nevada,M
LN20978,Bachelor,10721,25983,90,0,Corporate Auto,Four-Door Car,432,Oregon,F
ZD59913,High School or Below,2491,25965,65,0,Corporate Auto,Four-Door Car,329,Oregon,F
BG80246,College,5570,22679,72,0,Personal Auto,Two-Door Car,345,Arizona,F
VP48253,High School or Below,5100,41186,70,4,Personal Auto,Four-Door Car,242,Arizona,M
BR39076,High School or Below,7633,0,67,0,Personal Auto,Four-Door Car,445,California,F
ZD29731,College,4656,29070,61,2,Personal Auto,Two-Door Car,292,California,M
QR88427,Bachelor,4363,0,63,0,Personal Auto,Four-Door Car,302,Nevada,F
WN69789,College,2526,33485,63,0,Personal Auto,Four-Door Car,343,California,F
LZ39487,High School or Below,5122,58206,64,0,Personal Auto,Four-Door Car,454,Washington,F
GO42840,High School or Below,2483,87492,62,0,Personal Auto,Two-Door Car,264,Oregon,M
SR96970,Bachelor,3489,0,98,0,Personal Auto,Four-Door Car,705,Oregon,M
ED90879,Bachelor,7325,20757,102,3,Corporate Auto,Four-Door Car,216,Nevada,M
SS69401,College,4841,23449,61,0,Corporate Auto,Four-Door Car,292,Oregon,F
VF32335,College,19964,0,192,0,Personal Auto,Luxury,921,Arizona,M
WX14028,College,32450,60455,104,0,Personal Auto,SUV,499,Nevada,F
FP99321,High School or Below,2628,0,89,4,Personal Auto,Four-Door Car,640,Washington,M
QF21628,High School or Below,3095,53588,77,0,Personal Auto,Four-Door Car,369,California,M
OR40901,Doctor,12731,40870,105,0,Corporate Auto,SUV,504,California,M
NF82527,Bachelor,2631,0,71,0,Personal Auto,Two-Door Car,340,Arizona,M
GD84658,High School or Below,35984,0,129,0,Corporate Auto,Luxury,1267,Nevada,F
PA14842,High School or Below,2906,45128,72,0,Special Auto,Four-Door Car,66,Washington,F
SA45648,Bachelor,10628,90874,137,4,Personal Auto,SUV,459,California,M
IQ37561,High School or Below,7590,52823,95,0,Personal Auto,Two-Door Car,125,Arizona,F
TP34946,College,5108,26784,67,0,Corporate Auto,Four-Door Car,482,California,M
TL20040,College,13989,22354,118,0,Personal Auto,SUV,775,Oregon,M
JM96431,College,3115,54420,80,0,Personal Auto,Four-Door Car,576,Oregon,M
LN10007,College,13369,50800,112,0,Corporate Auto,Luxury,621,Oregon,F
WY17451,College,8621,0,87,1,Personal Auto,Four-Door Car,417,Oregon,F
XS30210,College,10359,84583,65,0,Corporate Auto,Four-Door Car,238,Arizona,M
UD27331,Bachelor,3241,33701,88,3,Personal Auto,Four-Door Car,460,Nevada,M
HC52114,Bachelor,4344,0,63,0,Corporate Auto,Four-Door Car,462,California,F
WG50184,Doctor,5332,68931,66,0,Corporate Auto,Four-Door Car,309,Arizona,F
BQ99053,College,7692,0,105,0,Personal Auto,Four-Door Car,504,Oregon,M
IY77611,High School or Below,26223,0,115,1,Corporate Auto,SUV,828,Arizona,M
ER24015,College,6930,29318,198,5,Personal Auto,SUV,1386,Arizona,M
SG71810,College,11610,41503,73,0,Personal Auto,Two-Door Car,15,Oregon,F
OQ10108,High School or Below,8937,0,126,0,Personal Auto,SUV,604,Oregon,M
ON45263,Bachelor,2462,0,69,0,Personal Auto,Two-Door Car,427,California,F
RD15786,Bachelor,2300,25905,63,0,Personal Auto,Four-Door Car,302,Oregon,M
TU64352,College,4078,0,116,0,Personal Auto,Luxury,835,Oregon,F
CR12479,College,2868,40046,73,0,Personal Auto,Four-Door Car,118,Nevada,F
AW36627,High School or Below,4428,58577,110,0,Personal Auto,SUV,303,California,F
UD31660,Bachelor,4061,70129,103,1,Personal Auto,Four-Door Car,130,California,M
QL18084,Master,18504,91268,229,0,Corporate Auto,Luxury,737,Nevada,M
DJ11965,College,4904,12902,139,0,Personal Auto,Luxury,667,California,F
LT16517,High School or Below,10827,62053,134,0,Personal Auto,SUV,614,Oregon,F
JG77605,Bachelor,5745,30389,73,0,Personal Auto,Four-Door Car,278,Nevada,F
PD94851,Bachelor,2423,15585,65,0,Personal Auto,Two-Door Car,67,Nevada,M
NK27819,College,5926,23091,96,5,Personal Auto,Four-Door Car,460,Arizona,M
PL28709,College,4605,22571,63,0,Personal Auto,Four-Door Car,302,California,F
DY35560,High School or Below,2132,0,61,0,Personal Auto,Four-Door Car,691,Oregon,M
LX23185,College,2643,0,82,3,Personal Auto,Two-Door Car,393,Oregon,F
NA39347,College,5824,73976,73,0,Personal Auto,Four-Door Car,338,California,M
SI32097,Bachelor,6889,30814,87,0,Personal Auto,Four-Door Car,417,Oregon,F
JD50909,Bachelor,3008,80681,74,0,Corporate Auto,Four-Door Car,355,Arizona,F
FB55024,High School or Below,3286,60934,82,0,Personal Auto,Two-Door Car,393,Oregon,F
NQ51389,High School or Below,13552,0,62,2,Corporate Auto,Two-Door Car,446,Oregon,M
EA23961,College,5166,80797,64,0,Personal Auto,Four-Door Car,300,California,F
RQ78687,College,2945,89410,74,0,Personal Auto,Four-Door Car,95,Oregon,M
ZE42703,Bachelor,4863,52728,127,1,Corporate Auto,SUV,609,Nevada,M
LZ34164,Bachelor,4892,43199,61,0,Personal Auto,Four-Door Car,334,Nevada,F
CO44659,Bachelor,3337,43510,83,0,Personal Auto,Four-Door Car,238,Arizona,F
YQ53901,Bachelor,5246,28909,66,0,Personal Auto,Two-Door Car,456,Washington,F
LX46285,Master,9031,0,122,0,Personal Auto,Luxury,650,Oregon,F
GH90738,Bachelor,3580,71176,91,2,Personal Auto,Two-Door Car,278,Oregon,F
FK10455,Bachelor,9802,84429,123,0,Personal Auto,SUV,115,California,M
GJ77362,Bachelor,4825,61613,61,1,Special Auto,Four-Door Car,40,California,M
WJ26538,Master,3203,68370,80,0,Personal Auto,Four-Door Car,244,California,M
IN67175,College,5659,52389,72,1,Personal Auto,Four-Door Car,345,California,F
LA52988,High School or Below,4144,64478,103,0,Personal Auto,SUV,8,Oregon,F
ZH89968,High School or Below,13770,59207,116,0,Personal Auto,Four-Door Car,556,Washington,F
YA17061,High School or Below,3716,17162,96,0,Corporate Auto,Four-Door Car,460,Nevada,F
NT76210,Bachelor,3123,0,101,4,Personal Auto,SUV,960,Nevada,M
XL58577,Bachelor,12168,14973,115,0,Personal Auto,SUV,828,California,M
WJ57919,College,2674,56342,69,0,Special Auto,Four-Door Car,331,California,M
FG77231,Bachelor,12741,73054,106,1,Personal Auto,SUV,419,Oregon,F
UH32376,Bachelor,4037,21586,106,0,Personal Auto,Two-Door Car,1056,Nevada,M
RA43827,High School or Below,8628,0,117,0,Special Auto,SUV,842,Oregon,F
WA67245,High School or Below,22093,24193,185,0,Personal Auto,Luxury,785,Oregon,F
GT65478,College,8217,84815,68,0,Personal Auto,Four-Door Car,279,Oregon,F
SZ35936,High School or Below,26197,18495,113,0,Corporate Auto,SUV,542,Oregon,F
AT41276,Bachelor,8110,36554,70,1,Personal Auto,Two-Door Car,433,California,M
JD94356,Bachelor,4766,0,68,0,Personal Auto,Four-Door Car,656,Oregon,F
PU88199,High School or Below,8819,99845,110,1,Corporate Auto,SUV,528,Oregon,M
OR33365,College,5171,0,69,0,Corporate Auto,Two-Door Car,344,California,F
KQ36942,Bachelor,3896,10853,104,0,Corporate Auto,SUV,350,California,M
LN62857,Master,6005,23749,77,0,Personal Auto,Four-Door Car,151,California,F
GY99465,College,6869,0,69,2,Corporate Auto,Four-Door Car,331,Oregon,F
JV58396,Bachelor,3054,0,88,0,Personal Auto,Four-Door Car,422,California,M
WC83553,College,4874,92783,61,0,Personal Auto,Two-Door Car,6,Oregon,M
CB95310,Doctor,2747,83502,68,0,Personal Auto,Four-Door Car,368,Arizona,F
YY71144,College,8717,83846,74,3,Personal Auto,Four-Door Car,355,Oregon,M
TP96247,High School or Below,4099,18606,110,1,Personal Auto,SUV,568,Oregon,F
HC16500,Doctor,8189,72191,68,0,Personal Auto,Four-Door Car,209,Arizona,M
AM29546,College,5225,57733,66,0,Personal Auto,Two-Door Car,393,Oregon,M
ZM31116,Doctor,7949,63688,99,0,Personal Auto,Four-Door Car,475,Arizona,M
VG40704,College,3135,55855,79,0,Personal Auto,Four-Door Car,272,California,F
PJ73790,Bachelor,3939,60021,99,0,Special Auto,Four-Door Car,882,Oregon,F
KE36052,High School or Below,5325,0,73,0,Corporate Auto,Two-Door Car,496,Arizona,M
HW97280,High School or Below,19483,74300,122,0,Personal Auto,SUV,354,California,M
WX10701,Bachelor,3459,0,96,0,Corporate Auto,Four-Door Car,460,Washington,M
CC16034,High School or Below,17103,51747,71,0,Personal Auto,Four-Door Car,340,Oregon,F
YA83600,High School or Below,2753,28887,73,2,Personal Auto,Four-Door Car,425,Arizona,F
UE10014,High School or Below,12866,0,189,0,Personal Auto,Luxury,1415,Arizona,M
NV11692,Bachelor,4420,0,68,3,Personal Auto,Four-Door Car,546,Nevada,F
XJ52902,High School or Below,2756,43540,70,0,Corporate Auto,Two-Door Car,117,Nevada,M
EI89831,Bachelor,7743,96961,64,0,Corporate Auto,Two-Door Car,81,Nevada,F
ZY57929,College,8169,32799,104,0,Personal Auto,SUV,499,Arizona,F
KI70852,Bachelor,3569,0,101,0,Personal Auto,SUV,1201,Nevada,F
WD38067,Bachelor,10656,72540,88,0,Personal Auto,Two-Door Car,631,California,F
NQ45562,Master,7092,35173,180,2,Personal Auto,Luxury,415,California,M
RU75129,High School or Below,2777,65431,69,0,Personal Auto,Four-Door Car,331,Washington,F
KC16062,High School or Below,7550,0,100,0,Corporate Auto,SUV,480,Arizona,F
VK57280,Bachelor,4727,0,72,0,Personal Auto,Four-Door Car,345,Washington,M
AP90638,High School or Below,14274,0,84,0,Personal Auto,Four-Door Car,604,Arizona,M
GF12712,High School or Below,9559,40672,121,0,Corporate Auto,SUV,580,California,F
QQ26855,High School or Below,8879,52583,113,0,Personal Auto,SUV,528,California,F
ZJ90079,College,5525,64816,69,0,Corporate Auto,Four-Door Car,331,Arizona,F
CE75354,Bachelor,5923,36685,74,0,Corporate Auto,Four-Door Car,355,California,F
CP38401,High School or Below,8501,0,136,3,Personal Auto,Luxury,979,Oregon,M
ZZ42291,Master,40235,77143,125,3,Personal Auto,SUV,176,California,F
EI57866,Master,2584,60942,64,0,Special Auto,Two-Door Car,288,Arizona,M
KL39986,High School or Below,19278,0,61,0,Personal Auto,Two-Door Car,366,Arizona,F
PL18921,Master,11981,21514,62,0,Personal Auto,Two-Door Car,257,Oregon,F
SR71068,High School or Below,3933,25927,103,0,Personal Auto,SUV,674,Washington,M
JM47657,High School or Below,2491,25965,65,0,Personal Auto,Four-Door Car,329,Oregon,F
JZ54775,Bachelor,7431,27688,92,0,Personal Auto,Four-Door Car,572,Arizona,F
LO57469,High School or Below,7865,75490,97,0,Corporate Auto,Four-Door Car,43,Oregon,F
DA99797,Bachelor,15978,33871,136,0,Personal Auto,SUV,933,Oregon,F
WA63124,College,2113,0,65,2,Personal Auto,Four-Door Car,468,Nevada,F
YV97407,College,8661,85470,109,0,Personal Auto,SUV,523,California,M
UQ71296,College,5625,97095,70,0,Personal Auto,Four-Door Car,208,Washington,M
LY14687,College,4592,73604,114,0,Personal Auto,SUV,184,Washington,F
AM32820,Bachelor,3709,0,112,0,Personal Auto,SUV,1082,California,M
ZP47993,Bachelor,8208,40646,103,0,Personal Auto,Four-Door Car,494,California,F
WN13366,High School or Below,5595,74454,71,0,Personal Auto,Four-Door Car,340,Arizona,F
MK87221,High School or Below,3413,18168,87,0,Personal Auto,Two-Door Car,417,Arizona,F
BC77846,High School or Below,6325,0,89,0,Personal Auto,Two-Door Car,614,Nevada,M
YL27602,Master,6393,0,66,2,Personal Auto,Four-Door Car,316,Oregon,M
QS70017,Bachelor,8738,43597,110,0,Personal Auto,Two-Door Car,528,Arizona,M
PZ80067,High School or Below,4836,0,140,0,Personal Auto,SUV,672,Oregon,M
FV62588,High School or Below,24967,66825,69,0,Personal Auto,Four-Door Car,70,Oregon,M
IN56924,High School or Below,5409,0,62,5,Personal Auto,Four-Door Car,297,California,F
IX67925,Bachelor,2344,0,74,1,Personal Auto,Four-Door Car,532,California,M
IS58553,High School or Below,15173,22448,126,0,Personal Auto,SUV,604,Oregon,F
AB78984,College,11124,42596,96,0,Personal Auto,Four-Door Car,42,Oregon,M
WN13947,Bachelor,4863,0,70,0,Corporate Auto,Four-Door Car,646,Oregon,M
VA91846,College,5577,97868,70,1,Special Auto,Two-Door Car,267,Arizona,M
KM58067,High School or Below,4526,92921,112,0,Personal Auto,SUV,109,California,F
EL42453,Bachelor,2519,41372,64,0,Personal Auto,Four-Door Car,307,Washington,M
TP10619,High School or Below,4892,26660,63,0,Personal Auto,Two-Door Car,453,California,F
AH41065,High School or Below,18943,58851,79,1,Personal Auto,Four-Door Car,494,Washington,M
SS63511,High School or Below,8564,95697,107,0,Corporate Auto,Luxury,178,California,M
NE21279,Master,4419,0,112,0,Personal Auto,SUV,537,California,F
TN71995,Bachelor,5637,0,84,1,Personal Auto,Four-Door Car,403,Arizona,M
OM13505,Bachelor,5047,81741,64,0,Corporate Auto,Four-Door Car,186,Washington,M
KI83797,College,4913,48295,63,0,Personal Auto,Four-Door Car,290,Oregon,F
SH60585,High School or Below,5799,65538,72,0,Personal Auto,Four-Door Car,261,Nevada,F
GU33167,College,5568,53997,69,0,Personal Auto,Four-Door Car,345,Oregon,M
BX20846,College,3861,93272,95,0,Personal Auto,Four-Door Car,281,Oregon,F
VK69632,Bachelor,2912,68899,74,0,Personal Auto,Two-Door Car,66,California,F
RU72450,Bachelor,6980,0,67,0,Corporate Auto,Four-Door Car,321,California,M
KN15789,High School or Below,6769,0,97,0,Personal Auto,Four-Door Car,698,Nevada,F
GG29821,Bachelor,8193,54950,103,0,Corporate Auto,SUV,480,Oregon,M
RN98239,High School or Below,7519,96306,95,1,Personal Auto,Four-Door Car,185,California,M
NE83217,Bachelor,3746,70342,96,1,Personal Auto,Four-Door Car,685,Nevada,F
YU72630,High School or Below,2592,72421,65,0,Personal Auto,Four-Door Car,312,Arizona,M
EZ80325,Bachelor,4548,0,132,3,Personal Auto,Luxury,950,California,F
CE41738,College,2885,77748,72,0,Personal Auto,Two-Door Car,7,Oregon,F
HF15113,Bachelor,4883,19096,64,0,Personal Auto,Two-Door Car,374,Oregon,F
WZ83320,Master,9061,73876,112,0,Personal Auto,Four-Door Car,419,Arizona,F
XX31571,High School or Below,16728,0,237,0,Personal Auto,Luxury,1706,Washington,M
US90854,Bachelor,11177,20742,100,0,Personal Auto,SUV,455,Oregon,M
FX55357,College,4364,44804,114,0,Corporate Auto,SUV,778,Arizona,M
LR32149,Bachelor,22940,52993,64,0,Personal Auto,Four-Door Car,304,Arizona,F
UK66803,Bachelor,4926,49185,61,0,Corporate Auto,Two-Door Car,126,Oregon,F
VO87159,High School or Below,23086,69240,194,0,Personal Auto,Luxury,744,Oregon,F
QK23524,Bachelor,5149,26877,131,0,Personal Auto,SUV,628,Oregon,F
ZQ37164,Bachelor,8016,82828,67,1,Personal Auto,Four-Door Car,217,Arizona,F
FG47217,Bachelor,2538,99824,63,0,Special Auto,Four-Door Car,302,California,M
FQ46354,Bachelor,10498,30352,89,0,Personal Auto,Four-Door Car,146,California,M
AG56998,College,2448,0,69,0,Corporate Auto,Two-Door Car,331,Oregon,M
KG23128,Bachelor,6057,27681,83,0,Personal Auto,Two-Door Car,398,Oregon,M
NX34811,Bachelor,8295,85478,103,0,Personal Auto,Two-Door Car,224,Nevada,F
PY79729,High School or Below,2786,94310,70,4,Corporate Auto,Four-Door Car,430,Oregon,F
VJ64329,College,25464,13663,97,0,Corporate Auto,Four-Door Car,465,Oregon,F
CO71312,High School or Below,11469,10384,151,0,Personal Auto,SUV,914,Arizona,F
VG83453,Doctor,3557,17272,93,0,Personal Auto,Two-Door Car,446,California,M
JD78271,College,8317,64367,104,0,Personal Auto,SUV,96,Nevada,F
XM69101,Bachelor,7601,47519,96,0,Personal Auto,Two-Door Car,245,Oregon,M
HK30754,College,9426,26263,85,0,Special Auto,Two-Door Car,475,Arizona,M
WJ47053,Bachelor,6418,0,63,0,Personal Auto,Two-Door Car,556,Oregon,M
HX36471,High School or Below,6788,0,93,0,Personal Auto,Two-Door Car,855,California,F
HS66275,High School or Below,3358,77309,83,0,Personal Auto,Two-Door Car,596,California,F
MB75636,College,2439,50876,61,0,Personal Auto,Four-Door Car,171,Oregon,F
KB35786,Bachelor,4505,20284,65,1,Personal Auto,Four-Door Car,532,Oregon,M
LX42787,College,2309,22567,69,0,Personal Auto,Four-Door Car,496,California,M
SS34897,Bachelor,2541,63546,64,0,Personal Auto,Four-Door Car,131,California,M
ZQ92997,High School or Below,6414,0,89,0,Personal Auto,Four-Door Car,640,Nevada,M
OB66874,College,2585,28137,65,0,Personal Auto,Two-Door Car,312,Oregon,F
LE74625,Master,2961,22608,77,0,Personal Auto,Four-Door Car,369,California,M
QN60028,Bachelor,2759,92296,69,0,Corporate Auto,Two-Door Car,331,California,M
GV19121,College,3341,0,69,5,Personal Auto,Two-Door Car,331,Oregon,M
PS43764,High School or Below,5169,12430,73,0,Special Auto,Four-Door Car,350,Washington,M
YW60802,High School or Below,4117,0,116,0,Personal Auto,SUV,1301,Oregon,F
UI80897,High School or Below,5552,50470,71,0,Corporate Auto,Two-Door Car,377,Washington,M
VV35420,High School or Below,7285,44788,61,0,Personal Auto,Four-Door Car,386,Arizona,M
RW61528,College,13916,52423,119,1,Corporate Auto,Four-Door Car,571,Nevada,F
LT60268,College,11044,29696,139,0,Personal Auto,SUV,478,Nevada,F
VA77345,College,3531,26884,89,0,Special Auto,Four-Door Car,238,Oregon,F
WG15595,College,2759,64388,69,0,Personal Auto,Two-Door Car,331,California,M
FZ45665,Bachelor,6500,0,61,0,Personal Auto,Four-Door Car,292,Oregon,F
MM90239,High School or Below,6369,34498,83,0,Personal Auto,Two-Door Car,398,Oregon,M
UG18431,Bachelor,13083,73060,108,0,Special Auto,SUV,518,Arizona,M
BE78308,Bachelor,2150,0,63,0,Personal Auto,Two-Door Car,453,Oregon,M
EM29019,Bachelor,8447,61337,105,0,Personal Auto,SUV,2,Arizona,F
SK37917,College,5075,0,73,0,Corporate Auto,Two-Door Car,350,Nevada,M
DD68171,Bachelor,3527,59496,88,0,Personal Auto,Four-Door Car,189,Arizona,F
NF20746,Bachelor,13061,0,180,0,Personal Auto,Luxury,1474,Oregon,F
PY48656,Master,6259,37813,78,1,Corporate Auto,Four-Door Car,39,Arizona,F
AO42003,College,16681,55907,104,0,Corporate Auto,SUV,499,Oregon,F
DK41858,College,5791,80480,72,0,Personal Auto,Four-Door Car,242,Arizona,F
TY20016,Bachelor,7980,72734,66,0,Personal Auto,Two-Door Car,195,Oregon,M
OH76118,High School or Below,2767,0,72,0,Personal Auto,Four-Door Car,22,Washington,F
IZ79227,Bachelor,2975,36548,76,0,Personal Auto,Four-Door Car,547,Arizona,M
HN10814,Master,4178,62113,104,0,Personal Auto,SUV,5,Arizona,M
OD25312,College,4734,0,67,0,Personal Auto,Four-Door Car,747,Arizona,M
ZR32858,Bachelor,4315,41252,109,0,Personal Auto,SUV,514,California,F
FC68244,High School or Below,6126,61139,76,0,Personal Auto,Four-Door Car,364,Oregon,M
VS86041,Bachelor,2694,26744,68,0,Corporate Auto,Two-Door Car,326,Arizona,F
EQ82942,Bachelor,9338,0,132,0,Personal Auto,SUV,950,California,F
ZE82255,College,18680,74640,66,0,Corporate Auto,Four-Door Car,375,California,F
DA79544,Bachelor,2551,88126,64,1,Personal Auto,Four-Door Car,151,Oregon,M
WG33213,Bachelor,2808,55005,70,1,Personal Auto,Four-Door Car,336,California,F
DP97298,High School or Below,9710,33190,123,0,Personal Auto,Luxury,40,California,M
JH73645,High School or Below,15190,0,71,4,Personal Auto,Four-Door Car,839,California,M
SK98708,College,4069,0,117,0,Corporate Auto,Four-Door Car,609,Oregon,F
ZZ62245,High School or Below,6612,0,97,2,Personal Auto,Four-Door Car,669,Oregon,F
AU46604,Bachelor,2030,0,64,1,Personal Auto,Four-Door Car,731,California,M
HD44279,Bachelor,5090,25226,71,1,Personal Auto,Four-Door Car,340,Arizona,F
LS99940,Master,3353,63398,83,0,Personal Auto,Four-Door Car,292,California,F
EY27917,Master,8532,30092,108,0,Personal Auto,SUV,192,Oregon,M
ZJ22033,College,2647,37876,69,0,Corporate Auto,Four-Door Car,300,Washington,M
TZ60132,High School or Below,6071,12201,84,0,Corporate Auto,Four-Door Car,604,Oregon,F
XG74199,College,9061,37970,115,0,Personal Auto,SUV,124,Oregon,M
YM74115,Bachelor,2531,28898,67,0,Corporate Auto,Four-Door Car,82,Nevada,M
LO48126,High School or Below,2467,23845,61,0,Personal Auto,Four-Door Car,292,Oregon,F
NM37561,High School or Below,7408,62810,187,1,Corporate Auto,Luxury,32,California,M
HW19141,Bachelor,3452,65773,89,4,Corporate Auto,Four-Door Car,245,Oregon,F
OD21455,Bachelor,4481,0,69,0,Personal Auto,Four-Door Car,232,California,M
WN14477,Bachelor,21235,0,86,0,Personal Auto,Four-Door Car,568,California,M
YK88644,Master,3370,0,95,1,Personal Auto,Four-Door Car,476,Nevada,M
YO41331,College,3746,41479,94,1,Personal Auto,Two-Door Car,19,Oregon,F
PB39857,Master,5129,72433,126,0,Personal Auto,SUV,343,California,M
NW67881,Bachelor,12300,74586,103,0,Personal Auto,SUV,494,Oregon,M
BN13780,Bachelor,18065,0,234,0,Personal Auto,Luxury,1135,California,F
EZ70847,College,19644,67326,69,0,Corporate Auto,Four-Door Car,331,Washington,F
YR75102,College,35900,25285,114,0,Personal Auto,SUV,547,Arizona,M
RS30611,High School or Below,6838,15871,89,0,Personal Auto,Four-Door Car,427,Arizona,M
QT61438,Master,6519,38795,82,1,Corporate Auto,Two-Door Car,393,Oregon,M
MD44130,High School or Below,5712,24882,72,0,Corporate Auto,Two-Door Car,345,Oregon,M
MS78828,College,5126,33169,128,0,Personal Auto,SUV,614,Nevada,F
DG31826,Bachelor,4984,86305,62,0,Corporate Auto,Four-Door Car,80,California,M
WW67905,High School or Below,4102,0,112,0,Corporate Auto,SUV,537,Oregon,M
LS92540,College,4111,32210,103,0,Corporate Auto,SUV,494,California,F
RP92511,Bachelor,11085,69090,139,0,Personal Auto,Luxury,387,Nevada,M
LK63879,High School or Below,4745,0,63,0,Personal Auto,Four-Door Car,523,California,F
BT20606,Doctor,5837,83308,73,1,Personal Auto,Four-Door Car,419,Arizona,M
WW31823,High School or Below,19190,39034,68,0,Personal Auto,Four-Door Car,466,Oregon,F
MN79082,College,6444,46750,82,1,Corporate Auto,Two-Door Car,672,Oregon,M
ID89933,Doctor,7255,39786,91,1,Personal Auto,Four-Door Car,365,Oregon,F
NM77390,High School or Below,8197,56788,108,5,Special Auto,SUV,579,Nevada,M
NN79124,Bachelor,4554,90156,114,0,Personal Auto,SUV,388,Nevada,M
DF97701,Bachelor,7069,63867,89,1,Corporate Auto,Four-Door Car,432,Oregon,F
EJ73184,Bachelor,4743,83413,118,0,Personal Auto,SUV,134,California,F
GE43335,College,4019,0,118,0,Personal Auto,SUV,566,Nevada,M
HB68898,Bachelor,20239,36116,171,2,Corporate Auto,SUV,158,Oregon,F
UP80657,College,2674,56342,69,0,Corporate Auto,Four-Door Car,331,Washington,M
PR13091,College,9206,55542,117,0,Personal Auto,Luxury,310,Oregon,F
YV73432,College,23187,58466,66,1,Personal Auto,Two-Door Car,316,Oregon,M
CG90504,College,4770,12964,65,0,Personal Auto,Two-Door Car,362,Oregon,F
SH12501,High School or Below,3768,43412,94,0,Personal Auto,Two-Door Car,509,Washington,M
ZR58728,Master,2893,82611,74,1,Personal Auto,Four-Door Car,355,Nevada,M
NS57426,Bachelor,11611,28915,76,0,Personal Auto,Four-Door Car,364,Arizona,M
HU99414,High School or Below,14246,0,207,0,Personal Auto,Luxury,1490,Oregon,M
LP86596,High School or Below,2554,0,70,0,Personal Auto,Four-Door Car,336,Arizona,F
HR92775,College,3226,91774,81,0,Personal Auto,Four-Door Car,285,California,F
DQ69331,High School or Below,2227,27972,61,0,Personal Auto,Four-Door Car,292,Washington,M
SP41790,Bachelor,10623,0,96,0,Personal Auto,Four-Door Car,460,California,M
YA52900,College,8304,0,122,2,Corporate Auto,SUV,681,Oregon,M
RQ88363,College,5155,77857,64,0,Personal Auto,Four-Door Car,160,California,F
OZ37864,Bachelor,4407,0,62,0,Personal Auto,Four-Door Car,114,Oregon,F
EH27304,Doctor,2955,56502,74,0,Personal Auto,Four-Door Car,355,California,F
CR37971,Bachelor,3900,95018,97,0,Personal Auto,Four-Door Car,315,Oregon,M
KL54950,Bachelor,4531,23705,122,4,Personal Auto,SUV,585,Oregon,M
DS75515,Bachelor,2813,72333,70,0,Personal Auto,Two-Door Car,177,California,M
YW72997,High School or Below,7196,0,107,0,Personal Auto,SUV,770,Arizona,M
MR13691,Bachelor,6301,47622,80,0,Personal Auto,Four-Door Car,305,Arizona,M
PP20957,Bachelor,7799,0,105,0,Personal Auto,SUV,504,Nevada,F
KJ41153,College,8292,79632,106,1,Personal Auto,SUV,344,Oregon,M
WX49215,Master,18534,16154,62,1,Personal Auto,Four-Door Car,91,Oregon,M
CH78309,College,2906,72211,73,0,Personal Auto,Four-Door Car,44,Oregon,M
UF54329,College,6089,70892,76,0,Corporate Auto,Two-Door Car,206,California,M
CQ59706,College,5016,49367,63,0,Personal Auto,Four-Door Car,69,Washington,F
KP77095,Bachelor,15470,68086,194,0,Corporate Auto,SUV,218,Arizona,F
PP14656,Master,5680,90353,70,0,Personal Auto,Two-Door Car,72,Washington,M
QM74025,High School or Below,4582,49558,115,0,Personal Auto,SUV,552,Oregon,F
RW67951,Bachelor,8663,93485,72,0,Personal Auto,Four-Door Car,127,Washington,M
ED13353,High School or Below,5274,10629,74,0,Personal Auto,Four-Door Car,532,Oregon,M
LG49010,Bachelor,2620,10237,72,0,Personal Auto,Two-Door Car,253,California,M
UA74474,College,4515,87517,112,1,Corporate Auto,Four-Door Car,802,Oregon,F
AC79024,Bachelor,5533,23241,70,0,Personal Auto,Two-Door Car,504,Nevada,M
SD61306,High School or Below,5216,60861,66,0,Personal Auto,Four-Door Car,65,Arizona,M
PF88939,Doctor,7860,21726,104,0,Personal Auto,SUV,697,Nevada,M
FG64765,Bachelor,5016,36313,67,2,Personal Auto,Four-Door Car,300,Arizona,M
DC79319,Bachelor,3351,29160,87,0,Personal Auto,Two-Door Car,417,California,F
HS45195,High School or Below,6732,0,99,0,Personal Auto,Two-Door Car,712,California,M
VN73653,College,6423,0,188,0,Corporate Auto,Luxury,1621,Oregon,M
WL72919,College,4974,48139,63,0,Personal Auto,Four-Door Car,329,California,F
DO31181,College,4739,0,76,5,Personal Auto,Two-Door Car,38,Oregon,F
WY23230,College,6086,13688,84,0,Personal Auto,Two-Door Car,403,Oregon,F
SK89479,College,5016,0,73,0,Corporate Auto,Four-Door Car,525,California,M
BM30720,High School or Below,7341,27649,63,0,Personal Auto,Four-Door Car,302,Nevada,F
XG92008,Master,3215,24191,80,0,Personal Auto,Four-Door Car,103,Arizona,F
CJ46674,High School or Below,2533,0,71,0,Corporate Auto,Four-Door Car,517,Oregon,M
UJ31096,High School or Below,5340,58493,67,0,Personal Auto,Four-Door Car,321,Oregon,F
GS44464,High School or Below,3644,82477,90,0,Personal Auto,Two-Door Car,432,California,F
XP35430,College,6382,88663,79,0,Special Auto,Four-Door Car,379,Oregon,F
QI51950,High School or Below,4303,74057,109,0,Personal Auto,SUV,523,Nevada,F
PL88841,Bachelor,4228,0,63,2,Corporate Auto,Two-Door Car,302,Arizona,M
ZW51790,College,10426,52342,66,3,Personal Auto,Two-Door Car,316,Arizona,F
MY80820,Bachelor,2484,42012,63,0,Corporate Auto,Four-Door Car,40,California,M
NE13752,Bachelor,8232,56021,69,0,Personal Auto,Four-Door Car,279,Arizona,M
VL51487,High School or Below,21768,35124,137,0,Personal Auto,SUV,986,California,M
DD97473,High School or Below,2160,0,62,1,Personal Auto,Four-Door Car,439,Oregon,F
QJ89807,High School or Below,4423,0,125,0,Personal Auto,SUV,900,Nevada,F
GK24074,College,3691,37202,93,0,Personal Auto,Two-Door Car,322,Arizona,F
DL61016,College,4940,65985,71,5,Special Auto,Four-Door Car,42,Oregon,M
EV60177,High School or Below,8503,87771,74,4,Personal Auto,Four-Door Car,355,California,F
OS96036,College,41143,63624,115,2,Personal Auto,SUV,306,Arizona,F
AF37776,Bachelor,10419,80192,129,0,Personal Auto,SUV,200,California,F
NC78961,Bachelor,4139,35945,105,0,Personal Auto,SUV,756,Oregon,M
YA15471,College,7627,93004,63,0,Corporate Auto,Four-Door Car,205,Oregon,M
KX80728,High School or Below,6162,0,89,0,Personal Auto,Four-Door Car,941,Washington,M
VV47792,College,25807,71210,214,1,Personal Auto,Luxury,1027,California,F
GE80842,College,15506,99159,190,0,Personal Auto,Luxury,912,Oregon,F
QA93530,College,5757,81491,72,0,Personal Auto,Four-Door Car,61,Nevada,F
GA27295,Master,39365,99875,108,0,Personal Auto,SUV,114,California,F
EL55611,High School or Below,5555,51705,139,0,Personal Auto,SUV,545,California,F
TL39050,Bachelor,23893,39837,201,0,Corporate Auto,Luxury,381,Arizona,F
ZQ96022,College,9594,31421,81,0,Personal Auto,Two-Door Car,388,Oregon,F
OM69210,Bachelor,5411,81531,135,0,Personal Auto,SUV,420,Arizona,M
VU72280,Bachelor,5318,25134,67,0,Corporate Auto,Four-Door Car,321,California,F
WC21189,College,7731,37386,97,0,Corporate Auto,Four-Door Car,465,California,F
JX50334,College,2004,0,66,4,Corporate Auto,Four-Door Car,316,California,F
GB70736,College,5510,99553,68,0,Corporate Auto,Four-Door Car,111,Oregon,F
PU21485,Bachelor,11158,0,161,0,Corporate Auto,SUV,1159,Arizona,F
MF49636,High School or Below,5390,70705,69,2,Personal Auto,Two-Door Car,272,Arizona,M
TG29325,College,2658,22724,69,0,Personal Auto,Four-Door Car,9,Nevada,F
MW83318,College,8826,26320,111,0,Corporate Auto,SUV,603,Oregon,F
LM54297,Bachelor,4713,0,69,0,Personal Auto,Four-Door Car,806,Nevada,M
NI78185,College,2393,0,70,0,Personal Auto,Four-Door Car,425,California,M
HL14274,College,11895,88218,99,0,Personal Auto,Two-Door Car,50,California,F
SF86727,Master,5580,25180,70,0,Personal Auto,Four-Door Car,235,Nevada,M
EM89554,Bachelor,8617,48091,108,0,Personal Auto,SUV,132,Oregon,F
XP50892,High School or Below,3940,92539,100,0,Corporate Auto,SUV,25,Oregon,M
VH77056,Bachelor,2448,40658,61,1,Personal Auto,Four-Door Car,38,Arizona,F
JF19701,Bachelor,4439,75453,112,0,Special Auto,SUV,163,Arizona,M
JN49891,College,2534,94003,64,0,Personal Auto,Four-Door Car,307,Oregon,M
CX65318,Master,17420,31737,218,0,Personal Auto,Luxury,1046,Arizona,M
HL35876,College,2393,0,70,0,Personal Auto,Four-Door Car,425,Washington,M
RD87161,High School or Below,2681,0,71,1,Personal Auto,Four-Door Car,340,Washington,F
CF50291,College,4272,0,114,0,Personal Auto,Four-Door Car,1343,California,F
VF35858,Bachelor,15284,48885,190,0,Personal Auto,Luxury,1090,California,M
XG55762,Bachelor,20186,0,79,0,Corporate Auto,Four-Door Car,379,Nevada,F
EC28314,Bachelor,4984,86305,62,0,Personal Auto,Four-Door Car,80,California,M
GR53936,Bachelor,5246,28909,66,0,Corporate Auto,Two-Door Car,456,Oregon,F
DV51398,High School or Below,8827,0,123,1,Personal Auto,SUV,1088,California,M
YF81002,College,3269,26140,84,1,Personal Auto,Two-Door Car,403,Oregon,M
YM20358,Bachelor,16979,35095,73,0,Personal Auto,Two-Door Car,525,Oregon,M
AZ75509,Bachelor,2479,31678,63,0,Personal Auto,Two-Door Car,76,Arizona,F
No93155,Master,7200,28245,62,0,Personal Auto,Two-Door Car,297,Arizona,M
FG21322,Bachelor,7917,0,72,0,Personal Auto,Four-Door Car,345,Oregon,F
GO44613,High School or Below,24061,19168,106,1,Personal Auto,SUV,508,Nevada,F
ZW93288,Master,19160,22705,239,0,Personal Auto,Luxury,1294,California,F
MS67230,College,23295,86481,65,0,Corporate Auto,Two-Door Car,189,Nevada,F
FQ32742,Doctor,7553,38008,68,4,Personal Auto,Four-Door Car,321,Arizona,M
YF30946,College,2405,63032,61,0,Personal Auto,Four-Door Car,404,California,M
TH69908,College,4865,27228,129,4,Personal Auto,Luxury,238,Washington,F
QA78691,Bachelor,16388,0,68,1,Personal Auto,Four-Door Car,483,Nevada,F
NL44360,Bachelor,2611,13424,71,0,Personal Auto,Four-Door Car,340,Oregon,F
HO77809,College,8688,59098,110,0,Personal Auto,SUV,665,Oregon,F
MC30750,Master,13736,16181,181,0,Personal Auto,SUV,1261,Oregon,F
HU41273,High School or Below,8564,95697,107,0,Personal Auto,Luxury,178,Oregon,M
VS73599,College,7019,26806,63,0,Personal Auto,Four-Door Car,302,Arizona,M
TO74000,High School or Below,8114,30595,69,0,Corporate Auto,Four-Door Car,446,Oregon,M
MS45259,College,4864,88079,61,0,Personal Auto,Two-Door Car,121,Nevada,M
LI45265,Bachelor,8569,99803,71,0,Personal Auto,Four-Door Car,189,Oregon,F
LK70293,High School or Below,17793,0,118,0,Personal Auto,Four-Door Car,1118,Nevada,F
FY24370,Bachelor,12944,0,191,0,Personal Auto,Luxury,1375,Oregon,M
YE64125,College,2649,36283,68,1,Personal Auto,Four-Door Car,291,Oregon,F
QT39025,Bachelor,4582,66991,115,0,Personal Auto,SUV,399,Arizona,F
LO15516,Bachelor,2691,34322,70,2,Corporate Auto,Four-Door Car,336,California,M
FM47139,College,2466,44855,63,1,Personal Auto,Four-Door Car,103,Oregon,F
LW59140,Bachelor,9277,97729,115,1,Personal Auto,Four-Door Car,221,Arizona,M
JA26024,High School or Below,4142,48263,104,0,Personal Auto,Two-Door Car,674,Oregon,F
YF16441,Bachelor,27990,68343,79,0,Personal Auto,Two-Door Car,379,California,F
QT43282,Master,9409,76847,118,0,Corporate Auto,SUV,31,Oregon,M
NL17964,High School or Below,2581,35795,65,0,Personal Auto,Four-Door Car,312,Oregon,M
CD27895,Bachelor,7637,0,71,0,Personal Auto,Four-Door Car,340,California,F
CF62992,High School or Below,2471,53074,61,0,Personal Auto,Two-Door Car,268,Oregon,F
QK23742,College,2302,0,63,0,Corporate Auto,Four-Door Car,732,California,F
UV64489,Bachelor,8716,28743,112,0,Personal Auto,SUV,537,Arizona,F
ED65109,College,5207,81839,65,1,Personal Auto,Four-Door Car,74,California,F
SC40169,College,2719,14030,72,0,Personal Auto,Two-Door Car,345,Oregon,F
PW88443,College,2452,32764,61,0,Personal Auto,Two-Door Car,292,Oregon,F
YZ38778,Master,3829,74775,95,0,Personal Auto,Four-Door Car,676,Oregon,M
EO77382,Bachelor,8873,53503,114,0,Personal Auto,Four-Door Car,547,Arizona,F
SM42728,College,15925,34455,135,0,Personal Auto,SUV,648,California,M
PX31667,High School or Below,2952,52198,74,0,Personal Auto,Two-Door Car,355,Washington,M
NC35008,College,15923,64429,133,2,Personal Auto,SUV,222,Oregon,F
XC77244,High School or Below,7285,44788,61,0,Personal Auto,Four-Door Car,386,Oregon,M
UM52895,Bachelor,13104,30130,110,0,Personal Auto,SUV,528,California,F
WV39838,College,2436,0,65,0,Personal Auto,Two-Door Car,149,Arizona,F
IT92328,High School or Below,9350,0,275,1,Corporate Auto,Luxury,1980,Nevada,M
QD86074,High School or Below,9035,34337,113,0,Corporate Auto,Four-Door Car,542,Oregon,F
WH80404,High School or Below,17250,22276,111,1,Personal Auto,SUV,783,California,M
XH20787,College,2549,52980,64,0,Personal Auto,Four-Door Car,191,California,M
ZU50513,Bachelor,8954,97736,74,0,Personal Auto,Four-Door Car,60,California,F
TW42649,College,2467,0,67,0,Corporate Auto,Two-Door Car,222,Washington,F
QH46481,High School or Below,7700,0,73,1,Corporate Auto,Four-Door Car,792,Washington,F
MQ73697,College,3776,68727,94,0,Corporate Auto,Two-Door Car,386,Nevada,F
UG48681,Bachelor,8044,71391,67,0,Personal Auto,Four-Door Car,284,Nevada,M
ID58230,College,5029,62271,63,0,Personal Auto,Four-Door Car,25,California,F
DY35486,High School or Below,19957,0,187,0,Personal Auto,Luxury,1346,California,M
EP64833,High School or Below,6179,0,86,0,Corporate Auto,Four-Door Car,412,California,F
MC69755,Bachelor,5678,0,76,0,Personal Auto,Four-Door Car,364,Washington,F
ZZ41158,College,4089,28506,104,0,Personal Auto,SUV,499,Washington,M
QM59790,High School or Below,3142,0,86,0,Personal Auto,Four-Door Car,412,Arizona,F
LL67008,Bachelor,22895,0,94,0,Corporate Auto,Four-Door Car,676,California,F
ZU69163,Doctor,5586,94161,69,0,Personal Auto,Four-Door Car,108,California,F
EB72052,College,12105,33345,102,0,Personal Auto,SUV,694,Oregon,M
WA60547,College,11971,64195,158,4,Personal Auto,SUV,618,California,F
RV97631,College,15328,0,138,0,Corporate Auto,SUV,688,Oregon,F
SS20130,Bachelor,5424,67414,68,0,Personal Auto,Four-Door Car,148,Oregon,F
ZI72165,High School or Below,4981,33176,63,0,Corporate Auto,Four-Door Car,302,Arizona,M
HD29166,Bachelor,14635,0,139,0,Personal Auto,SUV,667,Oregon,F
NP30139,College,6862,56779,86,0,Corporate Auto,Four-Door Car,435,Oregon,M
FV54537,College,13745,40810,114,0,Personal Auto,SUV,780,California,M
SG62327,High School or Below,8111,30622,68,0,Corporate Auto,Four-Door Car,326,Nevada,M
FX26050,Doctor,22712,14119,67,0,Special Auto,Two-Door Car,68,Oregon,M
DU50092,College,56675,77237,283,0,Personal Auto,Luxury,1358,Oregon,F
EU48798,College,8160,24980,71,0,Personal Auto,Two-Door Car,511,Nevada,F
WE93328,High School or Below,3919,66676,97,0,Corporate Auto,Four-Door Car,558,Nevada,F
KP83069,High School or Below,7286,0,69,1,Personal Auto,Four-Door Car,669,California,F
GO56075,High School or Below,7589,0,69,0,Personal Auto,Four-Door Car,331,Oregon,M
DI19952,Bachelor,9032,0,82,0,Personal Auto,Four-Door Car,157,Arizona,F
SV58690,Bachelor,5555,41853,71,0,Personal Auto,Two-Door Car,155,California,M
RF35142,Bachelor,8257,23815,73,0,Personal Auto,Four-Door Car,424,Nevada,F
CU69816,Bachelor,2721,22885,73,0,Corporate Auto,Four-Door Car,386,California,M
JM67025,High School or Below,5230,32630,66,0,Personal Auto,Four-Door Car,202,Nevada,M
OB69329,College,6273,18577,86,0,Personal Auto,Four-Door Car,412,California,F
GF19726,High School or Below,5866,75952,73,0,Personal Auto,Two-Door Car,350,Oregon,M
FH39427,Bachelor,8802,96390,73,0,Corporate Auto,Two-Door Car,316,Nevada,M
VM69145,College,8722,25680,73,0,Personal Auto,Two-Door Car,332,California,F
GN76399,Bachelor,8178,0,112,0,Personal Auto,Four-Door Car,806,Nevada,M
IV94496,High School or Below,43217,51504,220,0,Personal Auto,Luxury,2552,Nevada,M
NM91640,High School or Below,2442,0,74,3,Personal Auto,Four-Door Car,532,Oregon,M
DS46955,Master,2919,41456,73,0,Personal Auto,Four-Door Car,257,California,F
LU82585,High School or Below,6366,44368,80,0,Personal Auto,Two-Door Car,384,Nevada,M
QX31376,Master,17114,70961,85,0,Corporate Auto,Four-Door Car,408,Oregon,F
SQ36805,Doctor,2395,21986,63,0,Personal Auto,Two-Door Car,333,Oregon,F
UY57856,College,2987,0,83,0,Corporate Auto,Four-Door Car,708,Oregon,F
OG84541,Master,12780,33514,105,0,Personal Auto,Luxury,265,Arizona,F
NT66759,College,3906,60230,98,0,Personal Auto,Four-Door Car,8,Arizona,F
PR74307,High School or Below,2594,0,70,1,Corporate Auto,Four-Door Car,494,California,M
PW15144,College,5267,40818,66,0,Personal Auto,Four-Door Car,316,Washington,M
KS89479,College,9095,37937,116,0,Personal Auto,SUV,556,Oregon,M
QA22158,College,7122,64571,89,0,Corporate Auto,Four-Door Car,452,Arizona,F
MK32733,Bachelor,9117,0,126,0,Corporate Auto,SUV,421,California,M
WL85494,College,41075,21988,209,0,Personal Auto,Luxury,1003,California,M
RZ79717,High School or Below,3486,0,95,0,Corporate Auto,Four-Door Car,684,Arizona,M
NS12730,Bachelor,7297,24672,93,0,Personal Auto,Two-Door Car,669,Oregon,M
YK32760,High School or Below,2502,0,74,1,Corporate Auto,Four-Door Car,355,Oregon,M
SS77718,Bachelor,9955,0,96,0,Personal Auto,Four-Door Car,460,California,M
QP62600,Bachelor,7094,72878,61,2,Corporate Auto,Two-Door Car,45,Oregon,M
ET47892,College,12280,88340,102,0,Personal Auto,Two-Door Car,489,Oregon,M
PS78418,Bachelor,5773,52278,73,0,Personal Auto,Two-Door Car,234,Oregon,M
SK32629,College,4904,12902,139,0,Personal Auto,Luxury,667,California,F
LQ79472,College,3423,99816,86,0,Corporate Auto,Two-Door Car,172,Arizona,M
AI58500,College,2689,26554,68,1,Personal Auto,Two-Door Car,391,Arizona,F
ME47990,High School or Below,3109,77485,77,0,Corporate Auto,Four-Door Car,355,California,M
KU25309,College,22425,22537,64,1,Corporate Auto,Four-Door Car,307,Oregon,M
RW66792,High School or Below,5705,76522,71,0,Personal Auto,Four-Door Car,340,California,F
MN32305,College,2063,0,64,3,Personal Auto,Four-Door Car,602,Oregon,F
XS98744,Master,5096,22886,65,0,Special Auto,Four-Door Car,312,Oregon,F
SL19130,High School or Below,4101,0,115,0,Personal Auto,Two-Door Car,552,Oregon,M
JG66653,High School or Below,2537,25506,65,0,Personal Auto,Two-Door Car,312,Oregon,M
GQ17441,High School or Below,3651,0,110,0,Personal Auto,SUV,1265,Nevada,M
WL67313,College,10014,0,98,1,Personal Auto,Two-Door Car,705,California,F
LX33054,High School or Below,6758,0,191,0,Personal Auto,Luxury,2042,Oregon,M
HN97052,College,5205,0,72,0,Personal Auto,Two-Door Car,345,Oregon,F
EB12732,High School or Below,2847,96357,71,1,Personal Auto,Four-Door Car,238,Oregon,F
KA29693,College,11513,16266,100,0,Special Auto,SUV,1177,California,M
KE41602,High School or Below,7588,76516,95,0,Personal Auto,Two-Door Car,661,Arizona,M
QF17193,College,2389,20484,61,0,Personal Auto,Four-Door Car,181,Arizona,F
IQ63581,Master,5066,40215,64,0,Personal Auto,Four-Door Car,98,California,F
MR39613,Bachelor,36860,22854,122,0,Special Auto,Luxury,878,California,M
RQ22171,High School or Below,3961,0,118,1,Corporate Auto,SUV,264,California,F
QV89791,High School or Below,8476,55217,107,2,Personal Auto,Two-Door Car,696,California,F
MD15300,College,10110,76276,86,0,Corporate Auto,Two-Door Car,93,California,M
OW33876,College,2476,47918,62,0,Corporate Auto,Two-Door Car,246,Washington,F
SK12752,Bachelor,4462,0,73,3,Corporate Auto,Two-Door Car,350,California,F
BW65176,College,3141,43499,80,0,Personal Auto,Four-Door Car,529,Arizona,M
XV31269,High School or Below,2496,0,72,0,Corporate Auto,Two-Door Car,518,Oregon,M
NV94455,College,6861,0,71,3,Personal Auto,Two-Door Car,476,Arizona,F
QA32784,Bachelor,4983,21497,128,0,Personal Auto,Luxury,614,Oregon,M
UH41125,High School or Below,2227,27972,61,0,Personal Auto,Four-Door Car,292,Arizona,M
VS28690,Master,9670,20942,84,0,Personal Auto,Four-Door Car,403,Nevada,F
SD63822,Bachelor,5088,0,71,0,Corporate Auto,Four-Door Car,511,Oregon,F
QE50648,High School or Below,7095,74298,177,0,Corporate Auto,Luxury,161,Washington,F
EL77795,College,5437,23339,138,0,Corporate Auto,SUV,666,California,F
VK98184,College,5033,77031,125,0,Personal Auto,SUV,600,Arizona,F
BR69566,College,14019,31739,71,0,Personal Auto,Two-Door Car,469,Oregon,M
AI16519,High School or Below,4877,0,66,0,Personal Auto,Two-Door Car,420,Nevada,M
SN67992,Bachelor,3449,25236,89,0,Personal Auto,Four-Door Car,427,Washington,F
BE31382,College,3771,0,103,1,Personal Auto,SUV,685,Oregon,F
ZP49970,Bachelor,5824,40964,74,0,Special Auto,Two-Door Car,355,Oregon,M
OA23108,Doctor,4379,40896,109,0,Personal Auto,Luxury,319,Oregon,F
LY90785,Bachelor,5793,95733,72,0,Corporate Auto,Two-Door Car,475,Oregon,M
ZR66788,High School or Below,2725,39161,71,3,Personal Auto,Four-Door Car,340,California,F
BL12371,Master,5790,84551,72,0,Personal Auto,Four-Door Car,28,Arizona,M
GB68813,Bachelor,8502,12843,111,0,Corporate Auto,Four-Door Car,1143,Nevada,F
IG90926,College,2476,71551,62,0,Personal Auto,Four-Door Car,297,Arizona,F
CT86614,Bachelor,2426,0,71,0,Corporate Auto,Four-Door Car,511,Arizona,M
BL13393,High School or Below,5897,77835,74,1,Personal Auto,Four-Door Car,43,Oregon,F
TU33850,Bachelor,4617,16764,61,0,Personal Auto,Four-Door Car,292,Washington,F
IL25109,High School or Below,12521,39007,105,0,Personal Auto,Two-Door Car,1023,Nevada,M
OP67672,Master,9079,20290,113,0,Personal Auto,SUV,766,Washington,F
NW73460,High School or Below,7777,46182,65,0,Corporate Auto,Two-Door Car,2,Arizona,F
LW57693,College,5601,11920,74,0,Personal Auto,Four-Door Car,355,Oregon,F
JD81426,High School or Below,3459,97162,86,0,Personal Auto,Four-Door Car,32,Arizona,M
AM99192,College,9061,42743,117,1,Personal Auto,SUV,101,Arizona,M
LQ31287,College,6866,0,64,0,Personal Auto,Two-Door Car,40,Oregon,F
ZU25563,College,2659,0,87,3,Personal Auto,Four-Door Car,420,California,F
RU75949,College,12332,85789,105,2,Personal Auto,Luxury,122,Oregon,M
DV85764,High School or Below,21172,0,82,0,Personal Auto,Four-Door Car,588,California,M
VU33725,High School or Below,3677,31349,93,0,Corporate Auto,Four-Door Car,446,Oregon,M
SV43220,College,9816,37256,62,0,Personal Auto,Four-Door Car,128,Oregon,M
WL61717,Bachelor,4922,0,69,0,Personal Auto,Four-Door Car,331,Arizona,F
IW17510,High School or Below,7583,0,102,0,Personal Auto,Luxury,848,California,F
ZS35830,College,2685,58166,67,0,Personal Auto,Four-Door Car,91,Oregon,F
TY95197,College,4132,0,63,1,Personal Auto,Four-Door Car,453,Washington,F
PU73501,Bachelor,8622,97361,73,0,Personal Auto,Four-Door Car,350,Arizona,M
FP65563,High School or Below,15253,51937,193,0,Personal Auto,Luxury,850,Washington,M
IC44995,College,4277,75921,106,0,Personal Auto,SUV,609,Oregon,F
AY55759,High School or Below,20096,92766,71,0,Personal Auto,Two-Door Car,379,California,F
GO94903,College,4770,12964,65,0,Personal Auto,Two-Door Car,362,Oregon,F
TF35512,College,7025,48117,88,0,Corporate Auto,Four-Door Car,422,Oregon,F
HY43263,Bachelor,8265,0,77,0,Corporate Auto,Two-Door Car,554,California,F
WP34496,High School or Below,24552,0,118,1,Personal Auto,SUV,966,Washington,M
QE73187,High School or Below,4407,66152,111,0,Corporate Auto,SUV,532,Oregon,M
WL13766,High School or Below,2482,31093,64,0,Personal Auto,Four-Door Car,274,Arizona,M
VT44999,High School or Below,3858,0,107,1,Personal Auto,SUV,513,Arizona,F
RZ14993,High School or Below,11572,0,166,0,Special Auto,Luxury,1195,California,F
XI14610,College,3645,19121,95,0,Personal Auto,Four-Door Car,915,California,F
VE31268,Bachelor,4362,0,65,0,Personal Auto,Four-Door Car,468,Oregon,M
ZD13262,High School or Below,10425,68563,131,1,Personal Auto,SUV,350,Oregon,F
OJ58066,High School or Below,7025,24726,92,1,Personal Auto,Four-Door Car,150,Nevada,M
RK81706,College,7388,0,97,0,Personal Auto,Four-Door Car,638,Arizona,F
NI18835,Bachelor,2927,51991,73,0,Personal Auto,Four-Door Car,124,California,M
RA87395,Bachelor,8356,0,118,0,Personal Auto,SUV,153,California,M
QN13323,High School or Below,8718,89096,111,0,Personal Auto,SUV,64,Oregon,M
BC53363,High School or Below,35227,23031,148,0,Special Auto,SUV,710,Oregon,F
VB26229,Bachelor,8697,29540,73,0,Personal Auto,Four-Door Car,350,Arizona,M
AD28535,Master,3554,58557,88,0,Personal Auto,Four-Door Car,55,California,F
SE50560,College,2818,88816,70,0,Personal Auto,Two-Door Car,164,Oregon,M
YL65673,Bachelor,19045,0,61,0,Personal Auto,Four-Door Car,439,California,F
WK65741,High School or Below,2893,61809,72,0,Personal Auto,Two-Door Car,328,California,F
GZ77449,College,14439,58452,186,0,Corporate Auto,Luxury,892,California,M
OF49789,College,5121,57161,127,0,Personal Auto,Luxury,609,Oregon,F
YX54093,College,2217,0,65,0,Personal Auto,Four-Door Car,111,Arizona,M
TD19026,High School or Below,2861,90083,71,0,Personal Auto,Two-Door Car,181,California,F
XT67997,High School or Below,5979,57693,76,0,Personal Auto,Four-Door Car,547,California,F
WP65749,College,7377,0,69,0,Personal Auto,Four-Door Car,331,Nevada,M
YT91759,High School or Below,6366,44368,80,0,Personal Auto,Two-Door Car,384,California,M
YH20696,College,8657,68727,72,0,Personal Auto,Four-Door Car,171,Oregon,M
NS14955,Master,11726,40564,97,0,Personal Auto,Four-Door Car,85,Oregon,F
UH79028,High School or Below,5780,51066,74,0,Personal Auto,Four-Door Car,787,Nevada,M
JM89095,High School or Below,10058,0,92,0,Personal Auto,Two-Door Car,640,Oregon,M
NK26146,College,7072,90551,61,4,Corporate Auto,Four-Door Car,374,Washington,F
HE99696,College,4787,0,67,0,Personal Auto,Four-Door Car,321,Washington,F
HH15953,Bachelor,3013,21353,80,0,Personal Auto,Four-Door Car,576,California,M
ZO30377,High School or Below,3472,0,102,0,Personal Auto,Four-Door Car,976,California,M
VZ23007,College,5380,55350,67,0,Personal Auto,Four-Door Car,321,Oregon,F
DF74270,Bachelor,38230,80321,105,0,Corporate Auto,SUV,166,Nevada,M
SE47384,Bachelor,5526,94230,137,0,Special Auto,SUV,657,California,F
CS84396,Bachelor,4883,53305,63,0,Corporate Auto,Two-Door Car,302,Arizona,M
OQ20827,College,14203,55593,182,1,Corporate Auto,Luxury,677,California,M
VU47281,Bachelor,5745,0,165,0,Personal Auto,Luxury,1853,Oregon,F
BN62219,College,9602,0,94,0,Personal Auto,Two-Door Car,676,Arizona,F
TP39671,Bachelor,3199,0,87,0,Personal Auto,Four-Door Car,132,Arizona,M
HX33134,High School or Below,2758,22158,74,0,Personal Auto,Four-Door Car,355,Arizona,M
UR49989,Bachelor,2725,81605,67,0,Personal Auto,Two-Door Car,424,Oregon,F
VU48786,Master,5550,62219,69,0,Personal Auto,Two-Door Car,243,Washington,M
QM46642,Bachelor,2619,15587,71,0,Special Auto,Two-Door Car,136,California,M
TG60853,Doctor,6265,0,84,1,Corporate Auto,Four-Door Car,481,Nevada,F
CV40610,College,12313,0,116,0,Personal Auto,Two-Door Car,835,California,M
HI98447,High School or Below,10552,28505,88,0,Personal Auto,Four-Door Car,422,Oregon,M
QD86271,High School or Below,12022,25918,104,0,Personal Auto,SUV,996,Arizona,M
ZD75163,High School or Below,9295,0,261,0,Corporate Auto,Luxury,2759,Nevada,M
LB98130,Bachelor,7440,34137,62,0,Personal Auto,Two-Door Car,297,Oregon,M
VZ16820,Bachelor,10302,21839,137,0,Personal Auto,Luxury,657,Washington,M
YE24562,College,3508,20978,98,1,Personal Auto,Four-Door Car,1176,California,M
IH78357,College,5761,83392,71,0,Personal Auto,Four-Door Car,125,Oregon,F
TH96263,High School or Below,10280,73661,128,0,Personal Auto,SUV,404,Nevada,F
DC31768,Bachelor,4783,49793,121,0,Personal Auto,SUV,640,Arizona,M
YO81676,Bachelor,2142,0,65,0,Corporate Auto,Two-Door Car,686,Oregon,M
MQ79612,Doctor,8738,91890,107,0,Personal Auto,SUV,156,California,M
ZZ77357,High School or Below,4468,0,65,0,Corporate Auto,Two-Door Car,468,Nevada,M
OE88763,Bachelor,11315,11885,101,0,Corporate Auto,Four-Door Car,484,California,F
XP39695,Bachelor,21886,43000,109,0,Personal Auto,SUV,676,Arizona,F
QC28119,High School or Below,7681,90043,63,0,Personal Auto,Four-Door Car,203,Oregon,M
AZ29426,College,16702,0,72,0,Special Auto,Four-Door Car,345,California,M
RI46607,Bachelor,5015,48567,130,0,Corporate Auto,SUV,624,California,F
OJ63606,High School or Below,5776,27510,159,3,Corporate Auto,SUV,871,Arizona,F
TQ89058,Master,2777,59124,70,2,Personal Auto,Four-Door Car,173,Nevada,F
IW78492,College,4127,0,119,3,Personal Auto,Luxury,856,Arizona,F
WE88728,High School or Below,6670,56531,170,3,Corporate Auto,SUV,816,Arizona,F
PJ74689,Bachelor,14741,0,139,1,Personal Auto,SUV,667,Nevada,F
ZI86917,Bachelor,38320,45277,191,0,Special Auto,Luxury,916,Nevada,M
IJ71609,Bachelor,2064,0,65,3,Personal Auto,Four-Door Car,368,Washington,F
FP17993,Bachelor,5504,0,73,0,Personal Auto,Four-Door Car,350,Arizona,F
EC28398,Master,5096,22886,65,0,Corporate Auto,Four-Door Car,312,Oregon,F
ZX85480,High School or Below,7995,66685,67,2,Personal Auto,Two-Door Car,38,Washington,F
JP27787,College,5674,65775,72,0,Personal Auto,Four-Door Car,171,Oregon,F
NH24429,Doctor,2886,52972,74,0,Special Auto,Four-Door Car,355,Arizona,M
QU58523,Master,5794,52979,72,0,Personal Auto,Two-Door Car,345,Arizona,M
EZ39383,Bachelor,10706,55436,67,0,Personal Auto,Four-Door Car,321,Arizona,F
IR74017,College,5320,32116,132,0,Personal Auto,SUV,277,Oregon,F
DH68234,Master,20498,56070,74,0,Personal Auto,Two-Door Car,87,California,M
TZ37274,High School or Below,4628,0,62,0,Personal Auto,Four-Door Car,690,Arizona,M
QG67362,Bachelor,27287,0,116,1,Personal Auto,SUV,835,California,F
TN36916,Bachelor,4029,93621,100,0,Personal Auto,SUV,59,California,F
FL74984,Bachelor,2744,79192,70,0,Personal Auto,Two-Door Car,336,Oregon,M
FV15346,College,35444,96853,98,0,Personal Auto,Two-Door Car,565,Arizona,M
JV12632,Master,2858,0,83,4,Corporate Auto,Four-Door Car,355,Washington,F
TF64196,College,5862,75121,73,0,Corporate Auto,Two-Door Car,171,California,F
PC27174,College,4031,0,117,0,Personal Auto,Four-Door Car,842,Oregon,F
RL28880,Bachelor,7553,69959,63,0,Personal Auto,Two-Door Car,401,Nevada,F
FG46631,Bachelor,16699,81400,104,0,Special Auto,Four-Door Car,499,Oregon,F
PB29715,High School or Below,3233,0,98,1,Corporate Auto,Two-Door Car,705,California,M
ZV42323,Bachelor,5640,67523,72,0,Corporate Auto,Two-Door Car,345,California,M
YS49138,High School or Below,8678,62366,108,0,Personal Auto,Four-Door Car,51,California,F
XJ34057,Bachelor,10339,67134,131,1,Personal Auto,Luxury,277,California,M
NJ54277,College,3746,41479,94,1,Personal Auto,Two-Door Car,19,California,F
RL64888,College,2571,29697,66,4,Personal Auto,Four-Door Car,316,California,F
UM28580,High School or Below,4428,58577,110,0,Personal Auto,SUV,303,Oregon,F
TO87218,High School or Below,7413,0,106,0,Personal Auto,Luxury,508,California,F
YQ79307,Bachelor,4768,51144,61,1,Personal Auto,Two-Door Car,223,Washington,M
KZ80383,High School or Below,6035,29587,76,0,Personal Auto,Four-Door Car,422,Arizona,F
TS78649,High School or Below,16280,0,157,0,Personal Auto,Luxury,753,Arizona,M
QX84389,Master,9024,71499,112,0,Corporate Auto,Luxury,537,California,M
WC26700,Bachelor,7495,0,106,0,Corporate Auto,Four-Door Car,763,California,F
JR26812,College,12520,0,126,0,Personal Auto,SUV,907,Nevada,M
QD17769,High School or Below,2552,75740,64,0,Corporate Auto,Two-Door Car,128,Oregon,M
VA89404,Master,16887,53262,62,4,Corporate Auto,Four-Door Car,223,California,M
ZR41880,College,3038,75180,77,3,Corporate Auto,Four-Door Car,154,Nevada,F
XK49057,High School or Below,4455,31196,62,4,Corporate Auto,Two-Door Car,342,California,M
ZM52280,Bachelor,11972,0,186,2,Personal Auto,Luxury,1441,Arizona,M
UX93878,Bachelor,8513,34505,106,0,Personal Auto,SUV,359,Oregon,F
WY65854,Bachelor,9085,0,82,2,Personal Auto,Four-Door Car,146,Oregon,F
ES97823,Bachelor,24096,0,97,0,Personal Auto,Four-Door Car,1154,Oregon,F
CX34236,College,9095,37937,116,0,Personal Auto,SUV,556,Oregon,M
CQ81839,College,21418,21897,139,0,Personal Auto,SUV,667,Oregon,F
ES97399,High School or Below,10714,55994,92,2,Corporate Auto,Four-Door Car,441,Nevada,M
GL44478,High School or Below,9986,24067,132,0,Corporate Auto,Luxury,633,Oregon,M
ML79788,College,7908,43630,99,0,Corporate Auto,Four-Door Car,475,Arizona,F
KZ67768,College,4869,23811,130,0,Personal Auto,SUV,624,Nevada,M
XU67970,College,2121,0,62,0,Personal Auto,Two-Door Car,446,Washington,M
IQ40799,Bachelor,6328,0,100,2,Personal Auto,SUV,648,Washington,M
BV80674,Bachelor,4340,0,124,0,Personal Auto,SUV,595,Oregon,F
TH72397,Bachelor,6279,50562,79,0,Personal Auto,Four-Door Car,545,California,M
EC13382,Master,11981,21514,62,0,Corporate Auto,Two-Door Car,257,Oregon,F
LE30774,College,22235,80355,187,1,Corporate Auto,Luxury,897,California,M
RA14734,High School or Below,8646,64125,108,0,Personal Auto,SUV,369,Arizona,F
IY31142,College,2444,83800,62,0,Personal Auto,Four-Door Car,196,Oregon,M
CK29372,College,5070,23840,64,0,Personal Auto,Four-Door Car,307,California,F
KD70601,College,5647,54834,72,0,Corporate Auto,Four-Door Car,186,Washington,F
QN76596,Bachelor,13345,80277,112,1,Corporate Auto,SUV,36,California,M
XI62151,College,13297,88430,66,1,Personal Auto,Four-Door Car,316,Oregon,M
ZQ37702,High School or Below,7031,26255,88,0,Personal Auto,Four-Door Car,52,California,F
GE13332,High School or Below,3615,0,95,0,Personal Auto,Four-Door Car,684,Nevada,M
LZ84227,College,14120,95715,119,2,Personal Auto,Four-Door Car,148,Arizona,M
EX97404,High School or Below,2155,0,70,3,Personal Auto,Four-Door Car,336,Oregon,F
RQ99149,Master,2748,32437,69,0,Corporate Auto,Two-Door Car,473,California,M
UP57305,Bachelor,5087,22726,65,0,Personal Auto,Four-Door Car,312,California,M
IC82877,Bachelor,14031,58092,72,1,Personal Auto,Two-Door Car,202,Arizona,M
JO63956,College,8656,83365,109,1,Personal Auto,SUV,523,California,M
MD47500,College,4861,12153,69,1,Personal Auto,Four-Door Car,438,California,M
OW31837,Bachelor,19174,74028,118,0,Corporate Auto,SUV,53,California,F
OY20177,High School or Below,7089,52707,90,1,Corporate Auto,Four-Door Car,432,Oregon,M
LZ10377,High School or Below,6802,47451,87,1,Personal Auto,Four-Door Car,417,California,M
UB17669,Bachelor,2359,19864,63,0,Personal Auto,Four-Door Car,352,Nevada,F
DP77737,High School or Below,15114,28513,100,1,Personal Auto,SUV,480,Oregon,F
QT39597,High School or Below,2926,26242,74,0,Personal Auto,Four-Door Car,347,Arizona,M
MQ74051,Bachelor,13014,55067,110,1,Personal Auto,SUV,353,Arizona,F
MN98042,College,7901,62291,100,0,Personal Auto,Luxury,480,California,M
XJ60303,Bachelor,13406,25048,167,0,Personal Auto,SUV,801,California,F
GU42671,Bachelor,6106,16654,79,0,Personal Auto,Four-Door Car,379,Arizona,F
DK26322,High School or Below,12321,26887,113,0,Special Auto,SUV,542,Washington,M
NT75612,College,19338,22784,70,0,Personal Auto,Four-Door Car,224,Oregon,F
AX28231,High School or Below,5431,49345,69,0,Personal Auto,Two-Door Car,251,Washington,M
GA89827,College,7329,0,70,0,Personal Auto,Four-Door Car,622,Oregon,M
UX91266,Bachelor,3484,34307,92,2,Personal Auto,Four-Door Car,186,California,M
UC10048,College,6964,0,95,1,Corporate Auto,Four-Door Car,629,Oregon,F
CY90231,Master,25253,44096,72,1,Personal Auto,Four-Door Car,345,Nevada,M
QD26729,College,2523,43204,64,3,Personal Auto,Four-Door Car,246,California,M
RZ98310,Bachelor,17349,0,92,0,Personal Auto,Four-Door Car,441,Nevada,F
VJ73478,Bachelor,4058,0,117,0,Personal Auto,Luxury,842,Oregon,M
KR29524,Bachelor,4742,78596,118,0,Personal Auto,SUV,133,Oregon,F
ID58813,Bachelor,4363,38925,112,0,Personal Auto,Luxury,241,California,M
SL98898,High School or Below,9048,0,119,0,Personal Auto,Luxury,571,Nevada,M
LH90819,Master,4210,21885,108,0,Corporate Auto,SUV,52,California,M
OL55220,Bachelor,5241,48345,67,0,Personal Auto,Four-Door Car,212,California,F
YU90693,High School or Below,2481,77993,62,0,Personal Auto,Four-Door Car,297,California,F
NM70181,Master,3585,25748,90,0,Personal Auto,Four-Door Car,117,Oregon,M
ZU30804,College,5498,22520,73,0,Personal Auto,Four-Door Car,350,California,M
ZT31931,High School or Below,10377,0,95,0,Personal Auto,Two-Door Car,579,Oregon,M
BS29584,College,2589,0,73,0,Personal Auto,Four-Door Car,350,Oregon,F
SX63814,High School or Below,9312,75986,115,0,Personal Auto,Four-Door Car,89,Arizona,M
YL81070,High School or Below,14396,0,205,0,Personal Auto,Luxury,1476,Oregon,M
RW24925,College,31920,58542,114,0,Personal Auto,SUV,129,Oregon,F
FB84409,Bachelor,4921,43640,64,2,Personal Auto,Four-Door Car,1,Arizona,M
YP38413,College,25805,86901,72,0,Personal Auto,Two-Door Car,313,Oregon,F
ZE53116,High School or Below,5963,94115,74,0,Personal Auto,Four-Door Car,409,Arizona,M
SU95720,High School or Below,8923,0,125,0,Personal Auto,SUV,900,California,M
UM94104,High School or Below,5214,65375,65,0,Personal Auto,Four-Door Car,6,Oregon,M
ET64307,Bachelor,12522,44341,105,0,Personal Auto,Luxury,355,California,F
XD32841,Bachelor,13897,24378,188,0,Corporate Auto,SUV,902,Oregon,M
SI90461,High School or Below,3372,93489,84,0,Corporate Auto,Four-Door Car,104,Washington,F
RV75918,College,7809,69161,97,0,Personal Auto,Four-Door Car,341,California,F
DZ64604,High School or Below,12269,60774,154,0,Personal Auto,SUV,739,California,M
WF98532,Bachelor,3123,0,101,4,Personal Auto,SUV,960,California,M
GQ15613,High School or Below,8004,54008,67,0,Personal Auto,Four-Door Car,370,Arizona,F
XU63766,Bachelor,8105,0,74,0,Personal Auto,Four-Door Car,232,Oregon,F
VU35401,High School or Below,2758,44619,68,0,Corporate Auto,Four-Door Car,283,Nevada,F
NH95163,College,3707,16476,101,0,Personal Auto,Four-Door Car,313,Oregon,F
CD55111,Master,30154,73359,94,0,Corporate Auto,Two-Door Car,107,California,M
TQ73797,Bachelor,8099,25949,104,0,Personal Auto,SUV,499,California,M
CC43119,Bachelor,2921,62018,73,0,Corporate Auto,Two-Door Car,90,California,F
CD38665,High School or Below,14510,41433,183,0,Personal Auto,Luxury,1317,California,M
JM30137,College,16793,0,238,1,Personal Auto,Luxury,1142,Washington,F
CJ29883,Doctor,5332,68931,66,0,Personal Auto,Four-Door Car,309,Arizona,F
LJ35581,Bachelor,10025,0,141,0,Personal Auto,SUV,1015,Washington,F
DL11519,College,6875,0,104,0,Special Auto,SUV,748,Oregon,M
AK11719,Master,2272,0,64,0,Corporate Auto,Four-Door Car,286,California,M
YL91288,Master,8923,98044,73,0,Personal Auto,Four-Door Car,347,California,F
XV53746,High School or Below,16484,91354,68,0,Special Auto,Two-Door Car,361,California,F
HU57895,College,6860,0,109,4,Corporate Auto,Luxury,605,Washington,F
MI95708,High School or Below,12947,15083,115,0,Personal Auto,Four-Door Car,552,Arizona,F
AX45422,High School or Below,13786,0,61,0,Personal Auto,Four-Door Car,370,California,F
KT92231,Bachelor,7706,0,107,0,Personal Auto,Luxury,1267,Oregon,M
BM53580,Bachelor,8520,0,80,0,Personal Auto,Four-Door Car,69,Oregon,F
ZB32409,Bachelor,2242,0,67,3,Personal Auto,Four-Door Car,618,California,F
XA21742,Bachelor,27069,22955,92,3,Personal Auto,Four-Door Car,441,California,F
RD22761,Bachelor,20579,0,69,0,Personal Auto,Four-Door Car,566,Washington,M
PZ10136,Master,2465,51641,63,1,Personal Auto,Four-Door Car,137,Oregon,M
OG62048,Master,9052,10211,119,0,Personal Auto,SUV,571,California,F
IH23596,Bachelor,2546,0,68,0,Corporate Auto,Four-Door Car,296,California,F
HE72629,Bachelor,3007,0,80,0,Personal Auto,Two-Door Car,16,Arizona,F
KW52549,Bachelor,27789,33806,89,0,Personal Auto,Four-Door Car,395,Arizona,F
OZ82391,Master,6289,50269,80,0,Personal Auto,Two-Door Car,32,California,M
HH22446,Bachelor,3954,18375,103,0,Personal Auto,Luxury,535,Nevada,M
HW16019,Bachelor,7583,24133,68,0,Personal Auto,Two-Door Car,76,Oregon,M
IS30186,College,6186,88375,77,0,Personal Auto,Four-Door Car,0,California,F
HN45134,Master,5757,88997,72,0,Personal Auto,Four-Door Car,174,Arizona,M
XI79589,High School or Below,4473,0,125,0,Personal Auto,SUV,600,California,F
LK57294,High School or Below,4786,23402,61,0,Personal Auto,Four-Door Car,292,Oregon,M
JM88889,High School or Below,12244,46396,103,1,Corporate Auto,Four-Door Car,384,California,F
EZ51276,College,7121,0,96,0,Personal Auto,Four-Door Car,460,Arizona,F
JF16295,High School or Below,7547,0,102,0,Personal Auto,Four-Door Car,489,Oregon,F
XU76821,College,20380,33175,66,0,Corporate Auto,Two-Door Car,84,California,F
KR62128,Master,9011,63885,114,0,Personal Auto,SUV,86,California,F
TG70775,High School or Below,20096,92766,71,0,Personal Auto,Two-Door Car,379,California,F
XR75319,College,4786,45515,61,0,Personal Auto,Two-Door Car,236,Arizona,M
QB26845,Bachelor,11578,0,115,0,Personal Auto,SUV,1163,Oregon,M
No94161,High School or Below,2719,37703,70,0,Corporate Auto,Two-Door Car,83,California,M
SQ87105,Bachelor,4760,0,68,0,Corporate Auto,Four-Door Car,489,Oregon,F
XM14899,College,8701,0,122,0,Personal Auto,SUV,684,Oregon,M
QQ51185,College,2659,64987,66,0,Personal Auto,Four-Door Car,182,Nevada,F
XW51700,High School or Below,5139,73180,64,0,Personal Auto,Four-Door Car,132,Arizona,F
YK60829,High School or Below,20096,92766,71,0,Corporate Auto,Two-Door Car,379,Oregon,F
FB68802,College,4025,0,119,2,Personal Auto,SUV,571,Arizona,M
ON67674,College,2771,50071,71,0,Personal Auto,Two-Door Car,18,California,F
MS20849,College,6745,53058,91,4,Personal Auto,Four-Door Car,209,California,M
VK94354,Master,9259,0,127,0,Special Auto,SUV,22,Oregon,M
PZ53130,College,8467,16370,74,0,Personal Auto,Two-Door Car,296,California,F
HV75704,Bachelor,22762,70521,63,0,Corporate Auto,Four-Door Car,302,California,F
GU18646,Bachelor,9332,58007,81,0,Special Auto,Two-Door Car,518,Oregon,M
LI77073,College,7100,31670,179,0,Corporate Auto,Luxury,1288,Oregon,M
FW43809,High School or Below,8007,0,112,0,Personal Auto,Luxury,537,Oregon,F
WC11515,Bachelor,19511,0,70,0,Corporate Auto,Four-Door Car,491,Arizona,F
ZT52415,Bachelor,8145,62534,68,0,Personal Auto,Two-Door Car,326,Oregon,F
PH83205,Bachelor,2810,26790,71,0,Corporate Auto,Two-Door Car,340,Oregon,M
GI46001,Bachelor,6846,0,95,0,Personal Auto,Two-Door Car,456,California,F
DY27653,High School or Below,3755,56178,94,0,Personal Auto,Four-Door Car,451,Oregon,F
GB70718,High School or Below,2393,28646,61,0,Personal Auto,Four-Door Car,355,Arizona,F
YE12395,High School or Below,40636,31267,129,0,Personal Auto,Luxury,619,Oregon,M
MA94219,College,9067,78250,114,0,Personal Auto,Four-Door Car,547,Nevada,M
FJ28407,High School or Below,5619,0,153,0,Personal Auto,SUV,1027,California,M
CJ72056,Bachelor,8013,65636,67,0,Personal Auto,Four-Door Car,321,California,M
QU52713,Bachelor,4089,43177,103,0,Corporate Auto,SUV,420,California,M
FE20514,College,5065,26733,66,0,Personal Auto,Four-Door Car,218,Oregon,M
RY43586,Master,8372,12590,73,0,Personal Auto,Two-Door Car,132,Oregon,F
SK66747,Bachelor,66025,33481,188,0,Personal Auto,Luxury,1194,Washington,M
SC31713,College,8175,0,80,0,Personal Auto,Four-Door Car,384,California,F
TH72420,Doctor,8720,25752,73,0,Personal Auto,Two-Door Car,378,Oregon,M
FD75102,College,3237,27982,87,0,Personal Auto,Two-Door Car,14,California,F
LW75453,Bachelor,5354,29445,68,0,Personal Auto,Four-Door Car,334,California,M
BS96517,College,2375,47455,61,0,Personal Auto,Four-Door Car,278,Washington,F
SO55284,High School or Below,8646,64125,108,0,Personal Auto,SUV,369,Nevada,F
SD83603,College,6672,56830,83,0,Personal Auto,Two-Door Car,319,Oregon,F
JQ68425,College,12919,58236,108,0,Corporate Auto,SUV,67,California,M
VM51572,Bachelor,7385,54289,62,0,Personal Auto,Four-Door Car,430,Washington,M
JH58282,College,7200,0,66,0,Personal Auto,Four-Door Car,316,California,F
WP23743,College,7281,47482,93,0,Corporate Auto,Four-Door Car,594,California,M
DS47984,Master,3237,60244,83,3,Personal Auto,Four-Door Car,326,Arizona,M
UV52613,College,2722,20867,71,0,Personal Auto,Four-Door Car,340,Arizona,M
XM96138,Master,11277,98138,93,1,Personal Auto,Four-Door Car,427,California,M
HF95739,High School or Below,8555,0,81,0,Personal Auto,Four-Door Car,583,California,M
HG81101,Bachelor,2911,20327,74,0,Personal Auto,Four-Door Car,824,Washington,F
VN27419,High School or Below,10083,11828,90,0,Personal Auto,Four-Door Car,571,Oregon,F
VZ59523,Doctor,5704,50695,71,0,Personal Auto,Two-Door Car,110,Arizona,M
UF91715,High School or Below,7664,0,107,0,Personal Auto,Four-Door Car,770,Nevada,M
JV13438,High School or Below,4909,98693,61,0,Personal Auto,Four-Door Car,292,Oregon,M
MN82687,Bachelor,5470,54507,138,0,Personal Auto,SUV,702,Oregon,F
MR50410,College,5067,89703,126,0,Personal Auto,SUV,601,Nevada,M
DT53270,College,4896,0,71,0,Personal Auto,Four-Door Car,421,Washington,F
DA79098,Bachelor,4572,0,67,1,Personal Auto,Two-Door Car,357,California,M
FY86121,College,8237,70882,69,0,Personal Auto,Four-Door Car,124,Oregon,M
AA69265,Bachelor,3964,60817,103,1,Personal Auto,Four-Door Car,494,Nevada,F
ZT86224,Bachelor,10901,72257,90,0,Personal Auto,Four-Door Car,408,Nevada,M
GW89148,Doctor,16304,90008,137,0,Personal Auto,SUV,406,California,M
EJ97834,High School or Below,2619,93987,65,0,Personal Auto,Two-Door Car,251,Nevada,F
VM66678,High School or Below,14024,81872,115,0,Personal Auto,Four-Door Car,256,Oregon,F
OY34553,Bachelor,24320,60221,67,0,Personal Auto,Four-Door Car,238,Nevada,F
JL49772,Bachelor,24249,33651,69,1,Personal Auto,Four-Door Car,328,Arizona,F
ZO44848,College,20864,0,61,0,Special Auto,Four-Door Car,216,California,F
TW66679,High School or Below,8823,75741,109,0,Corporate Auto,SUV,217,Oregon,M
RP98585,Master,7610,38086,96,0,Personal Auto,Two-Door Car,243,Arizona,M
XK83294,High School or Below,7486,38725,64,0,Corporate Auto,Two-Door Car,307,California,F
VZ43707,High School or Below,8763,20132,86,3,Corporate Auto,Four-Door Car,412,Nevada,M
RO89767,Master,27386,0,105,0,Personal Auto,Luxury,451,Arizona,M
UN49741,High School or Below,11121,44299,106,5,Personal Auto,SUV,754,Oregon,M
SY46862,High School or Below,5657,98917,139,0,Corporate Auto,Luxury,336,Arizona,M
ZY60545,College,18938,91535,67,1,Personal Auto,Four-Door Car,126,California,F
WP62115,College,13865,53484,70,0,Corporate Auto,Two-Door Car,333,Washington,F
NK16909,Doctor,8188,45318,103,0,Personal Auto,SUV,494,Oregon,M
BQ41371,Bachelor,5626,46897,70,0,Personal Auto,Four-Door Car,344,Oregon,F
QF29828,Master,3208,40135,80,0,Personal Auto,Four-Door Car,78,Arizona,F
LP59331,College,5282,38606,68,0,Personal Auto,Four-Door Car,413,Arizona,M
NJ46471,Bachelor,8696,56550,73,3,Corporate Auto,Four-Door Car,162,Oregon,F
KX53892,College,5259,61146,65,0,Personal Auto,Four-Door Car,273,Oregon,F
YP37291,High School or Below,7854,36409,66,0,Personal Auto,Four-Door Car,316,Nevada,M
RX93631,Bachelor,6438,90035,80,0,Personal Auto,Four-Door Car,141,Arizona,F
GS26763,Bachelor,11633,39669,98,0,Personal Auto,Two-Door Car,492,California,F
SK74843,Master,2442,57963,61,0,Personal Auto,Four-Door Car,42,Arizona,F
AG47947,High School or Below,14024,81872,115,0,Personal Auto,Four-Door Car,256,Washington,F
LQ23049,High School or Below,2491,25965,65,0,Personal Auto,Four-Door Car,329,California,F
VF10088,High School or Below,3410,59662,85,0,Personal Auto,Four-Door Car,10,Arizona,F
OJ65428,College,3842,27906,102,0,Personal Auto,Four-Door Car,489,Nevada,M
ZF48094,High School or Below,3339,51032,83,0,Personal Auto,Four-Door Car,349,Oregon,F
TN56613,Bachelor,5358,83771,133,0,Personal Auto,Luxury,482,Arizona,F
IA33339,Bachelor,9268,57052,115,1,Corporate Auto,SUV,483,Oregon,F
UB28078,Master,4200,51510,106,0,Personal Auto,Four-Door Car,688,California,M
ZK60855,College,4829,34819,61,0,Corporate Auto,Four-Door Car,185,Oregon,F
CM73149,Bachelor,14244,31189,122,0,Personal Auto,Luxury,585,California,F
SC81807,College,4095,32180,103,0,Special Auto,Luxury,558,California,F
DS57918,Bachelor,33718,27500,114,0,Corporate Auto,SUV,472,California,M
TN29644,College,7540,67018,94,0,Personal Auto,Four-Door Car,104,California,F
UL17918,Bachelor,2821,0,77,0,Corporate Auto,Two-Door Car,436,Arizona,M
MJ25422,College,36695,0,199,0,Personal Auto,Luxury,1062,Oregon,F
FG21377,Bachelor,19731,33588,62,0,Corporate Auto,Four-Door Car,419,California,F
BQ15946,Doctor,6685,56270,83,0,Personal Auto,Four-Door Car,398,Oregon,M
CO53249,College,8408,82800,70,0,Corporate Auto,Four-Door Car,442,Arizona,M
XS83731,College,7371,0,68,0,Personal Auto,Four-Door Car,425,Arizona,F
VH41477,High School or Below,4742,63891,119,0,Corporate Auto,Two-Door Car,7,Oregon,M
AT13963,Master,15865,43946,133,0,Corporate Auto,Luxury,415,Washington,F
XU49878,Bachelor,5396,62039,68,1,Personal Auto,Four-Door Car,265,Washington,M
RY10920,College,4330,60475,107,0,Personal Auto,Four-Door Car,513,Oregon,M
OC32181,High School or Below,5708,70279,71,0,Special Auto,Four-Door Car,331,Nevada,F
OE19653,High School or Below,3500,0,93,0,Personal Auto,Two-Door Car,446,Oregon,F
WG39961,High School or Below,3919,66676,97,0,Personal Auto,Four-Door Car,558,Oregon,F
QY78671,High School or Below,2910,12048,77,0,Corporate Auto,Four-Door Car,369,Arizona,M
SY48591,College,4827,0,68,0,Personal Auto,Four-Door Car,326,Arizona,F
SM16060,College,4811,0,68,0,Personal Auto,Two-Door Car,619,Arizona,F
FW53453,Master,7834,36094,99,1,Personal Auto,Two-Door Car,456,California,F
KU42210,Bachelor,14666,0,61,0,Corporate Auto,Four-Door Car,439,Arizona,M
XR74789,College,7199,63328,89,0,Personal Auto,Two-Door Car,427,Washington,F
GB39602,High School or Below,3914,0,112,0,Corporate Auto,Luxury,587,Nevada,M
SK93727,High School or Below,9470,36121,118,0,Personal Auto,Four-Door Car,1107,Washington,F
OM37845,Master,5479,56005,68,1,Personal Auto,Four-Door Car,326,California,M
VR45143,High School or Below,2488,48597,71,5,Corporate Auto,Four-Door Car,305,Arizona,F
GF35623,High School or Below,5886,0,81,0,Personal Auto,Four-Door Car,583,California,F
AF47139,College,8406,42540,70,0,Personal Auto,Four-Door Car,43,Oregon,F
IS48950,College,8685,87544,109,1,Corporate Auto,SUV,523,California,M
NC98544,High School or Below,25030,26292,80,2,Personal Auto,Two-Door Car,384,Nevada,M
AD12500,High School or Below,17822,42696,228,0,Personal Auto,Luxury,1273,California,F
ZE59681,College,2798,88009,71,0,Corporate Auto,Two-Door Car,266,Nevada,M
JQ91314,College,3288,0,97,0,Personal Auto,Four-Door Car,1026,Washington,M
WX92260,College,2004,0,66,4,Corporate Auto,Four-Door Car,316,Washington,F
MO21402,Master,13736,16181,181,0,Personal Auto,SUV,1261,Oregon,F
QY41319,College,4411,0,62,0,Personal Auto,Two-Door Car,446,Oregon,M
WE90911,Bachelor,5392,75438,136,0,Personal Auto,SUV,438,Arizona,F
KB90888,High School or Below,2561,0,73,0,Corporate Auto,Two-Door Car,842,Oregon,F
NN87570,Bachelor,6057,27681,83,0,Corporate Auto,Two-Door Car,398,Oregon,M
PD94315,Bachelor,22256,23444,196,0,Corporate Auto,SUV,940,Arizona,F
IN65727,Master,2693,63684,68,0,Personal Auto,Two-Door Car,343,Washington,F
FB76635,College,4296,61737,107,0,Personal Auto,Luxury,495,Oregon,F
RF58958,High School or Below,11624,0,113,0,Personal Auto,Four-Door Car,813,California,M
AZ15952,Bachelor,8749,52373,111,0,Personal Auto,Four-Door Car,186,Oregon,M
KP22549,Bachelor,3155,58213,79,0,Personal Auto,Four-Door Car,39,Oregon,M
QC34927,High School or Below,3317,74142,83,0,Personal Auto,Two-Door Car,398,California,M
WD87578,High School or Below,7821,0,109,0,Personal Auto,Four-Door Car,784,Nevada,F
ER51965,College,4240,49746,111,3,Corporate Auto,Four-Door Car,589,Washington,M
LA53648,High School or Below,8992,0,129,0,Personal Auto,SUV,1059,California,F
FX73249,Bachelor,7304,0,104,0,Personal Auto,Four-Door Car,499,Oregon,M
WF53890,Bachelor,5217,39854,66,0,Personal Auto,Two-Door Car,261,Arizona,F
QL35310,Master,2725,36650,69,1,Corporate Auto,Four-Door Car,56,Nevada,F
FY30870,High School or Below,18569,32756,93,0,Personal Auto,Two-Door Car,381,California,F
JF73533,College,9985,36268,86,1,Personal Auto,Four-Door Car,531,Nevada,M
IW70308,Bachelor,8257,23815,73,0,Personal Auto,Four-Door Car,424,Oregon,F
ZS50183,College,8002,0,107,0,Corporate Auto,SUV,513,Arizona,F
EU38033,High School or Below,5897,39188,74,0,Personal Auto,Four-Door Car,355,Nevada,M
ZJ86769,College,4686,58089,118,0,Personal Auto,SUV,566,Nevada,M
JZ90556,High School or Below,5943,62120,74,0,Corporate Auto,Four-Door Car,28,Oregon,F
OQ43721,High School or Below,2648,26540,69,0,Personal Auto,Four-Door Car,378,Oregon,F
NI71089,College,4650,28215,65,0,Personal Auto,Two-Door Car,468,California,M
ZF84966,Doctor,44856,61675,123,0,Corporate Auto,SUV,482,Nevada,F
LN11802,Master,26570,0,100,0,Personal Auto,Luxury,480,California,M
CG92708,College,2951,69600,74,0,Personal Auto,Four-Door Car,341,Nevada,F
TH59993,College,2464,40982,62,0,Corporate Auto,Four-Door Car,106,California,F
WH76688,Bachelor,5555,74015,72,0,Personal Auto,Four-Door Car,471,Oregon,M
NK82261,High School or Below,3199,0,94,0,Personal Auto,Two-Door Car,1121,California,M
FI93397,Bachelor,2776,0,79,0,Personal Auto,Four-Door Car,509,Oregon,F
FO33051,College,16355,29439,146,0,Personal Auto,SUV,700,Arizona,M
ZE40223,College,7329,0,108,0,Personal Auto,Luxury,518,Oregon,M
II49996,Bachelor,5555,74015,72,0,Personal Auto,Four-Door Car,471,Arizona,M
AX71707,College,6383,67881,79,0,Personal Auto,Two-Door Car,391,Arizona,F
GF38306,High School or Below,7758,96162,97,0,Corporate Auto,Four-Door Car,376,Nevada,F
TN54884,College,14932,39049,63,0,Personal Auto,Two-Door Car,294,California,F
DD27635,Doctor,8047,29808,105,1,Personal Auto,SUV,52,Oregon,M
NX84287,Master,10861,65727,134,0,Corporate Auto,SUV,363,California,F
EO38569,High School or Below,2195,0,62,1,Personal Auto,Four-Door Car,446,Washington,F
FF77476,High School or Below,2397,22283,65,0,Corporate Auto,Four-Door Car,572,California,F
CW92156,College,4070,37435,105,0,Personal Auto,SUV,314,Washington,F
XA53408,College,5578,27756,71,0,Corporate Auto,Two-Door Car,735,Oregon,M
CV86445,High School or Below,8139,86876,68,0,Personal Auto,Four-Door Car,118,Arizona,M
TK32843,Bachelor,7444,0,114,0,Personal Auto,Four-Door Car,863,California,M
EV14053,High School or Below,7295,34062,91,0,Corporate Auto,Four-Door Car,603,California,F
IY38767,High School or Below,5325,0,73,0,Personal Auto,Two-Door Car,496,Oregon,M
VJ34494,College,2442,0,69,0,Corporate Auto,Four-Door Car,331,Washington,F
SN36487,College,10307,78358,128,0,Corporate Auto,SUV,614,Arizona,F
SW88021,Bachelor,2461,12222,67,1,Corporate Auto,Two-Door Car,321,California,F
US43945,Bachelor,2521,41247,64,0,Personal Auto,Two-Door Car,307,California,F
QC93181,College,25464,13663,97,0,Corporate Auto,Four-Door Car,465,California,F
XS89049,College,2822,25531,74,0,Personal Auto,Two-Door Car,355,Nevada,F
QR79788,College,5811,58643,74,0,Personal Auto,Four-Door Car,329,Nevada,M
WG51244,Bachelor,21850,48107,190,2,Corporate Auto,Luxury,912,Oregon,M
BF56053,Bachelor,9320,18643,119,0,Corporate Auto,Four-Door Car,571,Washington,F
AN97123,College,22305,0,102,0,Personal Auto,Two-Door Car,401,Nevada,F
VS30147,Master,22118,58645,110,0,Personal Auto,SUV,427,Oregon,M
FY70464,Bachelor,7218,95058,177,0,Personal Auto,SUV,89,Oregon,F
BG19572,Bachelor,6117,0,87,0,Corporate Auto,Four-Door Car,1032,Washington,F
LR43989,High School or Below,4882,19715,66,4,Personal Auto,Four-Door Car,475,Oregon,F
ER10834,Master,2674,68787,66,0,Personal Auto,Four-Door Car,105,Nevada,F
WL46620,Bachelor,7724,29056,66,0,Personal Auto,Two-Door Car,355,Nevada,M
MO27230,College,4708,47829,117,1,Personal Auto,SUV,561,Oregon,F
HD32695,Bachelor,4447,13128,118,0,Personal Auto,Four-Door Car,771,Arizona,F
ED89934,College,4823,58946,121,0,Personal Auto,SUV,486,California,F
WU63862,College,5420,31614,71,0,Personal Auto,Four-Door Car,234,Oregon,M
EW27959,Bachelor,7583,44667,65,0,Personal Auto,Four-Door Car,245,California,F
IG15771,College,3852,0,111,0,Personal Auto,Four-Door Car,937,Oregon,M
PJ84431,High School or Below,7647,91512,189,0,Personal Auto,Luxury,907,California,M
RW46214,High School or Below,5229,26540,69,1,Personal Auto,Four-Door Car,331,Oregon,F
VP91482,Bachelor,3614,0,103,0,Personal Auto,SUV,741,Oregon,M
DZ48278,High School or Below,2853,38798,72,0,Personal Auto,Four-Door Car,332,Nevada,M
HC37968,Bachelor,8543,0,117,0,Personal Auto,Luxury,561,Oregon,F
CQ15251,Bachelor,5150,65629,64,0,Personal Auto,Four-Door Car,89,Oregon,F
QD36906,Master,8723,33291,73,1,Personal Auto,Four-Door Car,172,Nevada,F
BG95711,College,16477,57264,84,1,Personal Auto,Four-Door Car,129,California,F
HR44460,Bachelor,26338,60970,110,0,Personal Auto,SUV,94,California,F
NE57101,College,4244,34220,109,1,Corporate Auto,SUV,523,Oregon,M
UQ34669,Master,5757,88997,72,0,Personal Auto,Four-Door Car,174,Arizona,M
BL42392,Doctor,4826,18779,63,0,Personal Auto,Four-Door Car,215,Arizona,M
WC52068,College,8092,50825,102,0,Corporate Auto,SUV,369,Oregon,M
GB20532,High School or Below,3011,0,86,0,Personal Auto,Four-Door Car,569,Arizona,M
XS74432,High School or Below,8663,29218,72,0,Personal Auto,Four-Door Car,502,California,F
YA10507,High School or Below,2471,95697,61,0,Special Auto,Two-Door Car,114,California,M
NL59273,Doctor,5627,61486,70,0,Personal Auto,Two-Door Car,334,Oregon,F
BZ81849,Bachelor,7494,0,68,0,Personal Auto,Four-Door Car,326,Arizona,F
MF83904,Bachelor,5452,17723,72,0,Personal Auto,Two-Door Car,345,Oregon,F
MH14039,High School or Below,2592,72421,65,0,Personal Auto,Four-Door Car,312,California,M
XJ26467,College,6721,36510,84,0,Personal Auto,Four-Door Car,286,California,F
BC53546,Bachelor,5500,35396,70,0,Personal Auto,Two-Door Car,336,Oregon,M
KB58189,College,2550,69230,63,0,Special Auto,Four-Door Car,283,Oregon,F
FF31523,Master,7771,28054,195,1,Corporate Auto,SUV,571,Washington,F
EE98024,College,4236,25866,109,0,Personal Auto,Four-Door Car,523,California,F
QA50777,Bachelor,9025,23675,117,0,Personal Auto,Four-Door Car,707,Oregon,F
HW36182,Master,2615,0,71,0,Personal Auto,Two-Door Car,340,California,M
SB64064,Bachelor,2396,0,66,2,Personal Auto,Four-Door Car,433,Nevada,F
MY60905,Bachelor,4784,0,68,0,Personal Auto,Two-Door Car,326,California,F
FB77856,College,3873,28142,105,0,Personal Auto,Luxury,701,Nevada,M
XQ93931,College,7806,23706,68,1,Corporate Auto,Four-Door Car,326,Oregon,M
WA74455,College,4717,0,131,0,Personal Auto,SUV,628,Arizona,M
GK98989,Bachelor,5625,0,85,0,Corporate Auto,Four-Door Car,872,Washington,M
VA35421,Master,5182,83527,64,1,Personal Auto,Two-Door Car,39,Nevada,F
BB41401,High School or Below,6005,26876,76,0,Personal Auto,Four-Door Car,364,Arizona,M
RQ16234,High School or Below,9837,55099,122,0,Corporate Auto,Luxury,260,Arizona,F
DO83789,College,5206,71661,65,0,Personal Auto,Four-Door Car,312,Arizona,F
AK46006,Bachelor,36293,18047,242,0,Personal Auto,Luxury,1350,Oregon,M
CJ59481,College,2837,90893,70,0,Personal Auto,Two-Door Car,70,Washington,M
JL86651,College,11785,90016,102,4,Personal Auto,Four-Door Car,20,Nevada,M
AN32867,Bachelor,3124,81285,81,2,Personal Auto,Four-Door Car,441,California,M
AC67315,Bachelor,13862,96950,115,0,Personal Auto,Luxury,633,Nevada,F
XN90444,Doctor,8200,24814,69,0,Special Auto,Two-Door Car,331,California,M
CZ72326,High School or Below,8456,0,90,3,Corporate Auto,Two-Door Car,648,Oregon,F
FG18525,Bachelor,2124,0,61,1,Personal Auto,Two-Door Car,60,Nevada,M
HC25359,Master,9045,52572,113,0,Personal Auto,Four-Door Car,441,Oregon,F
SM39580,Doctor,3187,0,85,0,Corporate Auto,Two-Door Car,595,Arizona,M
UU81720,High School or Below,8113,41701,68,0,Corporate Auto,Four-Door Car,64,California,F
WO53546,College,34039,0,104,0,Personal Auto,Luxury,499,Oregon,M
UH76249,High School or Below,9087,0,80,0,Corporate Auto,Four-Door Car,384,Arizona,M
YP79029,Bachelor,12519,34179,107,0,Corporate Auto,Luxury,770,California,M
HS79851,Bachelor,6057,27681,83,0,Personal Auto,Two-Door Car,398,Oregon,M
YR49519,Bachelor,4967,0,73,0,Corporate Auto,Four-Door Car,359,Arizona,M
AN21193,Bachelor,6933,0,70,1,Personal Auto,Four-Door Car,504,Washington,F
TS98462,High School or Below,22399,78494,69,0,Personal Auto,Two-Door Car,78,Washington,F
OB11898,College,2162,0,66,2,Personal Auto,Two-Door Car,316,Nevada,F
RS85283,Bachelor,21776,56044,182,0,Personal Auto,SUV,952,Oregon,M
NW19960,College,9095,37937,116,0,Personal Auto,SUV,556,Oregon,M
AI11191,High School or Below,4228,77853,106,0,Personal Auto,SUV,165,Arizona,F
PF24757,College,6521,72608,82,3,Personal Auto,Four-Door Car,393,Arizona,F
NY20756,High School or Below,10209,36568,128,0,Personal Auto,SUV,978,California,M
EU98982,High School or Below,7600,0,110,2,Personal Auto,SUV,796,Arizona,M
GL54755,Bachelor,3894,59578,98,1,Corporate Auto,Four-Door Car,403,Washington,F
UF13251,High School or Below,8510,26032,109,0,Personal Auto,SUV,638,Oregon,M
HK16676,High School or Below,2712,39618,68,0,Corporate Auto,Four-Door Car,326,Oregon,M
KF80571,High School or Below,2258,0,65,0,Personal Auto,Four-Door Car,625,Arizona,M
XB43418,College,4815,59438,124,0,Special Auto,SUV,562,California,M
IA78643,High School or Below,8007,0,112,0,Personal Auto,Luxury,537,Washington,F
RI97135,Bachelor,3008,0,87,0,Personal Auto,Four-Door Car,401,Washington,M
HZ52656,Bachelor,2530,89451,63,0,Personal Auto,Four-Door Car,61,Washington,F
BM71358,High School or Below,10787,44695,91,0,Personal Auto,Four-Door Car,147,Arizona,M
DJ42087,High School or Below,11923,24581,101,0,Personal Auto,Four-Door Car,484,California,F
NV98267,Bachelor,5186,0,73,1,Personal Auto,Four-Door Car,194,Arizona,M
YD27780,Bachelor,10103,72334,129,3,Corporate Auto,SUV,412,Arizona,F
DZ38951,High School or Below,6438,19831,83,0,Personal Auto,Four-Door Car,398,Oregon,M
VO84133,High School or Below,3909,40361,98,0,Personal Auto,Four-Door Car,71,California,M
FP86246,Bachelor,13211,74656,111,0,Personal Auto,Four-Door Car,504,California,M
YA37626,Master,14616,25358,126,0,Personal Auto,SUV,750,Oregon,M
XW54288,Bachelor,3732,35461,95,1,Corporate Auto,Four-Door Car,9,California,M
ET81343,Doctor,8750,59047,76,3,Personal Auto,Four-Door Car,364,California,M
CW57351,College,10662,62409,89,0,Personal Auto,Four-Door Car,392,Nevada,F
EV39201,College,3861,93272,95,0,Personal Auto,Four-Door Car,281,California,F
YV40022,College,9807,0,135,0,Personal Auto,Luxury,970,California,F
IX44049,Bachelor,3252,20166,83,0,Personal Auto,Two-Door Car,398,Oregon,M
DI51103,High School or Below,2711,0,74,0,Personal Auto,Four-Door Car,355,Washington,F
AS78838,Bachelor,2453,29735,69,0,Personal Auto,Four-Door Car,331,California,M
YJ16399,High School or Below,11228,0,64,0,Corporate Auto,Four-Door Car,772,California,M
LH52773,High School or Below,23020,97460,114,0,Personal Auto,SUV,660,California,F
XF99212,College,2458,57564,63,1,Personal Auto,Two-Door Car,302,Arizona,M
CL52383,Bachelor,11160,33232,94,0,Special Auto,Four-Door Car,435,Arizona,F
DD28380,College,13118,11854,113,0,Personal Auto,Four-Door Car,807,Arizona,F
CP87192,College,6120,23843,79,0,Personal Auto,Four-Door Car,344,California,F
MH43755,College,13881,17961,181,0,Personal Auto,Luxury,476,Arizona,F
KT38145,College,4787,0,64,0,Personal Auto,Four-Door Car,360,California,F
FU65756,College,8177,54695,103,0,Personal Auto,SUV,494,Arizona,F
YG92601,College,3309,85632,82,0,Personal Auto,Two-Door Car,7,California,M
MZ63755,Bachelor,14635,0,139,0,Personal Auto,SUV,667,California,F
BI33231,High School or Below,5120,0,76,4,Personal Auto,Four-Door Car,277,California,F
ZD71862,High School or Below,19253,39895,160,0,Personal Auto,SUV,765,Oregon,F
VT87641,Bachelor,6646,95815,82,0,Personal Auto,Four-Door Car,393,Washington,F
TN61016,High School or Below,8742,37224,74,0,Personal Auto,Four-Door Car,355,California,F
PX27645,Bachelor,8467,0,122,0,Personal Auto,SUV,1100,California,M
IS53899,College,6992,94652,86,0,Personal Auto,Four-Door Car,412,Nevada,F
KC69320,Bachelor,13037,28582,112,0,Personal Auto,Luxury,537,Arizona,F
WR86431,High School or Below,10883,91123,138,3,Corporate Auto,SUV,103,Nevada,F
TY27229,Bachelor,9114,85942,116,2,Personal Auto,Four-Door Car,79,Arizona,M
LC42182,High School or Below,30442,64321,253,0,Personal Auto,Luxury,422,Nevada,F
SZ64974,Doctor,5104,77025,64,2,Personal Auto,Two-Door Car,380,Arizona,M
AH89786,High School or Below,2174,16997,65,3,Personal Auto,Two-Door Car,468,Oregon,M
QO70290,Bachelor,9890,52408,125,0,Personal Auto,Luxury,179,California,M
IR78670,Bachelor,8719,0,116,1,Personal Auto,Four-Door Car,556,California,M
OU24549,Bachelor,8516,37573,112,3,Corporate Auto,SUV,537,Nevada,M
OO96263,High School or Below,11606,45893,97,0,Personal Auto,Two-Door Car,465,Nevada,F
SY86059,High School or Below,3731,0,96,0,Corporate Auto,Four-Door Car,460,California,F
JZ76788,College,3303,29385,88,2,Personal Auto,Two-Door Car,422,Nevada,M
AB23825,College,8888,21509,81,1,Personal Auto,Two-Door Car,413,California,M
BH61137,Bachelor,8173,68144,70,4,Personal Auto,Four-Door Car,336,Arizona,F
QW21716,Bachelor,4923,31093,63,0,Personal Auto,Four-Door Car,302,Nevada,M
IU95336,High School or Below,2823,24350,73,3,Corporate Auto,Four-Door Car,350,Arizona,M
TY22591,College,7824,32823,100,0,Personal Auto,SUV,480,Washington,M
VR18539,College,8311,44843,105,0,Personal Auto,SUV,391,Washington,M
GD89605,Master,5384,59364,67,0,Corporate Auto,Four-Door Car,321,Oregon,F
RD47708,College,3978,39101,99,0,Personal Auto,Four-Door Car,167,Oregon,M
XH47201,High School or Below,6237,0,90,1,Personal Auto,Two-Door Car,432,California,M
TW62773,High School or Below,6969,27604,92,1,Corporate Auto,Two-Door Car,441,Washington,F
QP77560,High School or Below,5024,91603,64,5,Personal Auto,Four-Door Car,307,California,F
QV66305,Master,8414,59828,104,0,Personal Auto,SUV,499,Washington,F
WC83676,College,2801,33247,72,0,Special Auto,Four-Door Car,284,Nevada,M
QD98396,College,5010,45867,126,0,Personal Auto,Luxury,604,California,M
AM36670,College,4997,54827,64,0,Personal Auto,Four-Door Car,132,California,F
CJ78727,Bachelor,2236,0,64,3,Corporate Auto,Two-Door Car,307,California,F
GN61665,Bachelor,10934,47170,139,0,Corporate Auto,Luxury,667,Arizona,M
HY49431,Bachelor,3289,21947,83,0,Personal Auto,Four-Door Car,366,California,F
IK82336,College,14014,39018,117,0,Personal Auto,SUV,561,Oregon,F
WA16954,Master,5604,20252,71,0,Personal Auto,Four-Door Car,198,Arizona,M
QD69852,Bachelor,2912,0,88,0,Personal Auto,Four-Door Car,633,Oregon,M
XG47945,Master,5616,48602,70,0,Corporate Auto,Two-Door Car,487,Oregon,M
UV57184,Bachelor,7504,97849,62,0,Special Auto,Four-Door Car,183,California,F
JU55710,College,3746,41479,94,1,Personal Auto,Two-Door Car,19,Oregon,F
PT50287,Bachelor,2959,69746,74,0,Personal Auto,Four-Door Car,225,Oregon,F
AB73565,Bachelor,7725,96748,96,0,Personal Auto,Two-Door Car,460,California,M
PK20739,Bachelor,13248,25074,112,0,Personal Auto,Two-Door Car,537,Oregon,M
XI85062,Master,2717,66463,68,0,Personal Auto,Two-Door Car,326,Nevada,M
KA77514,High School or Below,2734,34865,69,0,Corporate Auto,Four-Door Car,255,Washington,M
ND80148,College,9199,37399,116,0,Personal Auto,Four-Door Car,392,California,M
AK72422,College,29049,21070,195,0,Corporate Auto,Luxury,1404,California,M
LN49978,Bachelor,4956,31562,66,4,Personal Auto,Four-Door Car,316,Oregon,F
RZ80299,Master,5574,54684,71,2,Personal Auto,Four-Door Car,487,California,F
QU53781,High School or Below,9192,37388,117,0,Corporate Auto,SUV,561,Oregon,M
MD70013,Bachelor,3878,84981,96,0,Personal Auto,Four-Door Car,4,Nevada,F
QD97878,Master,4419,24046,116,0,Personal Auto,Two-Door Car,556,Nevada,M
WK24299,High School or Below,4772,20993,133,0,Personal Auto,SUV,638,California,M
RJ45123,College,9101,48029,116,0,Personal Auto,SUV,556,Oregon,M
HM33037,Bachelor,7609,16233,197,0,Personal Auto,Luxury,1418,Arizona,M
QY70905,College,2668,30718,67,1,Personal Auto,Two-Door Car,321,Arizona,M
YL86561,High School or Below,5141,60277,65,0,Personal Auto,Four-Door Car,146,Oregon,M
LK40971,Bachelor,7451,0,107,0,Personal Auto,SUV,770,California,M
UI44314,Bachelor,2620,31911,68,0,Personal Auto,Four-Door Car,245,Arizona,M
NN44612,Bachelor,4909,61402,62,0,Personal Auto,Two-Door Car,252,Nevada,F
MA37431,College,8023,34335,101,0,Corporate Auto,Two-Door Car,484,California,F
DP57381,College,20446,71467,86,0,Personal Auto,Two-Door Car,324,Nevada,M
PX45824,College,4966,0,74,0,Personal Auto,Four-Door Car,532,Washington,M
OG17838,High School or Below,3549,36168,90,0,Personal Auto,Four-Door Car,432,Washington,M
WG37485,College,5350,58357,137,2,Personal Auto,Luxury,708,Oregon,F
RV95842,College,8065,29692,77,0,Personal Auto,Four-Door Car,449,California,M
NG13451,High School or Below,7892,29215,67,0,Personal Auto,Four-Door Car,327,Oregon,M
UQ82778,High School or Below,4540,0,61,0,Personal Auto,Two-Door Car,486,Oregon,F
ZG16710,High School or Below,2852,26841,74,1,Personal Auto,Four-Door Car,418,Washington,M
OT53330,Bachelor,10720,34837,139,1,Personal Auto,SUV,667,Arizona,F
LZ12396,Bachelor,4795,33068,61,1,Personal Auto,Four-Door Car,213,Arizona,F
UU77151,College,5182,44820,133,3,Personal Auto,Luxury,336,Washington,F
CD71877,Bachelor,22620,49564,193,0,Corporate Auto,Luxury,286,Nevada,F
PA95799,College,2320,19581,61,0,Personal Auto,Four-Door Car,377,Arizona,M
FK28721,High School or Below,7714,0,74,0,Corporate Auto,Two-Door Car,532,Oregon,M
CM42637,Bachelor,7880,23129,70,0,Personal Auto,Four-Door Car,491,Oregon,M
CI47242,Bachelor,9029,0,138,0,Personal Auto,SUV,1376,Washington,M
FE46445,High School or Below,6965,25411,86,0,Personal Auto,Four-Door Car,242,Arizona,F
PD32854,High School or Below,15114,28513,100,1,Personal Auto,SUV,480,Arizona,F
GV35061,High School or Below,22523,69346,63,1,Special Auto,Two-Door Car,246,Oregon,M
BG44829,High School or Below,10760,74835,133,0,Corporate Auto,SUV,107,Oregon,F
RH83684,Master,5808,43282,72,0,Personal Auto,Two-Door Car,166,Oregon,F
SB82356,Bachelor,30591,11276,91,1,Corporate Auto,Four-Door Car,436,Nevada,F
TW49116,College,2220,0,62,2,Personal Auto,Four-Door Car,311,Nevada,M
RJ39700,Bachelor,4914,10037,71,0,Personal Auto,Four-Door Car,292,Oregon,M
LO40410,Doctor,2395,21986,63,0,Personal Auto,Two-Door Car,333,Oregon,F
SX85653,Doctor,5522,85609,136,0,Personal Auto,SUV,652,Arizona,F
PH91033,College,15808,86347,130,0,Personal Auto,Luxury,593,Oregon,M
LC69427,College,2827,20368,72,0,Corporate Auto,Four-Door Car,345,Oregon,F
MZ85889,Master,5421,25778,68,0,Corporate Auto,Two-Door Car,20,California,F
GL82358,High School or Below,2514,43860,65,0,Corporate Auto,Four-Door Car,156,Nevada,F
AM94127,College,5157,93303,65,0,Corporate Auto,Four-Door Car,40,Oregon,M
TO19482,High School or Below,4874,67467,61,0,Personal Auto,Two-Door Car,365,Oregon,M
WA68850,High School or Below,4198,30598,106,0,Personal Auto,SUV,508,Arizona,M
ER97256,College,5380,55350,67,0,Personal Auto,Four-Door Car,321,Arizona,F
CK85904,High School or Below,13466,11432,119,0,Corporate Auto,SUV,571,California,F
GH30325,College,2424,27093,61,0,Personal Auto,Four-Door Car,292,Oregon,M
LG98245,Bachelor,3823,0,108,0,Personal Auto,SUV,777,Nevada,M
KW31376,High School or Below,13883,0,197,0,Corporate Auto,Luxury,1418,Oregon,F
XZ45224,College,2438,38961,62,0,Corporate Auto,Two-Door Car,297,Oregon,F
HD56196,Doctor,34090,51840,94,0,Corporate Auto,Two-Door Car,33,Oregon,F
EM39400,Bachelor,2840,79181,72,0,Personal Auto,Four-Door Car,241,Nevada,M
FP39090,Bachelor,24127,14072,71,0,Special Auto,Four-Door Car,511,Oregon,M
CE17166,College,7596,56225,97,0,Personal Auto,Four-Door Car,465,California,M
HF67477,High School or Below,15096,14909,199,0,Personal Auto,Luxury,1238,Washington,M
GJ79432,High School or Below,6005,26876,76,0,Personal Auto,Four-Door Car,364,Nevada,M
ZE17448,College,3455,68401,88,0,Personal Auto,Four-Door Car,242,Oregon,M
SK65854,College,5728,29730,72,0,Personal Auto,Four-Door Car,463,Nevada,F
RT23641,High School or Below,5163,35577,130,0,Personal Auto,SUV,574,Oregon,F
PY79113,Master,2602,41958,66,1,Corporate Auto,Four-Door Car,206,California,M
EP61197,Master,32643,77915,115,0,Personal Auto,Four-Door Car,552,Oregon,F
IL12516,Bachelor,2789,15514,74,0,Corporate Auto,Four-Door Car,355,Oregon,F
BF55854,College,11250,29505,284,0,Personal Auto,Luxury,1979,Nevada,F
GP19791,College,16510,31356,68,0,Personal Auto,Two-Door Car,326,California,F
II16403,College,7607,31456,199,0,Personal Auto,Luxury,436,California,F
SS28002,High School or Below,5603,95284,69,0,Personal Auto,Four-Door Car,327,Arizona,F
VT97066,High School or Below,6674,0,98,0,Personal Auto,Two-Door Car,931,Nevada,M
FH97700,Bachelor,4049,62864,104,0,Personal Auto,Two-Door Car,171,Washington,F
NB96938,College,4958,22842,65,0,Personal Auto,Four-Door Car,468,Oregon,M
HY32811,Bachelor,7850,67186,66,0,Personal Auto,Four-Door Car,184,California,F
MB69465,High School or Below,6382,0,87,0,Personal Auto,Four-Door Car,417,Arizona,M
LE12086,College,5737,68946,71,0,Personal Auto,Four-Door Car,309,Oregon,F
IO89174,Bachelor,7688,56680,100,2,Personal Auto,SUV,480,Oregon,F
DB26077,High School or Below,4873,18866,126,0,Personal Auto,SUV,604,Arizona,F
NB98740,High School or Below,2824,82875,70,0,Personal Auto,Four-Door Car,455,California,F
EL82767,College,3722,0,109,2,Personal Auto,SUV,523,Arizona,F
AK54675,Bachelor,5535,84863,138,0,Corporate Auto,SUV,691,California,F
EW67766,College,4727,0,127,0,Personal Auto,SUV,609,California,F
JS36743,Bachelor,2378,54753,61,0,Personal Auto,Four-Door Car,292,California,M
TV20901,College,9337,76381,116,0,Special Auto,Two-Door Car,556,California,F
LQ20969,Bachelor,6189,59523,78,1,Personal Auto,Four-Door Car,343,California,M
BZ33435,Bachelor,5638,56017,71,0,Corporate Auto,Four-Door Car,51,Arizona,F
OA55110,Master,5264,14306,74,3,Corporate Auto,Four-Door Car,355,Arizona,M
YJ42538,Bachelor,4035,21359,101,0,Personal Auto,Luxury,484,Arizona,F
XB64207,Bachelor,4117,86101,102,0,Personal Auto,SUV,344,Arizona,F
KZ80424,Bachelor,8382,25998,71,0,Personal Auto,Four-Door Car,791,Washington,M
BC34309,Master,2435,64341,61,0,Personal Auto,Four-Door Car,79,California,F
JC34468,High School or Below,6599,36060,165,0,Special Auto,Luxury,774,California,F
ON34922,High School or Below,5353,61894,67,0,Personal Auto,Four-Door Car,266,Oregon,M
MQ93707,High School or Below,6747,26721,65,3,Personal Auto,Four-Door Car,312,Oregon,M
SY28542,Bachelor,7412,59940,94,0,Personal Auto,Four-Door Car,303,Nevada,F
RA29518,Master,5512,45971,138,0,Special Auto,SUV,139,Washington,M
No34698,Bachelor,4015,80055,100,0,Corporate Auto,SUV,121,Oregon,M
VK37392,College,7772,58345,98,0,Personal Auto,Four-Door Car,346,Arizona,M
LJ43082,College,4638,0,71,3,Personal Auto,Two-Door Car,143,Oregon,F
FI90697,Bachelor,10507,76549,132,0,Personal Auto,SUV,616,Oregon,M
DR93103,Master,17556,36212,73,0,Personal Auto,Two-Door Car,119,Arizona,F
XR37151,Bachelor,9103,0,131,0,Personal Auto,Luxury,628,California,F
ZZ43513,High School or Below,13110,73597,114,5,Personal Auto,SUV,485,California,M
QW81912,High School or Below,8006,63762,99,0,Personal Auto,Four-Door Car,108,California,F
AZ50087,Bachelor,6807,32787,86,0,Personal Auto,Two-Door Car,568,California,M
HQ87008,Bachelor,2627,94962,67,4,Personal Auto,Two-Door Car,321,California,F
FM30352,High School or Below,9095,0,256,0,Personal Auto,Luxury,1943,Oregon,F
PD30266,College,5015,73809,125,0,Special Auto,SUV,537,California,F
GA50461,Bachelor,4726,13037,124,0,Personal Auto,SUV,839,Oregon,F
FY84962,High School or Below,3059,0,88,0,Personal Auto,Four-Door Car,989,California,M
GT14584,College,4122,75272,103,0,Personal Auto,SUV,71,Oregon,F
IA87250,Master,2620,39278,66,0,Personal Auto,Four-Door Car,65,Arizona,F
MM67983,Bachelor,4938,36913,62,0,Personal Auto,Four-Door Car,90,Oregon,M
MW40110,Bachelor,4691,0,74,1,Personal Auto,Four-Door Car,407,California,M
SH93005,College,6005,13528,86,0,Personal Auto,Four-Door Car,412,California,M
KD69941,Bachelor,4941,0,137,0,Personal Auto,SUV,986,California,M
JV38934,Bachelor,2254,0,65,1,Personal Auto,Four-Door Car,768,Washington,F
XI16714,High School or Below,2554,0,72,0,Corporate Auto,Four-Door Car,405,Arizona,F
DG68667,Doctor,8123,12617,108,0,Personal Auto,SUV,648,Arizona,M
AR40217,High School or Below,19079,42754,65,4,Personal Auto,Two-Door Car,279,Oregon,F
IM73868,College,10461,0,155,0,Corporate Auto,Luxury,1116,Oregon,M
BR44176,High School or Below,4669,76157,116,0,Personal Auto,Two-Door Car,556,California,F
MY51849,Bachelor,4903,0,66,0,Personal Auto,Four-Door Car,469,Oregon,F
FQ61281,High School or Below,83325,58958,231,0,Personal Auto,Luxury,1108,Oregon,M
NJ72300,Bachelor,8009,0,107,0,Personal Auto,SUV,740,Oregon,F
YO81740,Bachelor,23895,0,98,0,Personal Auto,Four-Door Car,705,Oregon,F
WM25415,High School or Below,7732,34430,65,0,Personal Auto,Two-Door Car,184,Oregon,F
GU41036,High School or Below,9416,13411,127,0,Personal Auto,SUV,609,Oregon,M
NN66592,Bachelor,5923,73758,74,0,Personal Auto,Four-Door Car,301,California,M
TO29918,High School or Below,3833,0,116,2,Personal Auto,Luxury,1397,California,F
PF53601,Bachelor,28432,17130,198,0,Special Auto,Luxury,950,Oregon,M
TF61492,College,5553,0,92,3,Personal Auto,Four-Door Car,662,Washington,F
PD52748,High School or Below,10036,0,134,1,Personal Auto,SUV,1353,Oregon,F
TF68928,Bachelor,6575,10517,92,0,Personal Auto,Four-Door Car,441,Arizona,M
VZ79366,College,4362,58842,110,0,Personal Auto,Four-Door Car,528,California,M
SQ53118,College,7873,22355,71,3,Personal Auto,Four-Door Car,340,California,M
QZ56257,High School or Below,13021,0,223,5,Personal Auto,Luxury,1605,Washington,F
ZI34278,Bachelor,4492,21137,61,1,Personal Auto,Four-Door Car,292,Arizona,F
ZB82406,Bachelor,6650,0,99,2,Personal Auto,Four-Door Car,712,Oregon,F
OP93305,High School or Below,11093,78255,95,0,Personal Auto,Four-Door Car,456,California,M
CK31454,Bachelor,5107,35625,65,1,Special Auto,Four-Door Car,288,Arizona,F
FX81675,College,7334,87957,61,0,Personal Auto,Four-Door Car,308,California,F
BK85520,College,4996,25915,64,0,Corporate Auto,Two-Door Car,317,Oregon,F
KB18303,College,8658,62464,109,0,Corporate Auto,Luxury,400,California,M
GX47381,High School or Below,9657,0,131,0,Corporate Auto,SUV,628,California,M
RX31862,High School or Below,6176,49529,78,0,Personal Auto,Two-Door Car,234,California,M
YQ58965,Bachelor,2867,23376,78,0,Personal Auto,Four-Door Car,374,California,F
HG60406,College,2821,0,81,0,Personal Auto,Four-Door Car,583,California,M
BC52397,College,2843,67952,71,0,Personal Auto,Two-Door Car,167,Arizona,M
AR69517,College,11790,25251,66,0,Corporate Auto,Four-Door Car,316,California,M
JJ23168,High School or Below,7785,20497,65,0,Personal Auto,Four-Door Car,425,Arizona,F
NB39218,High School or Below,12315,68420,104,1,Personal Auto,Four-Door Car,499,California,M
FP95606,College,4810,24711,122,0,Personal Auto,Luxury,259,Arizona,F
YP27180,College,27279,76530,119,4,Personal Auto,SUV,254,California,F
JK74110,High School or Below,3980,98333,99,1,Personal Auto,Four-Door Car,459,California,M
MC85738,Bachelor,14635,0,139,0,Personal Auto,SUV,667,California,F
CE78778,College,3761,0,106,1,Personal Auto,Four-Door Car,1116,Oregon,F
LT72149,High School or Below,5619,0,153,0,Personal Auto,SUV,1027,Nevada,M
ZC89812,Bachelor,5304,0,74,0,Personal Auto,Four-Door Car,532,Arizona,M
GF68713,Bachelor,3207,24695,82,0,Personal Auto,Four-Door Car,393,Oregon,M
HB23001,Bachelor,8697,26287,111,0,Personal Auto,Two-Door Car,279,California,M
DH99299,College,8717,83846,74,3,Personal Auto,Four-Door Car,355,California,M
RA61917,High School or Below,8029,76081,68,0,Personal Auto,Four-Door Car,384,Washington,F
KM65135,College,4763,14957,66,0,Corporate Auto,Four-Door Car,316,Oregon,M
RR37482,High School or Below,23055,41727,117,1,Personal Auto,Four-Door Car,82,Washington,M
WM24870,College,5383,89092,68,2,Personal Auto,Two-Door Car,91,Nevada,F
EC78254,College,8409,53986,70,1,Corporate Auto,Four-Door Car,127,Washington,F
CQ19667,Bachelor,4257,49853,109,0,Personal Auto,Four-Door Car,679,Oregon,F
AY43037,High School or Below,14708,36670,189,0,Corporate Auto,Luxury,907,Oregon,M
GN36177,Bachelor,2593,43626,67,0,Personal Auto,Two-Door Car,321,Nevada,M
VL36269,High School or Below,2466,0,70,0,Special Auto,Four-Door Car,504,Washington,F
UA58104,College,7933,76505,65,0,Personal Auto,Four-Door Car,144,California,F
GR12431,College,36860,66216,103,0,Personal Auto,Luxury,96,California,F
IV37346,College,7412,52497,63,0,Corporate Auto,Two-Door Car,302,Oregon,F
VU99589,High School or Below,34611,20090,109,0,Personal Auto,Luxury,523,Arizona,F
VV61641,High School or Below,18726,0,185,2,Personal Auto,SUV,1543,Oregon,F
ZY26831,Bachelor,7249,37751,93,0,Corporate Auto,Four-Door Car,56,California,F
IP84574,College,8193,54840,72,3,Corporate Auto,Four-Door Car,468,Oregon,F
XF33416,College,8692,31986,111,0,Personal Auto,Four-Door Car,532,Oregon,F
PV62583,College,9799,22166,126,0,Personal Auto,SUV,604,Nevada,M
QK29271,Bachelor,14084,0,208,0,Corporate Auto,Luxury,2270,California,M
ZF58696,High School or Below,13104,0,130,0,Personal Auto,Luxury,1430,California,M
PK37320,Master,2628,83838,65,0,Personal Auto,Two-Door Car,281,Oregon,F
EP35930,Master,5245,46061,65,0,Personal Auto,Two-Door Car,21,Oregon,F
TS34391,College,8092,50825,102,0,Personal Auto,SUV,369,Oregon,M
ST65635,College,2719,14030,72,0,Corporate Auto,Two-Door Car,345,Arizona,F
AQ25590,High School or Below,5445,20282,79,3,Personal Auto,Two-Door Car,507,Washington,F
QK37708,Bachelor,4514,50146,116,1,Personal Auto,SUV,759,California,M
EY83434,High School or Below,22029,0,121,0,Personal Auto,SUV,580,Washington,M
DQ55516,Bachelor,5408,20472,139,0,Corporate Auto,SUV,667,California,F
KS72802,Master,3768,85751,93,0,Corporate Auto,Four-Door Car,391,Oregon,F
PE32165,High School or Below,27934,76912,116,2,Corporate Auto,Luxury,169,California,F
XO78284,Master,3887,96335,97,0,Personal Auto,Four-Door Car,161,Arizona,M
HS39343,Bachelor,7475,29633,196,0,Corporate Auto,Luxury,534,Washington,F
ZF77631,Master,22758,80540,63,0,Personal Auto,Four-Door Car,65,California,M
ZE60021,High School or Below,5124,14465,135,1,Corporate Auto,Luxury,944,Nevada,F
IU15885,Bachelor,4900,0,66,0,Personal Auto,Four-Door Car,316,Washington,F
HI16116,Master,5278,29899,66,0,Personal Auto,Four-Door Car,419,Oregon,F
WH41496,College,4821,0,136,0,Personal Auto,SUV,652,Washington,M
IQ24777,Bachelor,8044,71391,67,0,Personal Auto,Four-Door Car,284,Nevada,M
CA55066,High School or Below,12157,57449,103,0,Personal Auto,Four-Door Car,494,Arizona,M
LG87047,High School or Below,18591,14209,62,0,Personal Auto,Four-Door Car,297,California,M
TK38732,High School or Below,4873,47824,129,3,Personal Auto,SUV,546,Oregon,M
KH94432,Doctor,5338,48696,66,0,Corporate Auto,Four-Door Car,48,Arizona,F
ID21652,Bachelor,2878,79189,71,0,Personal Auto,Two-Door Car,56,Washington,F
RV90030,High School or Below,8473,0,116,2,Special Auto,Luxury,1148,California,F
CK36026,Bachelor,3440,23870,91,0,Personal Auto,Two-Door Car,500,Arizona,F
UR27848,College,17497,0,73,0,Personal Auto,Two-Door Car,350,California,M
KP68957,Bachelor,2544,41059,64,0,Corporate Auto,Four-Door Car,151,California,F
LC86277,High School or Below,3336,19447,89,0,Corporate Auto,Four-Door Car,640,Oregon,M
UW55977,Bachelor,5206,94392,65,1,Personal Auto,Four-Door Car,156,Washington,M
RE46032,College,43290,23203,132,0,Personal Auto,SUV,1158,Nevada,M
CG69038,College,4817,38157,61,0,Personal Auto,Two-Door Car,81,Washington,M
IR73545,College,13727,0,126,0,Personal Auto,SUV,604,Oregon,M
CR85257,High School or Below,4996,99761,63,0,Corporate Auto,Two-Door Car,452,Oregon,M
JX88012,College,7960,98350,101,3,Corporate Auto,SUV,289,Oregon,F
ED44765,High School or Below,7367,25318,63,2,Personal Auto,Four-Door Car,302,Oregon,F
TW81986,Bachelor,5632,51721,139,0,Personal Auto,SUV,625,Arizona,F
HA56889,Bachelor,3884,0,114,0,Personal Auto,Luxury,851,Nevada,F
EB72669,Bachelor,4518,0,78,3,Personal Auto,Four-Door Car,374,California,M
CH95772,College,2565,68321,66,0,Personal Auto,Four-Door Car,198,California,M
OZ62735,Bachelor,15487,69161,129,0,Personal Auto,Luxury,441,Arizona,M
UN50538,Bachelor,6395,72667,80,0,Personal Auto,Four-Door Car,383,Oregon,F
JS76871,High School or Below,8639,62082,72,0,Corporate Auto,Four-Door Car,91,Oregon,M
UG42487,High School or Below,9806,0,87,0,Personal Auto,Four-Door Car,626,Arizona,F
TB56369,Bachelor,12472,36551,107,0,Personal Auto,Four-Door Car,53,California,F
ZN27753,Bachelor,5794,70524,73,0,Personal Auto,Four-Door Car,350,Oregon,M
FH22442,High School or Below,2619,60477,65,0,Corporate Auto,Four-Door Car,139,California,F
LV81383,High School or Below,3731,0,96,0,Personal Auto,Four-Door Car,460,Washington,F
HI34993,High School or Below,5421,40376,69,0,Personal Auto,Four-Door Car,427,Oregon,M
KW59167,College,6521,72608,82,3,Personal Auto,Four-Door Car,393,Oregon,F
BL44722,High School or Below,41787,46587,119,2,Personal Auto,Four-Door Car,571,Nevada,F
QV11152,High School or Below,9613,34398,61,1,Personal Auto,Two-Door Car,292,Arizona,M
SG53084,Bachelor,4766,70432,61,3,Personal Auto,Four-Door Car,6,California,F
EZ30537,Doctor,23984,79655,296,0,Personal Auto,Luxury,498,Oregon,F
AY35050,College,7292,0,98,0,Personal Auto,Two-Door Car,470,Arizona,F
UQ59692,Bachelor,21255,73457,133,1,Personal Auto,SUV,198,California,F
JF11031,College,5357,0,82,0,Personal Auto,Four-Door Car,393,California,M
DE53644,Bachelor,5192,23059,66,0,Personal Auto,Two-Door Car,372,California,F
KR53335,Bachelor,7116,0,66,0,Personal Auto,Four-Door Car,316,Washington,F
AJ89108,Bachelor,11009,51643,283,0,Personal Auto,Luxury,1358,California,F
MZ10085,High School or Below,4328,72531,109,1,Personal Auto,Luxury,523,Nevada,M
EV68966,College,9419,87840,118,1,Personal Auto,SUV,161,California,M
PS28082,High School or Below,2592,57563,66,0,Personal Auto,Four-Door Car,316,Arizona,M
MX89333,Bachelor,2554,0,72,2,Personal Auto,Two-Door Car,345,Arizona,M
OE14751,Doctor,3528,31278,92,4,Personal Auto,Two-Door Car,441,Oregon,M
YI73667,College,5340,0,72,0,Personal Auto,Four-Door Car,345,Nevada,F
AX70794,High School or Below,2449,47122,62,0,Personal Auto,Two-Door Car,297,California,M
BF69918,High School or Below,5666,0,77,0,Personal Auto,Four-Door Car,534,Oregon,M
KE61355,High School or Below,5272,60260,66,0,Corporate Auto,Four-Door Car,328,Oregon,F
HG65194,College,8672,0,125,0,Personal Auto,SUV,600,Oregon,F
GV68933,High School or Below,7679,12677,101,0,Personal Auto,SUV,500,Arizona,M
LM76366,High School or Below,2999,28564,76,0,Corporate Auto,Two-Door Car,364,Nevada,M
PS57128,Bachelor,3834,41341,99,0,Personal Auto,Four-Door Car,240,California,F
AH55475,College,33053,44246,122,3,Personal Auto,SUV,585,Arizona,M
LE91297,Master,5175,0,71,0,Personal Auto,Four-Door Car,340,Oregon,M
IF18508,High School or Below,7950,70610,99,0,Personal Auto,Four-Door Car,240,California,F
YE87442,High School or Below,9935,34831,124,0,Personal Auto,SUV,595,Arizona,F
QD85803,Bachelor,7861,30374,99,0,Personal Auto,Four-Door Car,304,California,F
SF25048,College,8092,50825,102,0,Personal Auto,SUV,369,California,M
FH39423,Master,5539,80727,68,0,Personal Auto,Four-Door Car,98,Oregon,F
LW43630,Bachelor,9628,71269,80,0,Personal Auto,Four-Door Car,350,California,F
XO17798,High School or Below,5827,45794,74,0,Personal Auto,Four-Door Car,449,Washington,M
IN15077,High School or Below,4807,99874,119,0,Corporate Auto,Luxury,307,California,M
NE16405,Bachelor,2582,76731,64,0,Personal Auto,Four-Door Car,201,California,F
TU82820,Master,4475,73019,112,0,Corporate Auto,SUV,537,California,M
FR26341,Master,2399,19112,62,0,Personal Auto,Four-Door Car,259,Oregon,M
MT27589,College,7840,58414,210,2,Corporate Auto,Luxury,1008,Oregon,M
UG72692,Bachelor,2378,0,70,0,Personal Auto,Four-Door Car,734,Oregon,M
MP95255,High School or Below,3919,66676,97,0,Personal Auto,Four-Door Car,558,California,F
EM16179,College,8274,69011,70,0,Personal Auto,Four-Door Car,336,Arizona,F
DR77208,Bachelor,9538,0,85,0,Personal Auto,Two-Door Car,58,California,M
PR31509,Bachelor,5331,0,71,0,Personal Auto,Four-Door Car,340,Nevada,M
SE33381,Bachelor,4531,0,126,0,Corporate Auto,SUV,907,Arizona,F
BW43011,High School or Below,3834,0,112,0,Personal Auto,SUV,806,California,M
YP96182,Master,2726,31385,69,0,Personal Auto,Four-Door Car,68,Oregon,M
WI58274,College,8238,68261,102,0,Personal Auto,Luxury,84,Oregon,F
YF26585,High School or Below,4758,92324,119,2,Corporate Auto,Luxury,603,Nevada,M
UH76090,Bachelor,8818,0,136,4,Personal Auto,SUV,1237,California,F
VF36700,Master,24278,20983,97,1,Personal Auto,Four-Door Car,451,Oregon,F
CS32416,Bachelor,5595,68004,72,0,Corporate Auto,Two-Door Car,416,Oregon,M
AT18041,High School or Below,2682,63471,67,0,Personal Auto,Two-Door Car,387,California,F
TB54645,Bachelor,3033,27369,77,0,Personal Auto,Four-Door Car,331,Oregon,F
LX11170,High School or Below,4862,36839,61,0,Personal Auto,Four-Door Car,152,Oregon,F
RO43614,Bachelor,2128,0,65,2,Personal Auto,Four-Door Car,312,Washington,F
QS36363,High School or Below,12655,26149,157,0,Personal Auto,SUV,753,Arizona,F
FX72157,High School or Below,8556,52440,109,0,Corporate Auto,Four-Door Car,371,Oregon,F
XC43591,College,12880,24571,109,0,Personal Auto,Four-Door Car,523,Oregon,M
PJ71030,High School or Below,3049,0,90,0,Special Auto,Four-Door Car,432,Oregon,M
JH14651,Master,3237,60244,83,3,Personal Auto,Four-Door Car,326,Washington,M
YG42297,College,5248,0,72,0,Personal Auto,Four-Door Car,216,Arizona,M
TY31217,Bachelor,11009,51643,283,0,Personal Auto,Luxury,1358,Washington,F
KU69274,High School or Below,14267,17157,123,0,Personal Auto,SUV,770,Arizona,F
MU53420,High School or Below,5325,0,73,0,Personal Auto,Two-Door Car,496,Oregon,M
RE36747,High School or Below,3034,17308,82,0,Personal Auto,Four-Door Car,874,Nevada,M
IN78205,College,8329,0,118,0,Personal Auto,SUV,849,Arizona,F
AH39293,College,2616,72302,66,0,Personal Auto,Two-Door Car,316,California,M
IF30418,Master,2574,34990,65,0,Personal Auto,Four-Door Car,42,California,F
QH51455,College,4004,0,107,0,Personal Auto,Four-Door Car,513,Arizona,M
UZ60774,Bachelor,6051,0,87,1,Personal Auto,Four-Door Car,626,Nevada,F
AD63766,Bachelor,2839,0,81,0,Personal Auto,Two-Door Car,388,Oregon,M
MN19541,College,1994,0,61,0,Personal Auto,Four-Door Car,393,Arizona,M
SF38922,College,11944,33760,102,0,Personal Auto,SUV,123,Oregon,M
ST91578,Master,6466,0,90,0,Personal Auto,Four-Door Car,144,California,M
AP52565,High School or Below,6746,70328,84,0,Corporate Auto,Four-Door Car,293,Arizona,F
BT68954,Bachelor,3561,0,99,0,Special Auto,Four-Door Car,712,Oregon,M
NU93648,Bachelor,20774,0,63,0,Corporate Auto,Two-Door Car,243,Arizona,M
OU60143,Bachelor,3939,60021,99,0,Corporate Auto,Four-Door Car,882,Oregon,F
EC51047,Bachelor,8915,31991,81,3,Personal Auto,Four-Door Car,548,California,F
EV46476,Bachelor,8084,20169,112,1,Personal Auto,SUV,537,California,M
HB59616,College,4502,0,64,0,Personal Auto,Two-Door Car,307,Washington,F
RA34556,High School or Below,4877,20178,69,2,Corporate Auto,Four-Door Car,331,California,M
NB87421,High School or Below,8294,78189,103,0,Corporate Auto,Four-Door Car,99,Arizona,M
HR64765,High School or Below,8485,0,244,0,Personal Auto,Luxury,1756,Washington,M
FM70419,College,4740,0,72,1,Personal Auto,Four-Door Car,518,Oregon,M
GX51965,High School or Below,8564,95697,107,0,Personal Auto,Luxury,178,California,M
OS75351,College,2393,0,70,0,Personal Auto,Four-Door Car,425,Oregon,M
TU25694,High School or Below,2458,0,70,0,Personal Auto,Four-Door Car,504,Oregon,M
JS90115,High School or Below,19597,64559,62,0,Personal Auto,Four-Door Car,107,Nevada,F
KW93227,College,21892,58149,61,0,Special Auto,Four-Door Car,292,Washington,M
SU41739,College,8728,0,124,0,Personal Auto,SUV,473,California,M
TV75816,High School or Below,2386,70911,63,3,Corporate Auto,Two-Door Car,302,Oregon,M
RS54064,High School or Below,21892,78337,62,2,Corporate Auto,Two-Door Car,36,Washington,M
OB63331,Doctor,2813,50397,70,0,Corporate Auto,Four-Door Car,350,Arizona,F
TI58610,Master,2996,51199,74,0,Corporate Auto,Four-Door Car,355,Arizona,F
TJ82551,Bachelor,4063,46928,102,1,Personal Auto,Four-Door Car,631,Nevada,F
ZO43755,Master,8368,23879,107,0,Corporate Auto,SUV,635,Oregon,F
VG16827,Master,4626,79487,114,0,Personal Auto,SUV,547,California,F
KJ48497,High School or Below,7516,0,106,0,Personal Auto,SUV,850,Oregon,F
NA27429,High School or Below,3644,82477,90,0,Personal Auto,Two-Door Car,432,Nevada,F
AZ38648,Master,11981,21514,62,0,Personal Auto,Two-Door Car,257,Washington,F
SR53077,High School or Below,2601,57231,65,0,Personal Auto,Four-Door Car,305,Nevada,F
UO12263,High School or Below,4654,0,69,4,Corporate Auto,Four-Door Car,331,Oregon,F
BC86800,Bachelor,3579,84598,89,2,Personal Auto,Two-Door Car,639,California,F
ZQ28996,College,5388,48895,68,0,Corporate Auto,Four-Door Car,325,Nevada,M
JI42730,High School or Below,3705,84493,92,0,Personal Auto,Four-Door Car,441,Arizona,M
VF21170,Bachelor,8613,37277,109,1,Personal Auto,SUV,417,California,F
MP25903,High School or Below,2703,0,71,0,Personal Auto,Two-Door Car,497,Oregon,M
YH24323,College,2511,14906,66,0,Corporate Auto,Four-Door Car,421,California,F
XB86235,Doctor,24186,14710,112,0,Personal Auto,Luxury,537,Arizona,M
WR53191,Bachelor,15120,20656,130,0,Corporate Auto,SUV,706,California,F
UM83813,Bachelor,13379,0,194,0,Personal Auto,Luxury,1396,Oregon,F
JW45704,Bachelor,2308,0,64,0,Personal Auto,Four-Door Car,431,California,M
PV26437,Bachelor,7319,57777,61,1,Corporate Auto,Four-Door Car,273,California,F
AX39008,Bachelor,26113,80409,74,0,Personal Auto,Two-Door Car,262,Oregon,M
DJ52170,High School or Below,5639,73168,70,0,Special Auto,Four-Door Car,425,California,M
RM34371,Bachelor,4715,0,64,0,Personal Auto,Two-Door Car,345,Nevada,F
TZ65661,College,2742,32437,69,0,Corporate Auto,Two-Door Car,331,California,F
YD74214,College,3808,94903,94,0,Personal Auto,Two-Door Car,451,California,F
AR99766,Bachelor,4692,82534,118,0,Personal Auto,SUV,4,Nevada,F
ZA30025,Bachelor,4055,0,121,0,Personal Auto,SUV,1215,Arizona,M
IE85867,High School or Below,41787,46587,119,2,Personal Auto,Four-Door Car,571,Arizona,F
XK52242,Bachelor,9800,32245,124,0,Personal Auto,SUV,257,California,M
RP12388,Bachelor,12379,39886,64,1,Personal Auto,Two-Door Car,290,Arizona,M
TP30316,College,9705,79157,61,0,Corporate Auto,Two-Door Car,117,California,M
RS60249,Bachelor,4253,0,62,0,Personal Auto,Two-Door Car,446,Oregon,M
AL50693,Bachelor,3567,0,102,0,Corporate Auto,SUV,660,Oregon,M
SH36838,High School or Below,5153,0,74,0,Personal Auto,Four-Door Car,532,Arizona,M
CV44550,College,7559,0,119,1,Corporate Auto,Four-Door Car,964,Arizona,M
YO23637,College,4194,0,64,3,Special Auto,Two-Door Car,759,Washington,M
AJ32539,Bachelor,2829,25860,72,0,Personal Auto,Four-Door Car,345,Oregon,M
VQ48245,Master,3221,77882,79,0,Personal Auto,Four-Door Car,379,Washington,F
ID15010,Doctor,10972,24164,137,0,Personal Auto,Luxury,657,Oregon,M
RH28799,College,2430,0,70,0,Personal Auto,Four-Door Car,341,Arizona,M
WC72942,High School or Below,3790,66169,96,1,Personal Auto,Two-Door Car,156,Oregon,M
HT92952,Bachelor,8838,82664,114,3,Corporate Auto,SUV,133,California,M
LR82110,Doctor,20101,23638,102,0,Personal Auto,SUV,489,Nevada,F
JE19783,Bachelor,6388,26436,83,0,Personal Auto,Two-Door Car,398,Arizona,M
MX97096,College,2656,0,78,1,Personal Auto,Four-Door Car,374,Nevada,F
TD51026,Bachelor,7714,13154,102,0,Personal Auto,SUV,489,Arizona,M
SD75391,Master,2704,24173,70,0,Personal Auto,Four-Door Car,181,California,F
CN29830,High School or Below,2495,26689,64,0,Corporate Auto,Four-Door Car,424,California,M
RV52244,Bachelor,2498,31357,63,0,Personal Auto,Four-Door Car,2,Arizona,F
WA59097,College,5614,40417,71,1,Personal Auto,Four-Door Car,130,Oregon,F
TV23956,High School or Below,2089,0,63,1,Personal Auto,Four-Door Car,453,Washington,M
XQ81794,High School or Below,5137,93872,64,0,Personal Auto,Four-Door Car,206,Arizona,M
BB21794,Bachelor,5394,29853,69,0,Personal Auto,Four-Door Car,76,Oregon,F
HC63693,College,7341,88049,92,0,Corporate Auto,Two-Door Car,567,Arizona,F
KJ55021,College,4791,29111,63,0,Personal Auto,Four-Door Car,302,Washington,F
HX45529,Master,25169,37282,79,0,Personal Auto,Four-Door Car,222,Oregon,M
XY78443,College,2147,0,62,0,Personal Auto,Two-Door Car,297,Arizona,F
KQ38375,Bachelor,9902,0,133,0,Personal Auto,SUV,945,California,F
HC66205,High School or Below,3157,58248,80,0,Corporate Auto,Four-Door Car,134,Washington,M
KF62288,High School or Below,6269,0,89,1,Special Auto,Two-Door Car,942,Oregon,F
YE46109,College,10839,26367,139,0,Personal Auto,SUV,105,Arizona,F
TT30338,Master,7675,89586,63,1,Personal Auto,Four-Door Car,302,Arizona,F
MC22692,High School or Below,7035,86642,87,0,Personal Auto,Two-Door Car,234,Washington,F
FW17421,High School or Below,3576,24959,89,0,Corporate Auto,Four-Door Car,640,Washington,F
KE83023,Bachelor,10845,27279,137,0,Personal Auto,SUV,770,Oregon,M
HT96569,Bachelor,2656,57117,67,0,Personal Auto,Four-Door Car,321,Oregon,M
GO27855,College,6883,64600,86,0,Personal Auto,Four-Door Car,168,Oregon,F
UX71974,College,20314,42218,180,3,Personal Auto,Luxury,212,California,M
QT97406,Bachelor,20120,32869,85,0,Corporate Auto,Two-Door Car,117,Arizona,M
QQ37605,Master,2547,26047,64,1,Personal Auto,Four-Door Car,187,Washington,F
BL79888,High School or Below,34611,20090,109,0,Personal Auto,Luxury,523,Oregon,F
WF91295,High School or Below,4254,11904,61,2,Personal Auto,Two-Door Car,292,Oregon,F
NQ92014,High School or Below,3659,0,106,0,Personal Auto,SUV,763,California,F
RP33869,Bachelor,2577,49467,65,0,Personal Auto,Two-Door Car,413,Washington,F
TS31001,Bachelor,26243,55705,113,0,Personal Auto,SUV,149,Oregon,M
NE58217,Bachelor,27064,83560,113,1,Corporate Auto,Four-Door Car,276,Oregon,F
BV57364,College,8092,50825,102,0,Personal Auto,SUV,369,Arizona,M
FS84707,Doctor,2691,82108,67,0,Personal Auto,Four-Door Car,52,Nevada,F
AN80983,College,5218,85721,65,0,Corporate Auto,Four-Door Car,312,Oregon,M
UU84036,High School or Below,8267,59597,69,0,Special Auto,Two-Door Car,222,California,M
XQ51968,High School or Below,5568,0,79,1,Corporate Auto,Two-Door Car,407,California,M
CY59740,High School or Below,2594,0,73,0,Corporate Auto,Four-Door Car,350,California,M
XT58648,High School or Below,8646,64125,108,0,Personal Auto,SUV,369,Arizona,F
WZ63975,High School or Below,2423,22319,63,1,Personal Auto,Two-Door Car,302,California,F
RQ72272,College,2814,94304,71,0,Personal Auto,Two-Door Car,182,Arizona,M
FR34560,Master,2506,17193,66,0,Corporate Auto,Four-Door Car,316,Oregon,F
EF99768,High School or Below,4424,37800,112,0,Corporate Auto,SUV,662,California,F
LW50691,College,9555,96269,118,0,Personal Auto,Four-Door Car,58,Nevada,F
EP34249,College,13869,28432,118,0,Corporate Auto,SUV,612,Oregon,M
DQ54144,High School or Below,8841,0,118,0,Personal Auto,SUV,566,Arizona,F
SE62920,Bachelor,8836,63909,112,0,Personal Auto,SUV,206,California,M
PL54420,Bachelor,33473,33190,106,0,Personal Auto,SUV,508,Arizona,F
QG22665,College,5000,43723,66,3,Personal Auto,Four-Door Car,316,Arizona,M
LJ59940,High School or Below,16468,0,63,0,Corporate Auto,Four-Door Car,685,Nevada,F
AV17528,High School or Below,9233,42600,115,0,Personal Auto,Luxury,660,Nevada,F
ZU88796,Bachelor,2448,87802,63,5,Personal Auto,Four-Door Car,173,Arizona,F
SD96596,High School or Below,18544,34087,235,0,Personal Auto,Luxury,889,Washington,F
LT98784,Master,5229,18129,69,0,Personal Auto,Four-Door Car,364,Oregon,M
OQ45659,College,41745,45431,116,0,Personal Auto,Four-Door Car,556,Arizona,F
ZS66375,Bachelor,7531,0,71,0,Personal Auto,Four-Door Car,511,California,F
EJ67407,High School or Below,8024,95191,101,0,Corporate Auto,Four-Door Car,316,Arizona,M
JD19036,Master,16261,41671,136,0,Personal Auto,SUV,570,Arizona,F
YO11701,High School or Below,8022,53231,101,0,Personal Auto,SUV,484,Oregon,M
KO73340,College,2640,77299,66,0,Personal Auto,Four-Door Car,151,Oregon,M
BV53716,High School or Below,5266,93348,65,0,Personal Auto,Four-Door Car,108,Oregon,F
CV95479,Bachelor,3362,0,107,2,Personal Auto,Four-Door Car,770,California,M
OZ97304,High School or Below,2630,0,78,1,Corporate Auto,Four-Door Car,374,Arizona,F
RE63028,High School or Below,6486,87210,81,0,Personal Auto,Four-Door Car,353,Nevada,F
LN37854,College,18399,0,73,0,Personal Auto,Four-Door Car,525,Arizona,F
MU76701,College,3921,62445,98,1,Personal Auto,Four-Door Car,681,Washington,F
VI66513,High School or Below,9688,20009,87,1,Corporate Auto,Four-Door Car,987,California,M
EB30823,College,19668,0,67,1,Personal Auto,Four-Door Car,482,California,M
DQ19343,High School or Below,5583,57925,72,1,Corporate Auto,Two-Door Car,204,California,F
SB61617,Master,8935,39910,112,0,Personal Auto,SUV,561,California,M
DY92795,Bachelor,3226,83252,80,0,Personal Auto,Four-Door Car,384,Oregon,F
WZ92405,College,7492,31723,62,0,Personal Auto,Two-Door Car,242,Nevada,F
WL21375,High School or Below,7890,0,112,3,Personal Auto,Four-Door Car,747,Arizona,F
KL83882,Bachelor,6639,72661,83,1,Personal Auto,Four-Door Car,398,Nevada,F
ET87938,College,4328,24711,62,0,Personal Auto,Two-Door Car,362,Oregon,M
EQ87425,High School or Below,6919,0,69,1,Corporate Auto,Four-Door Car,40,California,F
UM17151,Bachelor,1898,0,67,3,Personal Auto,Two-Door Car,413,California,M
MS11057,Bachelor,9587,84539,119,0,Personal Auto,Four-Door Car,65,Oregon,M
UU99893,Master,7689,42677,96,0,Personal Auto,Four-Door Car,1084,Arizona,F
FE93665,High School or Below,7897,0,72,0,Personal Auto,Two-Door Car,518,Oregon,F
AN53225,High School or Below,24672,0,76,0,Personal Auto,Two-Door Car,364,Washington,M
RL12319,High School or Below,7484,51692,186,0,Special Auto,Luxury,892,Oregon,F
AR25213,High School or Below,7282,40858,184,0,Personal Auto,Luxury,883,Arizona,M
JL15127,College,9816,37256,62,0,Personal Auto,Four-Door Car,128,Nevada,M
SD42668,Bachelor,5295,0,74,0,Personal Auto,Four-Door Car,532,Washington,M
ZG82127,Bachelor,12741,73054,106,1,Corporate Auto,SUV,419,California,F
DW37404,Bachelor,7858,20532,67,0,Personal Auto,Four-Door Car,282,California,F
XM87301,Bachelor,2397,0,66,0,Personal Auto,Four-Door Car,596,Oregon,M
TJ46491,College,5980,22946,76,0,Personal Auto,Four-Door Car,377,Oregon,F
KA98111,Bachelor,2513,22475,64,1,Personal Auto,Four-Door Car,307,Washington,M
IM15816,High School or Below,9403,79440,117,0,Personal Auto,SUV,500,Oregon,F
ZT63368,College,2618,0,74,0,Personal Auto,Four-Door Car,470,Arizona,M
VU79621,Master,8139,0,108,0,Personal Auto,Luxury,518,Oregon,M
HP20623,High School or Below,5227,70988,65,0,Personal Auto,Four-Door Car,312,California,F
RY44996,High School or Below,2677,56536,67,0,Special Auto,Four-Door Car,301,Oregon,F
YS71471,High School or Below,2685,45754,69,0,Personal Auto,Two-Door Car,333,Arizona,M
VW74085,High School or Below,5932,48278,74,0,Personal Auto,Two-Door Car,98,Oregon,F
YD76280,High School or Below,2335,22087,61,2,Personal Auto,Two-Door Car,292,Oregon,M
TL67005,High School or Below,4811,0,136,1,Corporate Auto,SUV,569,California,F
MO65595,Bachelor,3386,0,92,0,Personal Auto,Two-Door Car,571,Nevada,F
RX96438,High School or Below,2311,24400,62,0,Corporate Auto,Two-Door Car,297,Washington,F
VA65117,High School or Below,7635,0,110,0,Personal Auto,SUV,1138,Oregon,M
KG16176,College,2434,0,66,0,Personal Auto,Four-Door Car,167,Washington,F
NT79981,High School or Below,3605,13199,93,0,Personal Auto,Four-Door Car,582,Nevada,F
ES88339,Master,3337,60607,83,0,Corporate Auto,Four-Door Car,379,California,M
AD33971,Doctor,12564,0,68,0,Personal Auto,Four-Door Car,326,California,M
JR84006,High School or Below,2454,74624,62,1,Personal Auto,Four-Door Car,297,Washington,M
FN66436,College,10722,54311,90,0,Personal Auto,Two-Door Car,385,California,F
YX84828,Bachelor,5079,0,68,0,Personal Auto,Two-Door Car,326,Oregon,F
JH94846,Bachelor,3829,19240,99,0,Personal Auto,Four-Door Car,475,California,F
TX73398,Bachelor,3697,0,113,0,Personal Auto,Two-Door Car,813,Nevada,M
RX45809,College,14854,37899,187,0,Personal Auto,Luxury,246,California,M
US36532,High School or Below,4938,76283,61,0,Corporate Auto,Four-Door Car,292,Arizona,F
RN86953,High School or Below,7536,69674,62,1,Personal Auto,Two-Door Car,297,California,F
RZ50353,High School or Below,6243,57734,78,0,Personal Auto,Four-Door Car,374,California,M
QP32003,College,9983,0,93,0,Personal Auto,Four-Door Car,669,Arizona,F
WN91943,College,12948,30763,111,0,Personal Auto,Four-Door Car,1072,California,M
BR24590,Bachelor,2510,0,70,0,Personal Auto,Four-Door Car,522,Arizona,M
UI57491,Bachelor,5165,0,72,0,Personal Auto,Two-Door Car,518,California,M
UJ70796,College,7413,52130,62,0,Personal Auto,Four-Door Car,124,Oregon,F
NX32730,High School or Below,3000,77041,74,0,Personal Auto,Two-Door Car,475,California,F
OH98172,High School or Below,3188,81081,79,0,Personal Auto,Two-Door Car,224,California,F
AQ30231,Bachelor,5800,0,78,0,Personal Auto,Four-Door Car,374,California,F
MU97512,Bachelor,7398,27383,188,0,Corporate Auto,Luxury,902,Oregon,M
CO75086,College,7269,20407,95,2,Corporate Auto,Four-Door Car,36,Arizona,M
WW52683,Bachelor,5067,61067,64,1,Personal Auto,Four-Door Car,86,California,F
XO38850,College,6227,0,94,0,Personal Auto,Four-Door Car,676,Arizona,M
DB50188,College,4448,23006,113,0,Personal Auto,SUV,792,California,M
DG23204,Doctor,2595,27734,65,0,Personal Auto,Four-Door Car,193,California,F
JS64688,High School or Below,2595,48608,67,0,Personal Auto,Four-Door Car,321,Oregon,M
PU81096,Bachelor,6817,43947,61,4,Personal Auto,Four-Door Car,291,Arizona,M
IW56740,High School or Below,15519,23402,82,0,Personal Auto,Two-Door Car,393,Oregon,M
AK44985,College,3853,0,110,0,Personal Auto,SUV,792,California,F
FX55409,Master,8229,0,109,0,Personal Auto,SUV,298,Oregon,F
BK76107,High School or Below,14024,81872,115,0,Personal Auto,Four-Door Car,256,Oregon,F
AY26056,College,7948,63892,66,0,Personal Auto,Four-Door Car,90,Arizona,F
QR36329,Bachelor,2624,11822,70,0,Corporate Auto,Two-Door Car,285,Washington,F
GF70857,College,2933,0,83,0,Personal Auto,Four-Door Car,199,Nevada,M
QE46704,College,2871,94178,72,1,Personal Auto,Four-Door Car,226,Nevada,M
PD22502,Bachelor,4799,0,65,0,Personal Auto,Two-Door Car,312,California,F
XF94560,High School or Below,2305,0,62,0,Corporate Auto,Four-Door Car,297,Washington,F
HZ64168,Bachelor,40440,0,129,0,Personal Auto,SUV,1191,California,M
FT79229,Bachelor,8900,83761,111,0,Personal Auto,SUV,532,Washington,F
EI17753,High School or Below,4428,58577,110,0,Personal Auto,SUV,303,Oregon,F
EV15646,College,3781,46573,94,0,Personal Auto,Four-Door Car,77,California,M
FF38892,High School or Below,32861,49889,118,0,Personal Auto,Two-Door Car,201,California,F
PP35705,High School or Below,35862,26376,121,0,Personal Auto,SUV,580,California,M
FQ24781,Master,2574,34990,65,0,Personal Auto,Four-Door Car,42,Oregon,F
CR20811,Bachelor,10660,60642,133,0,Personal Auto,SUV,428,California,F
XT55646,Bachelor,4428,18263,117,0,Personal Auto,SUV,758,Arizona,M
JH30819,Bachelor,25674,66550,107,1,Corporate Auto,SUV,513,California,F
YV88022,High School or Below,6689,56980,84,0,Personal Auto,Two-Door Car,599,Washington,M
VF57165,High School or Below,16256,21206,136,0,Corporate Auto,Luxury,98,California,F
AZ36763,Bachelor,11834,0,85,0,Personal Auto,Four-Door Car,612,Arizona,F
FL50532,Master,8237,48866,103,0,Personal Auto,Luxury,494,Arizona,M
JP88955,High School or Below,8876,30525,115,0,Personal Auto,Luxury,368,Oregon,M
QF69163,College,4373,25676,113,0,Personal Auto,Two-Door Car,542,Washington,F
OA26316,College,2221,0,62,0,Personal Auto,Four-Door Car,699,Arizona,F
FL55134,High School or Below,10408,20228,101,1,Personal Auto,SUV,523,Nevada,M
OL48469,High School or Below,4162,0,67,3,Personal Auto,Four-Door Car,321,Nevada,M
CR86548,Master,12349,67248,102,0,Personal Auto,SUV,489,Nevada,F
XO11574,High School or Below,3399,28928,87,1,Personal Auto,Four-Door Car,192,California,M
DM34321,Master,3420,11652,89,0,Personal Auto,Two-Door Car,526,California,F
WH56217,College,8927,29136,118,0,Corporate Auto,SUV,566,Washington,M
BV55733,College,10852,67696,97,5,Corporate Auto,Two-Door Car,17,Nevada,M
PK37121,High School or Below,4369,91775,108,0,Personal Auto,SUV,256,Washington,F
EO87464,High School or Below,7915,31383,99,0,Corporate Auto,Four-Door Car,475,Oregon,M
UF49068,College,7754,0,117,0,Corporate Auto,SUV,918,California,M
CH20044,Bachelor,2241,0,65,0,Corporate Auto,Four-Door Car,312,California,F
NU57274,Bachelor,9354,0,135,0,Personal Auto,SUV,972,California,M
CV63337,Bachelor,3499,37273,88,0,Personal Auto,Two-Door Car,422,Oregon,F
GY87675,College,5140,26952,76,1,Corporate Auto,Four-Door Car,364,Oregon,M
OH93496,Bachelor,3703,0,109,0,Personal Auto,SUV,784,Arizona,M
AY99324,College,6555,21853,86,0,Personal Auto,Four-Door Car,412,Oregon,M
MR27647,High School or Below,3312,27431,85,0,Personal Auto,Four-Door Car,457,Washington,F
VQ82774,Master,16301,19614,85,0,Personal Auto,Two-Door Car,574,California,F
WT38706,Bachelor,14635,0,139,0,Personal Auto,SUV,667,Oregon,F
UI89243,Bachelor,5723,77646,71,0,Personal Auto,Four-Door Car,340,California,F
XP69351,College,2443,0,69,0,Personal Auto,Four-Door Car,124,California,M
PY64219,Master,13024,0,125,0,Personal Auto,SUV,900,California,M
QJ64737,High School or Below,6165,60884,77,0,Personal Auto,Four-Door Car,491,California,F
IU14618,High School or Below,5838,81082,73,0,Personal Auto,Four-Door Car,281,Oregon,M
HH61461,Bachelor,9971,57483,82,0,Personal Auto,Four-Door Car,540,Nevada,F
JX10102,High School or Below,3223,0,91,1,Personal Auto,Four-Door Car,655,Arizona,F
SG86615,High School or Below,14558,40260,73,0,Personal Auto,Four-Door Car,299,Oregon,M
VE47660,High School or Below,9033,30004,112,0,Personal Auto,SUV,806,Oregon,F
BZ36030,College,12590,62575,106,0,Personal Auto,Two-Door Car,508,Oregon,M
KJ52520,High School or Below,8161,45270,70,0,Personal Auto,Two-Door Car,46,Arizona,F
IK60267,Bachelor,2730,24967,69,0,Personal Auto,Two-Door Car,331,Nevada,F
NX15614,High School or Below,20294,0,73,0,Personal Auto,Two-Door Car,525,Oregon,M
JO64353,High School or Below,5301,20269,66,0,Personal Auto,Two-Door Car,475,Oregon,F
BL89983,High School or Below,9035,34337,113,0,Special Auto,Four-Door Car,542,California,F
SE64365,High School or Below,4674,35830,118,1,Corporate Auto,Four-Door Car,597,California,M
JW16295,High School or Below,10676,55510,89,0,Personal Auto,Two-Door Car,427,California,F
IC61020,High School or Below,7437,88360,185,0,Personal Auto,Luxury,929,Oregon,F
WB73140,High School or Below,5447,0,73,0,Personal Auto,Four-Door Car,350,Arizona,F
JP52554,Bachelor,15550,17449,71,0,Corporate Auto,Four-Door Car,268,California,F
QZ24527,Bachelor,33473,33190,106,0,Personal Auto,SUV,508,California,F
VB53090,Master,8013,43196,66,0,Personal Auto,Four-Door Car,1,California,M
LR49580,Bachelor,5061,59216,64,2,Personal Auto,Four-Door Car,200,Oregon,F
LH66741,Bachelor,7034,23158,63,3,Personal Auto,Four-Door Car,302,Arizona,M
IS79761,High School or Below,3815,38651,98,0,Personal Auto,Two-Door Car,470,Oregon,M
PM11577,Bachelor,8476,74001,108,3,Corporate Auto,Two-Door Car,254,Oregon,F
ZB84321,College,19690,36032,70,0,Personal Auto,Four-Door Car,336,Washington,F
QO26846,Master,3359,16891,88,0,Personal Auto,Four-Door Car,633,Oregon,F
YU55375,College,4502,0,67,0,Personal Auto,Two-Door Car,499,Oregon,M
YU83697,Bachelor,3871,0,110,0,Corporate Auto,SUV,528,Nevada,F
LQ24783,Doctor,6162,80590,76,0,Corporate Auto,Four-Door Car,104,Oregon,F
KL27226,Bachelor,6412,58776,83,2,Personal Auto,Four-Door Car,478,California,M
MR84659,College,10208,35482,129,0,Personal Auto,SUV,619,Oregon,F
GU92938,Bachelor,6943,25612,61,0,Personal Auto,Two-Door Car,292,Nevada,F
OE56979,High School or Below,9551,57016,119,0,Personal Auto,SUV,341,Oregon,F
QT13680,High School or Below,2555,25385,65,0,Corporate Auto,Four-Door Car,458,California,M
FG35165,College,2480,50516,62,0,Personal Auto,Four-Door Car,179,Washington,F
MS41043,College,7469,0,199,0,Personal Auto,Luxury,1956,Arizona,F
BB19609,College,15769,29977,133,0,Personal Auto,SUV,255,California,M
QW44027,College,22837,89384,285,0,Corporate Auto,Luxury,2052,Oregon,M
AS60178,Bachelor,2796,54655,70,1,Corporate Auto,Four-Door Car,186,Nevada,F
AP89323,College,2728,40516,70,0,Personal Auto,Four-Door Car,336,Nevada,F
TY30683,College,3527,26156,96,0,Corporate Auto,Four-Door Car,460,Oregon,F
MP16820,College,2821,70047,71,0,Personal Auto,Two-Door Car,107,Arizona,M
ZT60102,College,17790,26000,256,0,Personal Auto,Luxury,1228,Arizona,M
QX24179,Bachelor,5619,41878,71,0,Personal Auto,Four-Door Car,161,Oregon,M
RL21492,Bachelor,4984,86305,62,0,Corporate Auto,Four-Door Car,80,Arizona,M
JW44963,College,5447,55483,70,0,Personal Auto,Four-Door Car,230,Arizona,F
IT37924,College,9752,37345,82,0,Personal Auto,Four-Door Car,31,Oregon,F
XC49176,Bachelor,3193,93405,79,0,Corporate Auto,Four-Door Car,202,California,F
JK30153,Master,8566,99652,106,2,Personal Auto,SUV,406,Oregon,F
MH50997,Bachelor,20003,33901,84,1,Personal Auto,Four-Door Car,145,California,F
YJ53102,Master,3687,0,99,1,Corporate Auto,Four-Door Car,378,Oregon,F
EX80215,College,2822,0,77,0,Personal Auto,Four-Door Car,138,California,F
NI46290,College,4860,39429,62,0,Corporate Auto,Four-Door Car,102,Oregon,F
CJ78860,High School or Below,3649,0,104,0,Personal Auto,SUV,748,Oregon,M
WR88041,High School or Below,5043,35832,65,0,Personal Auto,Four-Door Car,177,Washington,M
YI70563,Bachelor,2780,88704,69,0,Personal Auto,Two-Door Car,259,California,M
XB91559,College,5274,44051,67,0,Personal Auto,Four-Door Car,321,Washington,M
LT80200,High School or Below,2693,0,74,0,Personal Auto,Four-Door Car,355,Oregon,F
DJ71217,College,21561,0,110,0,Personal Auto,SUV,792,Washington,M
PI79725,Bachelor,2569,79297,64,0,Corporate Auto,Four-Door Car,164,Oregon,F
YV23210,High School or Below,7422,23617,189,0,Personal Auto,Luxury,907,Oregon,M
BP49831,Bachelor,2926,23656,80,3,Corporate Auto,Four-Door Car,384,Washington,F
OF20965,Bachelor,7284,67780,92,0,Personal Auto,Four-Door Car,601,Nevada,F
RX25695,Bachelor,22721,26900,97,1,Personal Auto,Four-Door Car,465,Arizona,M
IO14680,Bachelor,8838,82664,114,3,Corporate Auto,SUV,133,Oregon,M
WI52672,High School or Below,13576,94153,111,0,Corporate Auto,SUV,4,California,F
YC45944,College,3885,0,105,0,Personal Auto,Four-Door Car,504,Arizona,M
FV22585,College,6960,74487,88,0,Personal Auto,Four-Door Car,16,Oregon,M
HP27902,Bachelor,23536,33747,199,0,Corporate Auto,Luxury,832,Arizona,F
TP52309,High School or Below,13752,0,131,1,Personal Auto,Luxury,628,California,M
KU54022,High School or Below,3323,12762,86,0,Corporate Auto,Two-Door Car,412,Nevada,F
FP67637,Bachelor,5380,93818,66,0,Personal Auto,Four-Door Car,248,Nevada,M
SO43919,Bachelor,14228,31650,121,0,Personal Auto,SUV,580,California,M
LH85364,High School or Below,26016,43922,83,0,Personal Auto,Four-Door Car,40,Oregon,F
AP95078,Bachelor,7855,37229,67,0,Personal Auto,Four-Door Car,321,Oregon,M
JC16991,Master,7423,36639,62,0,Personal Auto,Four-Door Car,297,Arizona,F
GG24674,High School or Below,2497,15520,66,0,Personal Auto,Two-Door Car,316,California,F
IA11038,College,8845,77077,112,0,Personal Auto,SUV,528,Oregon,F
SA88518,College,7737,50296,65,1,Personal Auto,Two-Door Car,46,Oregon,F
GO80206,Bachelor,2433,23737,62,1,Personal Auto,Four-Door Car,437,Arizona,F
GB71156,College,9156,59624,117,0,Corporate Auto,Four-Door Car,582,California,M
RU39880,Bachelor,11747,58658,74,0,Personal Auto,Two-Door Car,355,California,F
ND77597,Bachelor,11084,25542,70,0,Personal Auto,Four-Door Car,448,Oregon,M
RB70060,High School or Below,7434,51408,62,0,Personal Auto,Four-Door Car,297,California,M
BH68769,Bachelor,6347,42259,81,0,Personal Auto,Two-Door Car,529,Oregon,M
IO64256,High School or Below,2736,78889,68,0,Corporate Auto,Two-Door Car,51,Oregon,F
XU98055,College,9546,15406,124,0,Personal Auto,SUV,892,Arizona,M
HP68848,High School or Below,9165,53792,115,1,Corporate Auto,Four-Door Car,552,Arizona,F
AW84946,Bachelor,4479,36349,117,3,Personal Auto,SUV,326,Arizona,M
HE29300,College,38545,41104,109,0,Corporate Auto,SUV,440,California,M
XK99408,High School or Below,9177,29098,115,0,Personal Auto,SUV,683,California,F
RA38184,Bachelor,3444,0,93,0,Corporate Auto,Four-Door Car,7,Arizona,F
TN79733,High School or Below,16468,0,63,0,Personal Auto,Four-Door Car,685,Oregon,F
RU58277,Master,15485,72026,191,0,Corporate Auto,Luxury,554,California,F
LI10567,High School or Below,11700,0,169,0,Personal Auto,Luxury,1312,Oregon,M
JB29250,High School or Below,7573,87615,94,0,Personal Auto,Four-Door Car,451,Oregon,F
VN57368,High School or Below,7091,0,68,0,Corporate Auto,Four-Door Car,489,California,M
VT51874,High School or Below,14862,0,82,0,Personal Auto,Four-Door Car,393,Oregon,M
BC48076,Master,7783,48689,191,0,Personal Auto,Luxury,985,Washington,F
DX91931,College,10242,0,150,0,Personal Auto,SUV,1080,Washington,M
BP74289,College,7281,0,103,0,Personal Auto,SUV,494,Oregon,M
PS77478,College,6863,0,110,1,Personal Auto,SUV,792,Arizona,M
DA10870,Bachelor,6289,40675,81,2,Personal Auto,Four-Door Car,563,Arizona,M
TE60343,High School or Below,4716,25746,61,1,Corporate Auto,Four-Door Car,292,Oregon,M
XJ40322,High School or Below,5294,61687,67,0,Personal Auto,Two-Door Car,120,California,F
HJ57617,Bachelor,7685,31686,101,2,Corporate Auto,SUV,710,Oregon,M
CD95333,Bachelor,5638,20920,74,0,Personal Auto,Two-Door Car,14,California,M
CW98743,College,2554,22538,64,0,Personal Auto,Four-Door Car,423,California,F
PA80607,High School or Below,8096,85483,67,0,Personal Auto,Two-Door Car,314,Oregon,M
YC87263,Master,21312,70734,175,0,Corporate Auto,SUV,1200,Oregon,F
EB52195,College,7981,40639,67,0,Personal Auto,Four-Door Car,301,Oregon,F
VF33776,High School or Below,31269,90289,99,3,Corporate Auto,Four-Door Car,164,Nevada,F
BP23267,Bachelor,73225,39547,202,0,Personal Auto,Luxury,969,California,F
OH80943,College,2659,0,87,3,Special Auto,Four-Door Car,420,California,F
OA46321,College,15512,54833,198,3,Corporate Auto,Luxury,1396,Oregon,M
CA22248,Master,2505,60546,63,0,Personal Auto,Four-Door Car,46,Oregon,F
LK40273,College,4898,33938,64,0,Personal Auto,Four-Door Car,63,Oregon,M
LI13735,Bachelor,3113,85586,77,0,Personal Auto,Two-Door Car,13,Oregon,F
LK35963,Bachelor,17019,89601,70,0,Personal Auto,Two-Door Car,117,California,F
YK36937,College,5791,33799,74,1,Personal Auto,Four-Door Car,355,Washington,M
IY91183,Master,3683,0,100,1,Personal Auto,SUV,480,Arizona,F
RA91280,Doctor,3436,30817,88,0,Personal Auto,Four-Door Car,91,Arizona,M
LA78882,Bachelor,6297,0,189,1,Personal Auto,Luxury,1823,California,M
RO26233,College,2464,31056,63,0,Personal Auto,Four-Door Car,302,California,F
ZE79055,Bachelor,3075,65017,81,4,Personal Auto,Four-Door Car,301,California,M
OI92280,College,8428,12180,113,0,Corporate Auto,SUV,675,Oregon,F
UK62940,College,2354,0,64,0,Personal Auto,Four-Door Car,333,Oregon,M
PU41916,College,22103,0,102,0,Personal Auto,SUV,489,Oregon,M
QU75179,Bachelor,7147,87454,89,0,Personal Auto,Four-Door Car,60,California,M
PB16956,College,7842,51001,99,1,Personal Auto,Four-Door Car,291,Oregon,F
JX60415,Master,3554,58557,88,0,Personal Auto,Four-Door Car,55,Arizona,F
CG39505,Bachelor,7251,18665,66,0,Personal Auto,Four-Door Car,583,Oregon,M
GD59850,College,5316,21299,69,0,Corporate Auto,Four-Door Car,331,Oregon,F
ME37450,Bachelor,5210,89781,66,0,Special Auto,Four-Door Car,37,Arizona,M
EE24901,Bachelor,2989,0,83,0,Personal Auto,Two-Door Car,398,Arizona,M
VY40793,College,4270,0,122,0,Personal Auto,SUV,725,Oregon,M
ZB54635,Bachelor,2524,0,68,3,Personal Auto,Two-Door Car,386,California,F
IF58637,High School or Below,2555,22881,65,0,Personal Auto,Four-Door Car,312,California,F
RE95629,College,2320,0,63,0,Personal Auto,Two-Door Car,453,California,F
XO67536,College,2563,10860,66,0,Personal Auto,Four-Door Car,316,California,F
QY56887,High School or Below,14208,0,131,0,Corporate Auto,SUV,943,Arizona,F
TB77524,College,8048,0,116,0,Personal Auto,SUV,1339,Arizona,F
WM14507,High School or Below,7671,62582,95,0,Personal Auto,Four-Door Car,456,Nevada,F
XL90594,College,7584,87473,95,0,Personal Auto,Four-Door Car,448,California,F
CQ78705,College,7145,92681,91,3,Personal Auto,Four-Door Car,436,Oregon,F
NY55083,College,14083,74916,62,4,Personal Auto,Two-Door Car,123,Oregon,F
NJ28041,High School or Below,13055,58684,162,0,Personal Auto,SUV,1166,Oregon,M
CF62430,Bachelor,9129,70973,114,1,Personal Auto,SUV,547,Nevada,F
SM54927,Bachelor,6739,0,93,0,Personal Auto,Four-Door Car,13,Washington,F
RV58659,College,4422,21124,112,0,Corporate Auto,SUV,733,Washington,F
UZ42802,Bachelor,4526,0,135,0,Personal Auto,Luxury,1516,Oregon,M
KD63933,College,7048,24030,194,0,Personal Auto,Luxury,970,California,M
EG54606,Bachelor,5218,21371,66,0,Personal Auto,Four-Door Car,590,California,M
OP73328,High School or Below,5399,71186,67,0,Personal Auto,Two-Door Car,29,Arizona,F
QG61936,Master,4516,0,124,0,Corporate Auto,SUV,595,California,M
UU22643,High School or Below,3600,25147,101,0,Personal Auto,SUV,694,Oregon,F
MF65419,Bachelor,3979,0,116,0,Personal Auto,Luxury,835,Oregon,M
NT97069,Bachelor,2533,53988,64,0,Personal Auto,Two-Door Car,206,Washington,M
OC50447,Bachelor,4966,38055,64,1,Personal Auto,Two-Door Car,39,Nevada,M
FA39525,High School or Below,4901,72859,61,0,Personal Auto,Two-Door Car,49,Oregon,M
XW18691,Doctor,7751,67787,194,0,Personal Auto,SUV,469,Washington,M
UN98304,High School or Below,6880,0,66,0,Corporate Auto,Four-Door Car,475,Oregon,M
ZW33889,Bachelor,2477,44280,62,0,Corporate Auto,Two-Door Car,130,California,F
MQ80538,College,2727,0,78,0,Personal Auto,Four-Door Car,374,Oregon,M
HZ28612,College,5626,59782,70,0,Personal Auto,Four-Door Car,336,Washington,F
ZQ35017,College,4650,28215,65,0,Personal Auto,Two-Door Car,468,California,M
AE30506,Bachelor,2396,0,66,2,Personal Auto,Four-Door Car,433,California,F
LA16827,Master,5432,49919,134,0,Personal Auto,SUV,643,Arizona,M
TB46243,High School or Below,8693,88294,108,0,Personal Auto,SUV,367,Arizona,M
GI14815,College,15759,55800,66,0,Personal Auto,Two-Door Car,473,Washington,M
LQ28707,Bachelor,22658,23665,67,0,Personal Auto,Four-Door Car,404,Oregon,M
LC27380,High School or Below,5720,32224,72,0,Personal Auto,Four-Door Car,19,Oregon,F
TJ32609,High School or Below,8925,23860,114,1,Personal Auto,SUV,547,California,M
AU71562,High School or Below,2936,27179,74,0,Personal Auto,Four-Door Car,355,Washington,F
JQ66292,Master,2592,35705,65,0,Personal Auto,Two-Door Car,312,Oregon,F
BD66455,High School or Below,4920,0,143,0,Personal Auto,SUV,1029,California,M
HS97484,College,32437,0,99,0,Personal Auto,Four-Door Car,475,California,F
AB45325,High School or Below,2577,74215,64,0,Personal Auto,Two-Door Car,345,Arizona,M
ML93514,Bachelor,4737,63977,118,0,Personal Auto,Four-Door Car,32,California,M
EO56466,College,24660,22070,72,0,Special Auto,Four-Door Car,345,Oregon,M
ZK52226,High School or Below,2499,0,72,0,Corporate Auto,Two-Door Car,345,California,F
EK87467,College,2722,17576,71,0,Personal Auto,Four-Door Car,398,Arizona,F
QT24496,College,4083,13483,107,0,Personal Auto,SUV,556,California,F
NM44679,College,9783,0,136,0,Personal Auto,SUV,979,California,M
SK47066,College,10492,72297,87,2,Personal Auto,Four-Door Car,109,Washington,M
YB39959,Master,3237,60244,83,3,Personal Auto,Four-Door Car,326,Oregon,M
OB97365,High School or Below,4045,77237,102,0,Personal Auto,Four-Door Car,197,California,F
HX53470,College,4711,0,129,0,Corporate Auto,SUV,1178,California,F
JA17689,Bachelor,2416,0,68,0,Personal Auto,Two-Door Car,436,Arizona,M
CJ63667,Master,31803,25663,114,0,Corporate Auto,Luxury,663,Oregon,F
GI70759,Bachelor,4818,0,71,0,Personal Auto,Four-Door Car,511,California,M
LT24477,High School or Below,8605,47589,109,1,Personal Auto,SUV,110,California,M
LQ45358,Bachelor,4035,0,112,0,Personal Auto,Four-Door Car,537,Nevada,M
WY58284,Bachelor,8622,97361,73,0,Personal Auto,Four-Door Car,350,California,M
YD53564,College,5553,26441,71,0,Personal Auto,Two-Door Car,152,California,F
NI66988,High School or Below,24868,0,128,0,Personal Auto,SUV,715,Oregon,F
LW25030,Bachelor,5046,29957,65,0,Corporate Auto,Four-Door Car,312,Arizona,F
KX47545,High School or Below,8031,40082,69,0,Personal Auto,Four-Door Car,331,Oregon,M
XB27698,Bachelor,8622,97361,73,0,Personal Auto,Four-Door Car,350,Oregon,M
BX45636,High School or Below,9161,91763,113,0,Special Auto,SUV,441,California,F
IS85460,High School or Below,5956,48993,74,0,Personal Auto,Two-Door Car,810,California,F
EG36536,Bachelor,8496,24031,109,0,Personal Auto,Luxury,523,Arizona,M
UZ95992,Bachelor,4376,63774,111,0,Personal Auto,Four-Door Car,60,California,F
QL20148,College,22332,49078,97,0,Personal Auto,Four-Door Car,484,Oregon,M
SV51174,Master,20631,28935,87,0,Personal Auto,Two-Door Car,119,Oregon,M
WP10197,High School or Below,3933,25927,103,0,Personal Auto,SUV,674,Nevada,M
VV81837,High School or Below,4928,52507,123,0,Personal Auto,SUV,590,Oregon,M
GT41712,Bachelor,5414,0,74,0,Personal Auto,Four-Door Car,78,California,F
VL59942,Bachelor,10571,94137,65,0,Personal Auto,Four-Door Car,43,Arizona,F
LH53046,High School or Below,5439,69186,69,0,Personal Auto,Four-Door Car,192,Nevada,F
OG36837,Doctor,7648,91071,94,2,Personal Auto,Four-Door Car,402,Arizona,F
VO30155,High School or Below,5421,85447,71,2,Corporate Auto,Four-Door Car,509,Nevada,M
WW19050,High School or Below,5714,0,79,0,Personal Auto,Two-Door Car,50,Oregon,M
UY85263,Bachelor,11255,88858,93,0,Personal Auto,Four-Door Car,310,Nevada,F
CS30372,Bachelor,5420,21881,69,0,Corporate Auto,Four-Door Car,133,Oregon,M
TQ85537,College,2980,72669,74,0,Personal Auto,Four-Door Car,332,Washington,M
PE72696,College,10892,68025,91,0,Personal Auto,Four-Door Car,436,California,M
UV89077,College,11638,25370,102,0,Personal Auto,Luxury,489,Oregon,F
EI29901,Bachelor,7295,26849,62,0,Personal Auto,Four-Door Car,38,Arizona,M
FD16853,High School or Below,5373,0,72,0,Personal Auto,Four-Door Car,427,Arizona,F
FH81409,High School or Below,8152,0,79,0,Personal Auto,Four-Door Car,568,California,M
ZF64287,High School or Below,13081,89948,110,1,Special Auto,Luxury,125,California,M
NT82538,Bachelor,4496,0,63,0,Personal Auto,Two-Door Car,419,Oregon,F
HA56608,College,13727,0,126,0,Special Auto,SUV,604,California,M
JZ61712,Bachelor,3359,97576,83,1,Personal Auto,Two-Door Car,544,Nevada,M
SH55598,High School or Below,3703,23120,93,0,Personal Auto,Four-Door Car,446,Arizona,F
TM43177,High School or Below,3105,97234,78,0,Personal Auto,Four-Door Car,317,Oregon,F
WR90490,High School or Below,4893,25572,65,0,Personal Auto,Four-Door Car,312,Nevada,M
WV57524,College,10208,35482,129,0,Personal Auto,SUV,619,Oregon,F
LK73001,College,8954,34614,114,0,Personal Auto,Four-Door Car,547,California,M
JQ29969,Bachelor,4236,59038,105,0,Personal Auto,Two-Door Car,588,Oregon,F
GS50147,High School or Below,5234,0,73,0,Personal Auto,Two-Door Car,794,Oregon,M
NB10500,Bachelor,3939,60021,99,0,Personal Auto,Four-Door Car,882,California,F
NM77735,Bachelor,8396,47593,72,0,Personal Auto,Four-Door Car,344,Oregon,F
CG36206,Bachelor,2141,0,67,1,Personal Auto,Four-Door Car,321,California,M
UZ80048,College,6185,28001,83,0,Personal Auto,Two-Door Car,438,Oregon,M
UM15297,Bachelor,9640,30431,122,0,Corporate Auto,SUV,133,California,F
DW11738,Master,4241,19834,64,4,Personal Auto,Four-Door Car,460,California,M
YK92080,College,3436,30509,88,0,Personal Auto,Four-Door Car,442,California,F
TO39943,High School or Below,4897,30503,63,3,Corporate Auto,Two-Door Car,257,Washington,F
JV29414,Doctor,17788,73339,89,0,Personal Auto,Four-Door Car,17,Oregon,M
JQ22359,College,3268,0,93,0,Personal Auto,Two-Door Car,549,Oregon,F
VW84170,High School or Below,2819,88067,70,0,Personal Auto,Four-Door Car,336,Washington,F
DA84476,College,7019,26806,63,0,Corporate Auto,Four-Door Car,302,Oregon,M
TV34024,High School or Below,4108,0,114,0,Personal Auto,SUV,820,Oregon,M
UO32521,High School or Below,2195,0,63,0,Corporate Auto,Two-Door Car,617,California,F
GR90142,College,3808,94903,94,0,Personal Auto,Two-Door Car,451,Oregon,F
ZS73935,High School or Below,23435,42862,65,0,Personal Auto,Four-Door Car,254,Washington,F
XH71839,High School or Below,6739,0,96,0,Personal Auto,Four-Door Car,1012,Oregon,M
CM48429,High School or Below,23554,31157,100,0,Personal Auto,SUV,444,California,M
FS56709,Doctor,2874,44084,72,0,Personal Auto,Four-Door Car,243,California,M
IJ52285,Master,6135,43579,77,0,Personal Auto,Two-Door Car,452,Arizona,F
UF36172,High School or Below,6900,0,92,0,Personal Auto,Two-Door Car,428,Oregon,F
LQ71247,High School or Below,4524,0,65,2,Personal Auto,Four-Door Car,490,Arizona,F
KB25170,Doctor,2560,88059,63,0,Personal Auto,Four-Door Car,144,Washington,F
EY19523,Bachelor,2333,25772,64,0,Personal Auto,Four-Door Car,307,Washington,M
CY30418,College,5783,72354,73,0,Personal Auto,Four-Door Car,13,Washington,M
XP92021,High School or Below,13295,68009,110,0,Personal Auto,SUV,528,Oregon,F
MQ64736,Bachelor,3700,12287,99,0,Personal Auto,Four-Door Car,712,Washington,F
MT67399,Bachelor,6488,95025,81,0,Personal Auto,Four-Door Car,271,Nevada,F
HG81172,College,7693,54665,97,1,Personal Auto,Four-Door Car,99,Arizona,F
DB34757,College,2630,80129,66,0,Personal Auto,Four-Door Car,165,Arizona,M
AM79057,Bachelor,2287,69024,61,5,Personal Auto,Four-Door Car,238,Oregon,F
HJ21793,Bachelor,4648,0,121,0,Personal Auto,SUV,1080,Oregon,F
QH61060,High School or Below,9209,31365,115,0,Special Auto,SUV,828,Arizona,F
UR40795,High School or Below,9269,27849,119,0,Personal Auto,Luxury,571,Oregon,M
KR88393,High School or Below,15002,19245,84,1,Personal Auto,Four-Door Car,604,California,F
YK65946,Bachelor,8427,46503,215,1,Personal Auto,Luxury,1032,Oregon,F
FD21881,College,3011,77912,76,0,Personal Auto,Two-Door Car,444,Oregon,M
CG60089,Bachelor,12898,37449,111,1,Personal Auto,Four-Door Car,170,Washington,M
AS48176,Bachelor,12168,14973,115,0,Personal Auto,SUV,828,Oregon,M
MY55142,College,5551,46043,70,0,Personal Auto,Four-Door Car,336,Washington,M
SN94425,High School or Below,4541,0,65,2,Special Auto,Four-Door Car,312,Oregon,F
DY69629,College,3096,21604,79,0,Corporate Auto,Four-Door Car,379,Oregon,F
UI73553,Bachelor,2359,19864,63,0,Personal Auto,Four-Door Car,352,Nevada,F
CW63533,Bachelor,2468,65876,63,1,Personal Auto,Two-Door Car,44,California,M
EY71418,Bachelor,25640,24695,168,0,Corporate Auto,SUV,806,Oregon,F
SK47162,Bachelor,3567,0,102,0,Personal Auto,SUV,660,Oregon,M
VK43303,Bachelor,6019,68658,77,0,Personal Auto,Two-Door Car,296,Oregon,M
SB60942,College,7258,88082,61,1,Personal Auto,Two-Door Car,218,Arizona,M
SX29898,Bachelor,9111,54751,114,0,Personal Auto,SUV,721,California,F
ER29107,High School or Below,6369,34498,83,0,Personal Auto,Two-Door Car,398,Oregon,M
QV13947,College,4425,63597,114,2,Personal Auto,SUV,183,Oregon,M
UO54511,High School or Below,4950,27400,63,1,Personal Auto,Four-Door Car,302,California,F
AD18174,High School or Below,4837,0,65,0,Personal Auto,Four-Door Car,468,California,F
HB48518,College,3891,31409,100,0,Corporate Auto,SUV,116,Nevada,M
LC12930,Master,4872,0,64,0,Personal Auto,Four-Door Car,307,California,M
ZQ22116,High School or Below,5310,73102,66,0,Corporate Auto,Four-Door Car,117,Arizona,F
XB35510,Bachelor,8704,38072,113,1,Personal Auto,SUV,151,California,M
CV78865,High School or Below,2698,95399,68,1,Personal Auto,Two-Door Car,78,Arizona,M
WF75492,High School or Below,8360,48521,105,0,Personal Auto,Luxury,263,Oregon,M
WH41844,Bachelor,5316,45856,67,0,Personal Auto,Two-Door Car,91,Oregon,F
TU47984,College,3733,21542,97,0,Personal Auto,Four-Door Car,465,Arizona,F
IO73222,Bachelor,5407,22555,70,0,Personal Auto,Two-Door Car,336,Washington,F
NJ21108,Bachelor,5297,33832,67,1,Corporate Auto,Four-Door Car,321,Oregon,F
OH91173,College,3873,28142,105,0,Personal Auto,Luxury,701,California,M
FT24768,Bachelor,6508,60188,84,3,Personal Auto,Four-Door Car,333,California,M
OM92482,Bachelor,4834,11698,65,0,Personal Auto,Four-Door Car,468,Arizona,M
IZ47097,Master,2927,76850,72,0,Personal Auto,Four-Door Car,345,Arizona,F
KQ49890,High School or Below,5924,78387,74,0,Corporate Auto,Four-Door Car,204,Oregon,M
XB15703,Bachelor,15262,80757,128,0,Personal Auto,SUV,339,California,M
GR31499,Master,2541,23692,65,2,Personal Auto,Two-Door Car,312,Oregon,F
No59551,College,4904,12902,139,0,Personal Auto,Luxury,667,California,F
KV17233,Bachelor,2434,23033,62,0,Personal Auto,Two-Door Car,500,Arizona,F
OD75777,College,5586,19280,72,0,Personal Auto,Four-Door Car,345,Oregon,F
LD68165,High School or Below,26197,18495,113,0,Corporate Auto,SUV,542,Arizona,F
YO14199,High School or Below,2609,30825,68,0,Personal Auto,Four-Door Car,326,Oregon,M
RR49534,Bachelor,3265,25820,82,0,Personal Auto,Four-Door Car,393,Oregon,F
WL69218,Bachelor,17435,54105,73,2,Personal Auto,Two-Door Car,350,Oregon,F
JF38079,High School or Below,9080,69853,114,2,Personal Auto,SUV,244,California,M
GY64553,Bachelor,4637,97017,115,1,Personal Auto,Two-Door Car,534,California,M
CT11176,Bachelor,2615,24914,66,0,Personal Auto,Four-Door Car,138,California,F
WU95334,College,7019,26806,63,0,Personal Auto,Four-Door Car,302,California,M
BK43823,High School or Below,12052,25419,101,0,Personal Auto,Four-Door Car,584,Oregon,F
LK90215,College,2647,37876,69,0,Personal Auto,Four-Door Car,300,Oregon,M
XH72888,High School or Below,15956,36354,202,0,Corporate Auto,Luxury,1454,Arizona,M
MY89889,Bachelor,5039,0,74,0,Personal Auto,Four-Door Car,355,Nevada,F
CY33307,College,5583,32403,71,0,Corporate Auto,Four-Door Car,97,California,F
BC51708,High School or Below,5074,51659,64,0,Personal Auto,Four-Door Car,307,California,M
JX78176,Bachelor,12045,55805,99,0,Personal Auto,Four-Door Car,425,California,F
GP20237,Bachelor,2727,29286,69,1,Personal Auto,Four-Door Car,496,Nevada,F
OY68395,High School or Below,55277,40740,198,0,Personal Auto,Luxury,950,Oregon,F
GN18675,Bachelor,5080,70784,64,0,Special Auto,Four-Door Car,107,California,M
EQ75249,College,5838,55419,72,0,Personal Auto,Four-Door Car,171,Arizona,F
JV40853,High School or Below,27666,61886,87,0,Personal Auto,Two-Door Car,417,California,F
OZ47099,Master,2676,0,71,0,Corporate Auto,Four-Door Car,340,Arizona,M
RB16360,High School or Below,5330,84240,132,0,Personal Auto,SUV,633,Oregon,M
JK26373,High School or Below,6305,0,65,2,Personal Auto,Two-Door Car,468,California,M
GM88979,College,4746,54050,119,0,Personal Auto,Two-Door Car,571,Oregon,F
XM57550,College,3423,29958,90,0,Personal Auto,Four-Door Car,432,Washington,F
SD94067,Master,6610,23616,83,0,Special Auto,Two-Door Car,229,California,F
OY96856,Bachelor,8044,71391,67,0,Personal Auto,Four-Door Car,284,Oregon,M
FL76894,High School or Below,4314,33488,110,0,Personal Auto,SUV,316,Washington,M
XH72278,High School or Below,6715,0,92,0,Personal Auto,Two-Door Car,441,Arizona,M
YV49293,College,17646,36900,61,3,Corporate Auto,Two-Door Car,109,Arizona,F
QV83172,High School or Below,41855,28311,134,0,Personal Auto,SUV,643,Nevada,M
LU18867,High School or Below,6620,25075,86,0,Personal Auto,Four-Door Car,412,Oregon,M
CZ25193,Bachelor,4078,57031,104,1,Personal Auto,Four-Door Car,13,Arizona,M
VE87035,Bachelor,8382,25998,71,0,Personal Auto,Four-Door Car,791,Oregon,M
VY27019,College,4807,0,69,0,Personal Auto,Four-Door Car,496,Oregon,F
GP22382,College,4858,21685,127,0,Corporate Auto,Luxury,609,Oregon,F
FG15154,Bachelor,7240,32818,93,0,Personal Auto,Four-Door Car,446,California,M
NK34682,Bachelor,2736,39492,68,0,Corporate Auto,Four-Door Car,326,Oregon,M
YQ98465,High School or Below,26197,18495,113,0,Personal Auto,SUV,542,California,F
TY86306,College,2336,21564,61,0,Corporate Auto,Two-Door Car,49,California,F
CN19138,Bachelor,2254,0,65,0,Corporate Auto,Four-Door Car,312,Arizona,F
LO14518,Bachelor,6376,27835,81,0,Personal Auto,Two-Door Car,529,California,M
No73257,Bachelor,2941,64431,74,0,Personal Auto,Four-Door Car,48,Nevada,F
RE80124,College,6199,0,84,0,Personal Auto,Two-Door Car,604,Arizona,F
WU50951,Bachelor,6846,0,95,0,Personal Auto,Two-Door Car,456,Washington,F
EV66951,Master,14032,0,191,1,Corporate Auto,Luxury,916,Nevada,M
TO37423,College,17569,41463,74,0,Special Auto,Four-Door Car,355,Oregon,M
XF92956,High School or Below,2448,0,68,0,Personal Auto,Four-Door Car,489,Oregon,M
ZP64637,High School or Below,3857,0,110,0,Corporate Auto,Luxury,792,Arizona,M
JG74360,College,4558,37709,116,0,Corporate Auto,SUV,556,Arizona,M
NZ81536,Doctor,16710,73049,139,0,Personal Auto,SUV,284,Washington,F
KT26739,Master,3554,58557,88,0,Personal Auto,Four-Door Car,55,Nevada,F
YU15037,High School or Below,4671,0,66,0,Personal Auto,Four-Door Car,475,Arizona,F
YX91403,High School or Below,2909,88944,72,0,Personal Auto,Four-Door Car,113,Arizona,F
KS46420,Master,13411,26140,112,0,Personal Auto,SUV,229,Washington,F
TW11712,Master,4574,32906,115,0,Personal Auto,SUV,552,Arizona,M
XY36764,College,2771,50071,71,0,Personal Auto,Two-Door Car,18,California,F
LQ16286,College,8038,71982,103,0,Corporate Auto,Four-Door Car,494,Oregon,M
XE86547,College,5143,58443,65,0,Personal Auto,Four-Door Car,312,Oregon,M
QS83113,Bachelor,5032,30735,63,0,Personal Auto,Two-Door Car,307,Oregon,M
PH97342,High School or Below,26197,18495,113,0,Personal Auto,SUV,542,Arizona,F
VQ47100,High School or Below,4894,67436,61,0,Personal Auto,Four-Door Car,292,Washington,F
BE17305,Master,3193,52653,81,0,Personal Auto,Two-Door Car,230,Nevada,M
KZ11847,Master,5096,22886,65,0,Personal Auto,Four-Door Car,312,California,F
EX73249,College,7706,0,73,0,Personal Auto,Four-Door Car,350,Arizona,F
JS19054,Bachelor,3339,38821,87,0,Personal Auto,Two-Door Car,488,Oregon,F
YH94097,College,9575,0,134,0,Personal Auto,SUV,643,Washington,M
UQ19505,College,3557,39075,89,0,Personal Auto,Two-Door Car,142,Oregon,F
YI95574,High School or Below,3587,16049,93,0,Personal Auto,Four-Door Car,446,Arizona,M
JQ84105,High School or Below,2360,0,65,0,Corporate Auto,Four-Door Car,468,Oregon,F
NU61528,Doctor,3023,28383,81,0,Personal Auto,Four-Door Car,258,Washington,M
FQ20031,High School or Below,10926,29418,274,0,Personal Auto,Luxury,1972,Oregon,M
XX32359,High School or Below,5325,0,73,0,Personal Auto,Two-Door Car,496,California,M
BP69529,Bachelor,9915,30604,131,2,Corporate Auto,SUV,984,Arizona,M
LI60972,College,5017,91804,62,0,Special Auto,Four-Door Car,388,Arizona,F
HQ60388,High School or Below,8625,50446,74,4,Personal Auto,Four-Door Car,355,Oregon,F
KE66309,College,8432,87728,70,0,Personal Auto,Four-Door Car,201,California,M
YT56442,College,2642,58729,68,2,Corporate Auto,Four-Door Car,94,California,M
VH51235,Bachelor,3097,0,89,0,Personal Auto,Four-Door Car,427,Arizona,F
SF18484,Master,19837,0,67,1,Personal Auto,Four-Door Car,321,Oregon,F
HW99293,Bachelor,2869,21234,73,0,Personal Auto,Four-Door Car,378,Arizona,M
QR57598,Bachelor,4927,0,73,0,Personal Auto,Four-Door Car,751,Oregon,M
FY27460,College,4285,47823,108,0,Personal Auto,Luxury,518,California,M
YQ75801,High School or Below,8874,84731,110,1,Personal Auto,SUV,226,Arizona,F
LP48634,High School or Below,2578,59974,65,0,Corporate Auto,Four-Door Car,127,California,F
EI32190,Doctor,6920,67534,87,2,Personal Auto,Four-Door Car,104,Arizona,M
WS68402,Bachelor,2349,0,70,0,Special Auto,Four-Door Car,716,Oregon,M
ND43316,High School or Below,4027,27782,103,0,Personal Auto,SUV,517,Oregon,M
HW94513,High School or Below,8481,67197,74,3,Personal Auto,Two-Door Car,275,Nevada,M
ZS72533,High School or Below,5191,86451,65,0,Personal Auto,Two-Door Car,7,Oregon,M
RZ97154,Bachelor,3572,56768,92,0,Personal Auto,Two-Door Car,441,Arizona,M
LK73198,High School or Below,4869,55593,61,0,Personal Auto,Four-Door Car,9,Washington,F
RS29507,Bachelor,10395,0,95,0,Personal Auto,Four-Door Car,337,Arizona,F
XJ39660,Bachelor,5297,66203,66,0,Personal Auto,Four-Door Car,130,Oregon,F
PK47936,High School or Below,8750,25806,110,0,Personal Auto,Four-Door Car,528,Washington,F
EU95973,Bachelor,14941,22978,190,0,Personal Auto,Luxury,912,California,F
OU40102,High School or Below,6503,22081,84,0,Special Auto,Two-Door Car,451,Oregon,F
RC67125,College,10110,96506,124,0,Corporate Auto,SUV,504,Arizona,F
NK53902,High School or Below,6459,23235,82,0,Personal Auto,Four-Door Car,483,Oregon,M
RH70599,Bachelor,2769,40506,70,0,Personal Auto,Four-Door Car,113,Arizona,M
RR64429,High School or Below,6778,0,96,0,Personal Auto,Four-Door Car,460,California,M
IW99237,Bachelor,4492,0,65,0,Personal Auto,Two-Door Car,312,Oregon,M
PZ94965,High School or Below,5733,79955,71,0,Personal Auto,Four-Door Car,142,California,F
PV77228,College,3230,62873,81,0,Corporate Auto,Four-Door Car,207,Arizona,M
EX63393,Master,6314,66947,78,0,Personal Auto,Four-Door Car,374,California,F
QV26574,College,6013,25646,83,1,Personal Auto,Four-Door Car,377,Washington,M
ZL29593,College,2180,0,64,0,Personal Auto,Four-Door Car,460,Arizona,F
TU67471,High School or Below,20096,92766,71,0,Personal Auto,Two-Door Car,379,Washington,F
FD45309,High School or Below,5568,0,79,1,Personal Auto,Two-Door Car,407,Oregon,M
AH58807,College,51426,84650,185,3,Personal Auto,Luxury,660,Arizona,F
CX58204,High School or Below,8079,13050,102,0,Personal Auto,SUV,734,Nevada,F
TE35954,College,2674,56342,69,0,Personal Auto,Four-Door Car,331,Arizona,M
XO70106,Bachelor,12421,58781,106,0,Personal Auto,SUV,502,Oregon,M
OW20992,High School or Below,2311,0,68,0,Personal Auto,Four-Door Car,489,California,M
JV44724,Bachelor,10255,0,102,0,Personal Auto,Luxury,734,Arizona,M
PI96349,College,22103,0,102,0,Personal Auto,SUV,489,California,M
NA82031,College,2962,71809,74,0,Corporate Auto,Four-Door Car,78,Washington,F
YH86106,Bachelor,5764,40238,73,1,Personal Auto,Four-Door Car,350,Arizona,M
DI82448,Bachelor,4700,0,70,0,Personal Auto,Four-Door Car,504,California,M
HL97125,High School or Below,4669,76157,116,0,Personal Auto,Two-Door Car,556,Nevada,F
NB18234,College,5384,30514,72,2,Personal Auto,Four-Door Car,154,Nevada,F
KH53118,Bachelor,7505,44485,62,0,Special Auto,Four-Door Car,79,California,F
UX94928,High School or Below,10551,50941,69,0,Personal Auto,Four-Door Car,331,Arizona,M
HO94329,College,25900,53105,110,0,Corporate Auto,SUV,365,Arizona,M
LW64678,Master,51016,25167,140,0,Personal Auto,SUV,422,California,F
CE11308,College,3575,30244,92,0,Personal Auto,Four-Door Car,383,Washington,M
DC46685,College,11638,25370,102,0,Corporate Auto,Luxury,489,California,F
LM69036,Master,14050,0,73,1,Corporate Auto,Four-Door Car,350,Oregon,M
MM83308,High School or Below,2379,69202,61,0,Personal Auto,Two-Door Car,292,Arizona,M
GL33494,Master,5460,31530,69,1,Personal Auto,Two-Door Car,331,Oregon,F
BH61054,College,6269,61040,78,0,Personal Auto,Two-Door Car,391,California,F
OJ77448,Bachelor,8709,85185,107,0,Corporate Auto,SUV,166,Arizona,F
IN10489,Master,5024,78772,62,0,Personal Auto,Four-Door Car,86,Nevada,F
FY32647,College,12515,0,63,0,Special Auto,Two-Door Car,577,California,M
YP17198,Master,22325,99241,70,0,Corporate Auto,Four-Door Car,48,Oregon,M
RB79317,Bachelor,3059,0,83,0,Personal Auto,Two-Door Car,197,Arizona,F
IE49043,College,6698,21114,180,0,Personal Auto,Luxury,864,Nevada,F
ZL82075,Master,5479,56005,68,1,Corporate Auto,Four-Door Car,326,Nevada,M
DV24592,College,2472,63860,62,0,Personal Auto,Four-Door Car,208,Oregon,F
XF89906,High School or Below,58207,29295,219,0,Personal Auto,Luxury,1328,Arizona,M
AD71478,High School or Below,3430,54339,86,0,Personal Auto,Four-Door Car,10,Arizona,M
SE15781,Bachelor,2396,0,66,2,Corporate Auto,Four-Door Car,433,California,F
YG71375,College,5964,98078,73,0,Personal Auto,Four-Door Car,418,Nevada,F
KH95802,College,2605,20592,71,1,Personal Auto,Two-Door Car,195,Arizona,M
FW16824,High School or Below,4758,72805,62,4,Corporate Auto,Four-Door Car,365,Oregon,M
FK17363,High School or Below,5154,55645,129,0,Personal Auto,SUV,619,Washington,F
DK66277,High School or Below,2805,98859,70,0,Personal Auto,Four-Door Car,504,California,M
FX67699,High School or Below,4250,0,61,1,Corporate Auto,Four-Door Car,292,Oregon,F
LC92080,College,7247,23541,62,0,Personal Auto,Two-Door Car,98,Oregon,M
CQ57225,Bachelor,5008,0,73,0,Corporate Auto,Two-Door Car,350,California,M
AM53473,Bachelor,5821,60087,74,0,Special Auto,Four-Door Car,355,Arizona,F
TE50227,College,18898,0,132,0,Personal Auto,SUV,1405,Arizona,M
IS45756,College,4756,48938,121,0,Personal Auto,SUV,580,Arizona,F
QA71190,Bachelor,8083,31506,102,0,Personal Auto,Four-Door Car,601,California,F
LD53393,Bachelor,7417,67454,185,0,Personal Auto,Luxury,1332,California,M
JO35068,Bachelor,2538,18608,71,0,Personal Auto,Four-Door Car,340,Nevada,M
EC71857,Doctor,2432,28519,61,0,Personal Auto,Four-Door Car,111,Washington,F
LB19360,Master,4170,29462,107,1,Personal Auto,SUV,513,Nevada,F
RM70340,High School or Below,2489,0,74,0,Corporate Auto,Four-Door Car,532,Oregon,M
YL34043,Bachelor,3758,58300,94,0,Personal Auto,Four-Door Car,24,Nevada,F
BQ88033,College,42389,82554,132,0,Personal Auto,Luxury,154,Oregon,M
SG46572,High School or Below,29830,0,102,0,Personal Auto,Luxury,489,California,F
LT94367,College,26134,0,111,0,Personal Auto,Luxury,673,California,M
FV83989,Bachelor,2453,29735,69,0,Personal Auto,Four-Door Car,331,Arizona,M
WO80705,Bachelor,2855,50738,71,0,Personal Auto,Four-Door Car,344,Arizona,F
CT51200,High School or Below,5771,65709,72,0,Corporate Auto,Four-Door Car,12,Oregon,F
IX65163,College,8098,0,123,0,Personal Auto,SUV,885,California,M
AP32891,High School or Below,3432,0,95,0,Personal Auto,Four-Door Car,456,Arizona,M
AY29281,Bachelor,9408,0,85,0,Corporate Auto,Four-Door Car,408,Arizona,F
UK18731,Bachelor,5595,19651,72,0,Personal Auto,Two-Door Car,345,California,F
JT32550,High School or Below,7260,0,72,0,Personal Auto,Four-Door Car,744,Washington,M
MT91823,College,13438,69693,112,1,Special Auto,Luxury,537,Arizona,F
FI11096,High School or Below,7324,0,104,0,Special Auto,SUV,1114,Arizona,F
QF13998,College,2357,0,65,1,Personal Auto,Four-Door Car,294,California,F
BC35753,College,2671,45525,66,0,Personal Auto,Two-Door Car,316,Arizona,F
LX74249,Bachelor,2938,96765,72,0,Personal Auto,Two-Door Car,216,Oregon,F
VX43756,College,4911,32903,64,3,Personal Auto,Four-Door Car,98,Oregon,M
JZ61928,College,5498,22520,73,0,Corporate Auto,Four-Door Car,350,California,M
DT59560,High School or Below,4757,67486,118,0,Personal Auto,Two-Door Car,529,California,F
CI99444,College,2926,92381,72,0,Special Auto,Four-Door Car,234,Nevada,F
JF25129,Master,8509,26057,74,0,Personal Auto,Four-Door Car,523,California,M
YB57848,Doctor,9928,75716,247,0,Personal Auto,Luxury,562,Oregon,F
DJ27518,High School or Below,10089,63657,128,0,Corporate Auto,Luxury,614,California,F
DO95670,Doctor,5073,57709,125,0,Personal Auto,SUV,600,Arizona,M
WV53830,Master,16301,19614,85,0,Personal Auto,Two-Door Car,574,Oregon,F
LY30169,High School or Below,3360,75216,84,1,Corporate Auto,Four-Door Car,65,California,M
AH41449,College,7907,24666,101,0,Personal Auto,Luxury,151,Nevada,M
GV21882,High School or Below,28328,20799,111,0,Personal Auto,Luxury,388,Nevada,F
FH14955,College,4467,0,64,0,Corporate Auto,Four-Door Car,307,California,M
JA60749,High School or Below,9035,34337,113,0,Personal Auto,Four-Door Car,542,Oregon,F
PB81005,Bachelor,5364,53562,135,0,Personal Auto,SUV,589,Oregon,M
OY88200,College,2706,22664,73,0,Personal Auto,Two-Door Car,350,Nevada,F
ZT72561,High School or Below,6167,27289,158,2,Personal Auto,Luxury,758,Arizona,M
ZF95586,Master,2476,54831,61,0,Personal Auto,Four-Door Car,136,Arizona,F
LV44800,High School or Below,3056,78310,76,0,Personal Auto,Four-Door Car,364,California,F
FC46260,Bachelor,5217,39854,66,0,Corporate Auto,Two-Door Car,261,California,F
HY68437,High School or Below,6744,0,90,0,Personal Auto,Four-Door Car,547,Oregon,M
XL50897,Master,15739,48096,131,0,Personal Auto,Luxury,450,Arizona,F
AR83514,High School or Below,7153,59522,89,0,Corporate Auto,Four-Door Car,427,Arizona,F
NA43540,High School or Below,8263,0,79,1,Corporate Auto,Two-Door Car,46,Washington,M
JP22499,Bachelor,3142,43285,83,0,Corporate Auto,Two-Door Car,265,California,M
KW84736,College,2691,33104,70,1,Personal Auto,Two-Door Car,336,California,M
EU21305,College,2500,56172,64,0,Personal Auto,Four-Door Car,307,Arizona,M
YT96284,Master,3728,83632,94,4,Personal Auto,Four-Door Car,216,Oregon,M
RH96816,Bachelor,2937,0,81,0,Personal Auto,Two-Door Car,388,Arizona,F
JB20173,Bachelor,10391,81439,90,1,Personal Auto,Two-Door Car,108,California,M
RR73059,College,2994,55911,74,0,Personal Auto,Four-Door Car,187,California,F
CH38655,Bachelor,14203,90456,71,0,Personal Auto,Four-Door Car,165,Oregon,M
IG12691,Bachelor,4490,0,64,0,Personal Auto,Two-Door Car,254,Arizona,F
NZ60700,High School or Below,10963,55687,276,0,Personal Auto,Luxury,1324,Washington,M
JL21509,College,3508,20978,98,1,Personal Auto,Four-Door Car,1176,California,M
GR76453,High School or Below,4942,82093,62,0,Personal Auto,Four-Door Car,266,Oregon,M
US63915,High School or Below,6218,51944,156,0,Corporate Auto,Luxury,748,Arizona,M
VY30333,College,6156,78824,77,0,Personal Auto,Four-Door Car,267,Nevada,M
AC42963,Bachelor,21423,0,65,0,Special Auto,Two-Door Car,312,California,M
AT89553,College,5926,23091,96,5,Personal Auto,Four-Door Car,460,California,M
DN76322,College,10295,24723,129,0,Corporate Auto,Luxury,619,Oregon,F
EZ48093,Bachelor,2710,31998,69,0,Corporate Auto,Four-Door Car,331,Arizona,M
DA34555,College,3363,80138,83,0,Personal Auto,Four-Door Car,209,California,F
RK63095,College,3122,72916,80,0,Personal Auto,Two-Door Car,384,California,M
OG69038,High School or Below,6220,0,65,2,Corporate Auto,Four-Door Car,468,Washington,F
SO98684,High School or Below,3455,0,91,0,Personal Auto,Four-Door Car,681,California,F
BZ85306,Bachelor,11855,0,170,0,Corporate Auto,SUV,1227,California,F
EV14479,Bachelor,7163,44527,94,2,Personal Auto,Four-Door Car,286,California,M
YD71702,Bachelor,3157,46655,82,0,Personal Auto,Four-Door Car,336,Oregon,M
UC69263,Bachelor,8336,0,67,2,Personal Auto,Two-Door Car,445,California,M
DH25145,High School or Below,5809,26975,73,0,Personal Auto,Two-Door Car,548,Arizona,F
KU94282,Master,10016,62900,62,0,Personal Auto,Two-Door Car,83,Oregon,F
UT18598,Bachelor,4914,14232,64,0,Personal Auto,Four-Door Car,307,California,F
DA40009,Bachelor,2750,34200,70,0,Corporate Auto,Four-Door Car,167,Washington,F
HU87011,Bachelor,5677,0,77,0,Personal Auto,Four-Door Car,369,California,F
EK40672,College,2393,22981,69,0,Personal Auto,Four-Door Car,16,California,M
ZH92587,College,8126,14616,107,0,Personal Auto,SUV,513,Oregon,F
EJ95100,Master,2774,0,74,0,Personal Auto,Four-Door Car,355,California,F
WS56675,High School or Below,4300,88590,107,0,Personal Auto,Two-Door Car,41,Oregon,F
UF28233,High School or Below,5221,60445,65,0,Personal Auto,Four-Door Car,279,Washington,F
HQ76003,High School or Below,12383,40602,105,0,Personal Auto,Luxury,459,Nevada,F
SS90882,College,7680,66795,64,0,Personal Auto,Four-Door Car,238,Oregon,F
ZN71189,Doctor,4014,37384,99,0,Personal Auto,Four-Door Car,475,Oregon,F
VX85673,High School or Below,4250,0,61,1,Personal Auto,Four-Door Car,292,Arizona,F
NP19156,Master,4624,28264,61,4,Corporate Auto,Four-Door Car,167,Arizona,F
ZV43428,Bachelor,27789,33806,89,0,Special Auto,Four-Door Car,395,Arizona,F
NK53911,High School or Below,7345,79980,91,0,Personal Auto,Two-Door Car,629,California,M
BG73480,High School or Below,5323,64706,135,0,Corporate Auto,SUV,77,Oregon,F
VY58444,College,4426,29660,112,0,Personal Auto,SUV,334,Nevada,F
SJ15498,Bachelor,6852,26313,87,0,Corporate Auto,Two-Door Car,417,Oregon,F
ZB71094,Bachelor,3534,19861,93,0,Corporate Auto,Four-Door Car,446,Oregon,M
UI99818,College,4349,75648,108,0,Personal Auto,SUV,112,Oregon,F
WS24655,College,29676,33992,194,1,Personal Auto,SUV,931,Oregon,F
LZ98947,Bachelor,24238,0,109,2,Personal Auto,SUV,784,Nevada,F
IC94523,College,11638,25370,102,0,Personal Auto,Luxury,489,California,F
TK59338,College,13559,98036,113,0,Personal Auto,SUV,662,Arizona,M
BV36386,College,4282,40864,109,1,Personal Auto,SUV,166,California,F
QT63794,Bachelor,9144,21150,116,0,Personal Auto,SUV,833,California,F
LF36128,College,7434,49057,63,0,Personal Auto,Two-Door Car,29,California,F
JK53304,High School or Below,6159,97658,76,1,Personal Auto,Four-Door Car,364,California,F
HU76577,Bachelor,3883,0,109,0,Personal Auto,SUV,765,California,M
JG81480,Bachelor,10622,25634,67,0,Personal Auto,Four-Door Car,144,Oregon,F
CC88237,High School or Below,5257,56154,67,0,Personal Auto,Two-Door Car,386,California,M
OV64984,Bachelor,4881,90892,61,0,Personal Auto,Two-Door Car,102,Arizona,M
VG45203,College,13197,0,68,3,Personal Auto,Four-Door Car,326,Nevada,F
YQ42353,Doctor,5334,72960,68,1,Personal Auto,Four-Door Car,143,Oregon,M
AP46166,High School or Below,4965,0,73,1,Personal Auto,Two-Door Car,525,California,F
UI36374,Bachelor,5470,54507,138,0,Corporate Auto,SUV,702,Oregon,F
ZR76229,College,3713,81190,92,0,Corporate Auto,Two-Door Car,356,Arizona,F
ZD65365,College,2894,28204,73,0,Personal Auto,Four-Door Car,486,Oregon,F
XI84293,High School or Below,1940,0,66,3,Personal Auto,Two-Door Car,475,Oregon,M
MT97446,Master,2647,26441,66,0,Corporate Auto,Two-Door Car,210,California,F
GM48223,Bachelor,5461,42650,69,0,Personal Auto,Four-Door Car,35,Oregon,F
YQ42614,High School or Below,2661,29195,68,0,Personal Auto,Two-Door Car,448,Washington,M
ZK56389,High School or Below,2397,22283,65,0,Special Auto,Four-Door Car,572,Arizona,F
MK19833,College,4567,15383,61,0,Corporate Auto,Two-Door Car,292,Arizona,M
TO12347,Bachelor,5534,16101,74,0,Personal Auto,Four-Door Car,437,California,M
KE63160,Bachelor,6057,27681,83,0,Personal Auto,Two-Door Car,398,Oregon,M
SR49919,Bachelor,10656,72540,88,0,Personal Auto,Two-Door Car,631,Arizona,F
CI38171,Bachelor,13798,42780,181,2,Personal Auto,Luxury,868,Washington,F
VK42108,Bachelor,18060,57882,115,0,Corporate Auto,SUV,552,Washington,F
NB86692,College,2690,60060,67,0,Personal Auto,Four-Door Car,320,Nevada,F
YN15967,College,7409,61160,96,0,Corporate Auto,Two-Door Car,354,California,M
KU56071,College,4991,93416,62,0,Personal Auto,Two-Door Car,246,Oregon,F
LN47910,College,4434,83220,110,0,Personal Auto,Four-Door Car,528,Arizona,F
CY80935,High School or Below,14748,31226,93,0,Personal Auto,Four-Door Car,446,Oregon,M
SA84892,High School or Below,4916,66982,121,0,Corporate Auto,SUV,871,California,F
LY93301,Bachelor,12495,0,61,0,Corporate Auto,Two-Door Car,292,Oregon,M
FG63647,Bachelor,12877,0,117,0,Personal Auto,Four-Door Car,561,Nevada,M
VX79712,Doctor,6775,27354,86,1,Personal Auto,Two-Door Car,412,Washington,M
UH59257,Doctor,7540,61726,96,2,Personal Auto,Two-Door Car,689,Washington,M
ME84824,College,5989,66839,154,0,Personal Auto,Luxury,739,Arizona,M
ZR68364,College,9171,60433,77,0,Personal Auto,Four-Door Car,369,California,M
WQ25142,Bachelor,21528,11538,82,0,Corporate Auto,Four-Door Car,393,California,M
OW84481,High School or Below,2675,67837,69,4,Personal Auto,Four-Door Car,430,Nevada,M
FU77365,Bachelor,9246,40032,118,2,Personal Auto,SUV,717,California,F
MR46875,Master,4860,41126,61,0,Corporate Auto,Four-Door Car,199,Washington,M
PT46181,College,2471,65176,62,0,Personal Auto,Four-Door Car,297,California,M
LT41574,Bachelor,2760,34717,70,2,Special Auto,Four-Door Car,336,Oregon,F
WX16395,College,4270,0,122,0,Personal Auto,SUV,725,California,M
HD82971,High School or Below,3136,0,89,0,Personal Auto,Four-Door Car,640,Arizona,F
ZC17276,Master,7755,0,110,0,Personal Auto,Four-Door Car,528,California,M
OR27665,Bachelor,4927,0,67,0,Personal Auto,Two-Door Car,132,Washington,F
VO75043,Bachelor,6661,0,95,0,Personal Auto,Four-Door Car,456,Oregon,M
LZ78622,High School or Below,6529,44379,83,1,Special Auto,Four-Door Car,398,California,M
PK24825,College,3293,0,94,0,Corporate Auto,Four-Door Car,676,Oregon,F
HG93801,High School or Below,5154,82730,127,0,Corporate Auto,SUV,442,Arizona,M
PJ36749,High School or Below,5597,37995,139,0,Personal Auto,SUV,667,Washington,F
IJ33473,Bachelor,20766,0,73,2,Personal Auto,Two-Door Car,350,California,F
CH96412,Doctor,5423,85018,68,3,Personal Auto,Four-Door Car,62,Oregon,F
PR74833,Bachelor,5553,0,89,1,Personal Auto,Two-Door Car,640,Oregon,M
ZS36394,Bachelor,5504,0,73,0,Corporate Auto,Four-Door Car,350,California,F
DP50922,High School or Below,12663,72109,105,0,Personal Auto,Luxury,504,California,M
VY23882,Bachelor,5548,67798,69,0,Personal Auto,Four-Door Car,331,Arizona,M
UH62357,High School or Below,4389,0,118,1,Personal Auto,SUV,670,Washington,F
BG74433,Bachelor,2604,0,74,0,Corporate Auto,Four-Door Car,532,Oregon,F
TI19394,College,2918,80714,72,0,Personal Auto,Four-Door Car,345,Oregon,M
AQ91207,High School or Below,2487,38667,63,0,Personal Auto,Four-Door Car,293,California,M
QL46987,Bachelor,9082,34430,117,0,Personal Auto,Four-Door Car,232,Oregon,F
BS34332,High School or Below,5557,83576,69,0,Personal Auto,Two-Door Car,331,Oregon,F
IJ26642,Bachelor,5107,35625,65,1,Personal Auto,Four-Door Car,288,Nevada,F
XS36281,College,5570,85718,139,1,Personal Auto,Luxury,540,Washington,F
SR47878,High School or Below,5595,74454,71,0,Personal Auto,Four-Door Car,340,California,F
HG53255,College,11243,66146,96,0,Personal Auto,Two-Door Car,250,Nevada,M
QV65644,High School or Below,6113,0,88,0,Personal Auto,Four-Door Car,1034,Oregon,M
ZW76597,Bachelor,5271,13215,74,1,Corporate Auto,Four-Door Car,443,California,F
SM80235,High School or Below,2746,62302,70,0,Personal Auto,Four-Door Car,504,Oregon,M
FE24232,High School or Below,4729,0,124,0,Corporate Auto,Luxury,630,Nevada,F
BY78730,High School or Below,8879,52583,113,0,Special Auto,SUV,528,Oregon,F
CR40615,Bachelor,3106,22076,85,0,Personal Auto,Four-Door Car,422,Arizona,M
WL24392,Bachelor,5860,94527,73,0,Personal Auto,Four-Door Car,41,Arizona,M
MZ81826,High School or Below,9035,34337,113,0,Personal Auto,Four-Door Car,542,Arizona,F
EO99750,Master,7256,29053,181,0,Personal Auto,Luxury,404,Nevada,F
HF82396,High School or Below,14428,0,68,0,Personal Auto,Two-Door Car,326,Oregon,F
DH68319,College,2787,62506,69,0,Personal Auto,Two-Door Car,331,Oregon,F
EG12987,Bachelor,4845,0,65,0,Personal Auto,Two-Door Car,129,California,F
ZU71467,Bachelor,5460,45404,70,2,Corporate Auto,Two-Door Car,266,Arizona,M
AD95939,Bachelor,26511,28773,229,0,Personal Auto,Luxury,1099,California,M
TB71474,College,3141,24019,79,0,Personal Auto,Four-Door Car,47,Nevada,F
WN76039,Bachelor,2545,0,71,0,Special Auto,Four-Door Car,340,Nevada,F
HI16472,College,8355,23666,104,0,Personal Auto,SUV,499,Arizona,F
VG43444,Bachelor,3837,36794,99,0,Personal Auto,Four-Door Car,712,Oregon,M
QI11566,Bachelor,2534,25163,67,0,Corporate Auto,Two-Door Car,321,Oregon,F
JM98365,Doctor,5762,66156,72,0,Personal Auto,Four-Door Car,345,Nevada,M
CP67787,Bachelor,15936,0,76,0,Personal Auto,Four-Door Car,364,California,F
LM83004,High School or Below,12552,10147,67,0,Personal Auto,Four-Door Car,459,Arizona,M
JM77470,College,2352,0,64,0,Corporate Auto,Four-Door Car,381,Arizona,F
WI47826,College,4935,95765,61,0,Personal Auto,Four-Door Car,352,Oregon,F
GE39783,College,5356,60752,67,0,Personal Auto,Four-Door Car,414,Oregon,F
JN96178,High School or Below,3740,0,104,1,Personal Auto,SUV,499,Oregon,M
KH41809,College,2489,31058,67,5,Personal Auto,Two-Door Car,309,California,F
KX86150,High School or Below,7188,13542,94,0,Personal Auto,Four-Door Car,451,California,M
GX33877,Bachelor,35022,25270,99,0,Personal Auto,Two-Door Car,712,Arizona,F
IQ15028,Bachelor,2661,24152,72,2,Personal Auto,Four-Door Car,345,Arizona,F
WE11250,College,12200,60282,102,0,Corporate Auto,SUV,120,Washington,F
OX61728,High School or Below,29006,40252,104,0,Personal Auto,Luxury,499,California,F
VW39046,College,3873,28142,105,0,Personal Auto,Luxury,701,Nevada,M
VE52406,High School or Below,2471,95697,61,0,Corporate Auto,Two-Door Car,114,California,M
KQ30179,Bachelor,2688,89771,67,2,Personal Auto,Two-Door Car,104,California,M
KH58171,Master,2551,79751,63,0,Personal Auto,Two-Door Car,392,California,M
CA58346,High School or Below,4949,0,69,0,Corporate Auto,Four-Door Car,331,Oregon,F
ZU76536,High School or Below,6143,45032,77,0,Personal Auto,Four-Door Car,36,California,F
UN69319,Master,8837,62277,113,0,Corporate Auto,SUV,249,Arizona,M
MG66142,Bachelor,9517,0,87,0,Personal Auto,Four-Door Car,417,Oregon,F
MV97958,Bachelor,2879,40525,73,0,Personal Auto,Four-Door Car,123,Arizona,F
AG58599,High School or Below,2805,26004,70,0,Personal Auto,Four-Door Car,336,Oregon,F
UG35090,College,6045,82399,77,3,Personal Auto,Four-Door Car,31,California,F
IX85835,Bachelor,5246,28909,66,0,Personal Auto,Two-Door Car,456,Nevada,F
FP67680,High School or Below,4772,15323,128,0,Personal Auto,SUV,614,California,M
WY21918,College,3867,79628,98,0,Personal Auto,Four-Door Car,470,Washington,F
PM92089,High School or Below,3383,0,97,0,Corporate Auto,Two-Door Car,698,Oregon,F
AY59197,College,9521,27769,121,0,Special Auto,SUV,123,Nevada,M
VI14418,Bachelor,7614,16707,102,0,Special Auto,Four-Door Car,1106,California,M
QI60335,College,11308,0,66,0,Personal Auto,Four-Door Car,316,Nevada,F
BS87947,Bachelor,3350,94395,83,0,Personal Auto,Four-Door Car,582,California,F
DW88734,Bachelor,2683,84895,67,0,Corporate Auto,Two-Door Car,321,California,M
BU72633,Master,42561,66661,119,0,Personal Auto,SUV,571,Nevada,M
VK94891,High School or Below,2086,0,62,0,Personal Auto,Two-Door Car,446,Nevada,M
VE75717,High School or Below,4868,31447,121,0,Personal Auto,SUV,580,Nevada,F
JG16015,College,5021,61987,125,0,Personal Auto,SUV,723,Washington,F
CD68182,College,3671,42460,91,0,Personal Auto,Two-Door Car,347,Oregon,F
WM64930,College,5253,12811,150,2,Corporate Auto,SUV,720,Oregon,M
BJ82316,Bachelor,12036,44428,104,0,Corporate Auto,SUV,499,Oregon,M
XB61209,College,3508,0,97,0,Personal Auto,Four-Door Car,698,Arizona,F
AT26484,College,3818,25221,103,5,Special Auto,Four-Door Car,616,Nevada,M
IW21434,Bachelor,2570,44940,65,0,Corporate Auto,Four-Door Car,284,Oregon,F
CP74755,College,2846,39192,71,0,Corporate Auto,Four-Door Car,352,Oregon,F
IV13886,High School or Below,7292,0,68,0,Personal Auto,Two-Door Car,415,California,M
SW42446,College,10581,42513,133,0,Corporate Auto,Luxury,628,California,F
RO16377,High School or Below,23144,59821,193,0,Personal Auto,Luxury,1389,Oregon,M
CE46475,College,4605,22571,63,0,Corporate Auto,Four-Door Car,302,California,F
HE60335,Bachelor,3939,60021,99,0,Corporate Auto,Four-Door Car,882,Washington,F
RI69055,High School or Below,8104,58172,67,0,Personal Auto,Four-Door Car,141,California,F
VD96075,Bachelor,4165,58299,105,1,Personal Auto,Four-Door Car,504,Oregon,M
VI55112,College,14065,25275,61,0,Corporate Auto,Four-Door Car,214,Oregon,M
VZ18907,College,21991,80807,109,0,Personal Auto,SUV,132,Oregon,F
BA49679,Bachelor,7590,52348,65,1,Personal Auto,Two-Door Car,312,Arizona,F
LK39646,Bachelor,8018,58843,68,0,Corporate Auto,Two-Door Car,200,Washington,F
VI66860,Master,3554,58557,88,0,Corporate Auto,Four-Door Car,55,Nevada,F
RP14593,Bachelor,3945,0,105,0,Personal Auto,SUV,933,Oregon,F
FP34904,College,2915,86599,73,0,Corporate Auto,Four-Door Car,350,Oregon,M
FG15434,Master,5554,52984,69,0,Personal Auto,Two-Door Car,167,Arizona,F
TP12436,Master,5329,0,72,0,Personal Auto,Four-Door Car,345,Oregon,F
KD93234,High School or Below,5502,0,72,0,Corporate Auto,Four-Door Car,345,Oregon,F
GE20220,Bachelor,7606,47778,96,0,Personal Auto,Four-Door Car,173,Oregon,F
RA98783,Bachelor,27789,33806,89,0,Corporate Auto,Four-Door Car,395,Arizona,F
DW71192,High School or Below,5971,52018,78,3,Personal Auto,Four-Door Car,374,Oregon,M
WD84153,Bachelor,2248,24910,63,1,Corporate Auto,Four-Door Car,347,California,F
ZM75468,College,10745,39135,91,0,Personal Auto,Four-Door Car,436,Nevada,M
PZ75671,College,7223,0,97,0,Personal Auto,Four-Door Car,465,Oregon,F
ME80331,High School or Below,9384,0,133,0,Personal Auto,SUV,957,California,M
YA78391,High School or Below,5709,0,78,0,Personal Auto,Four-Door Car,410,Oregon,M
WU76366,Bachelor,4983,28726,65,0,Personal Auto,Four-Door Car,468,Arizona,M
HB35022,Doctor,13561,0,122,0,Special Auto,Luxury,585,Oregon,M
AM17304,Master,7218,45356,90,0,Personal Auto,Four-Door Car,462,Arizona,F
AD56037,High School or Below,5160,87050,129,0,Personal Auto,SUV,619,Arizona,M
IJ74908,Bachelor,13115,20705,171,1,Personal Auto,SUV,237,Nevada,M
DH93217,Master,29874,52651,94,0,Personal Auto,Two-Door Car,451,California,F
WH48955,Master,20237,55270,63,0,Personal Auto,Two-Door Car,302,Oregon,F
RU76604,College,2580,46900,66,0,Personal Auto,Four-Door Car,316,Arizona,M
NE52009,College,39561,60500,110,0,Personal Auto,Luxury,770,California,M
FP66510,High School or Below,8186,43877,102,0,Corporate Auto,SUV,414,Washington,F
TW46585,Bachelor,4767,0,72,0,Corporate Auto,Four-Door Car,345,Nevada,M
PE42960,Bachelor,8474,58488,73,2,Personal Auto,Four-Door Car,350,California,M
LO28839,Bachelor,4723,29193,61,3,Corporate Auto,Four-Door Car,292,California,F
QY41855,College,10484,61108,89,0,Personal Auto,Four-Door Car,49,Arizona,F
UA53326,College,3304,23931,95,0,Personal Auto,Four-Door Car,456,Oregon,F
UK59933,College,5002,0,70,0,Personal Auto,Four-Door Car,504,California,M
LM37855,College,7607,0,104,0,Personal Auto,SUV,638,California,M
UV89069,Bachelor,2802,34628,71,0,Personal Auto,Four-Door Car,132,Nevada,F
NK40551,High School or Below,7455,74089,94,2,Personal Auto,Four-Door Car,648,California,F
RR47424,High School or Below,21766,0,290,0,Personal Auto,Luxury,1550,California,F
DU68331,College,7316,30493,62,1,Personal Auto,Two-Door Car,108,Oregon,F
LI76661,Bachelor,7443,89285,93,0,Corporate Auto,Two-Door Car,243,Oregon,M
CM94209,High School or Below,3086,92147,77,2,Personal Auto,Four-Door Car,278,Oregon,F
BN38134,Bachelor,6727,39428,84,2,Personal Auto,Two-Door Car,72,Washington,F
VQ72305,High School or Below,20266,21542,103,0,Special Auto,Luxury,494,California,M
YK26558,College,5264,0,72,0,Special Auto,Four-Door Car,135,California,F
XU20264,Bachelor,8564,23506,113,0,Personal Auto,Four-Door Car,813,Arizona,M
LG85340,Bachelor,8086,70811,100,0,Personal Auto,Luxury,141,Oregon,F
JZ64443,Bachelor,4705,0,78,3,Corporate Auto,Four-Door Car,555,Washington,F
CY45848,Bachelor,4273,82214,106,1,Personal Auto,Four-Door Car,239,Oregon,F
AU13233,High School or Below,5908,71401,73,0,Personal Auto,Four-Door Car,287,California,F
IH35630,High School or Below,41787,46587,119,2,Personal Auto,Four-Door Car,571,Oregon,F
JP55271,High School or Below,10633,80046,132,0,Personal Auto,SUV,260,Oregon,F
TT47031,Bachelor,5450,76389,68,0,Personal Auto,Four-Door Car,262,Arizona,F
JN55850,Doctor,7035,77235,87,0,Personal Auto,Two-Door Car,310,California,M
LH94176,High School or Below,8203,38595,74,3,Personal Auto,Four-Door Car,415,Arizona,M
ZB87718,College,8714,0,118,0,Personal Auto,SUV,566,Arizona,F
UQ40371,Master,3352,55359,83,0,Special Auto,Four-Door Car,303,Nevada,F
XJ92660,Master,5017,79814,62,0,Personal Auto,Four-Door Car,31,Nevada,F
SG51792,Bachelor,2753,75277,70,3,Corporate Auto,Two-Door Car,459,Arizona,F
DA73502,Bachelor,2619,78618,66,0,Personal Auto,Two-Door Car,225,Oregon,M
UF81905,Doctor,4867,20123,63,0,Personal Auto,Four-Door Car,302,California,F
PL44132,College,3061,88362,78,0,Personal Auto,Two-Door Car,452,Arizona,M
US29010,Bachelor,3545,0,116,3,Corporate Auto,SUV,835,Oregon,M
DW72445,College,3259,52782,85,4,Personal Auto,Four-Door Car,541,Oregon,M
MU53244,Bachelor,5095,0,137,0,Personal Auto,SUV,452,California,F
EE57466,High School or Below,2397,22283,65,0,Personal Auto,Four-Door Car,572,Arizona,F
QV86635,Bachelor,7427,28848,96,0,Corporate Auto,Two-Door Car,450,California,M
RT51330,Doctor,2510,0,64,0,Corporate Auto,Four-Door Car,437,California,F
QW44380,High School or Below,2637,54378,66,0,Personal Auto,Four-Door Car,316,Washington,M
IK66117,High School or Below,4969,21827,67,0,Special Auto,Four-Door Car,321,California,M
TD86744,High School or Below,34611,20090,109,0,Personal Auto,Luxury,523,Arizona,F
TX35222,College,11618,27750,297,1,Personal Auto,Luxury,1425,Washington,F
PJ92694,High School or Below,4762,57135,61,0,Corporate Auto,Four-Door Car,156,California,M
YM88338,Bachelor,4879,58580,61,0,Personal Auto,Four-Door Car,292,California,F
YN61339,College,4330,60475,107,0,Personal Auto,Four-Door Car,513,Oregon,M
FP45327,College,9095,37937,116,0,Personal Auto,SUV,556,Washington,M
IZ26849,Bachelor,5524,70360,69,0,Personal Auto,Two-Door Car,331,Oregon,F
YY16391,College,11836,0,119,0,Personal Auto,Four-Door Car,856,Oregon,M
GX44284,Bachelor,2588,47509,66,0,Personal Auto,Four-Door Car,93,California,M
LV14566,Master,7176,27071,183,0,Personal Auto,Luxury,878,Nevada,M
KQ50003,High School or Below,27890,46546,99,0,Special Auto,Four-Door Car,319,Arizona,F
IW87075,Bachelor,7280,32627,67,4,Personal Auto,Four-Door Car,54,Arizona,M
QY46560,Bachelor,2152,0,65,0,Personal Auto,Two-Door Car,460,Arizona,M
PD79570,Bachelor,4334,0,116,0,Personal Auto,Four-Door Car,1065,Oregon,F
IM78342,College,8630,0,122,2,Personal Auto,SUV,585,Oregon,F
NT19879,Bachelor,4766,29177,64,2,Personal Auto,Four-Door Car,307,Arizona,F
SW98498,College,10439,88233,88,0,Personal Auto,Four-Door Car,253,California,M
WL42517,College,3747,0,107,0,Personal Auto,SUV,549,Washington,F
LR82946,Bachelor,6617,0,195,0,Personal Auto,Luxury,1404,Oregon,M
KT61396,College,3821,79189,95,0,Corporate Auto,Two-Door Car,50,California,F
GD56260,Master,2863,41077,71,0,Personal Auto,Two-Door Car,82,Oregon,F
YD45660,Bachelor,9420,47048,118,0,Personal Auto,SUV,566,Arizona,F
XN50058,Doctor,8767,45484,111,0,Corporate Auto,Four-Door Car,532,California,M
QO61775,Master,4571,79453,115,0,Personal Auto,SUV,242,California,M
PZ67684,College,14514,88753,181,0,Personal Auto,Luxury,868,Arizona,F
IK77998,High School or Below,2588,0,74,0,Personal Auto,Four-Door Car,851,Washington,M
FL96333,College,6243,73945,78,0,Personal Auto,Two-Door Car,330,Nevada,M
EI58541,College,2719,14030,72,0,Personal Auto,Two-Door Car,345,Washington,F
WW68250,Bachelor,2719,81799,68,0,Personal Auto,Four-Door Car,326,Oregon,M
XT19780,High School or Below,4803,23634,62,0,Personal Auto,Two-Door Car,440,Oregon,F
SE44262,Bachelor,2856,0,78,0,Personal Auto,Four-Door Car,374,California,M
GO86980,Bachelor,5169,56334,65,0,Corporate Auto,Two-Door Car,421,Oregon,F
ZB69355,Bachelor,4082,23206,107,0,Personal Auto,Luxury,513,Oregon,F
TM12486,High School or Below,2959,28140,85,0,Personal Auto,Four-Door Car,612,Oregon,M
NB86870,High School or Below,16468,0,63,0,Personal Auto,Four-Door Car,685,Arizona,F
SS12362,High School or Below,12779,0,88,0,Special Auto,Four-Door Car,633,California,M
VW58299,Bachelor,12168,14973,115,0,Personal Auto,SUV,828,California,M
TG37039,Bachelor,6240,0,87,0,Personal Auto,Four-Door Car,712,Oregon,F
RO25639,Doctor,5442,25884,69,3,Personal Auto,Four-Door Car,292,Nevada,F
JK35644,Master,3551,11607,96,0,Corporate Auto,Four-Door Car,313,Oregon,M
DK69871,Master,24138,53691,67,0,Personal Auto,Four-Door Car,175,Nevada,M
OU43146,Bachelor,15415,89464,194,1,Personal Auto,Luxury,1067,Oregon,M
KN47424,High School or Below,5517,60596,71,4,Personal Auto,Four-Door Car,180,Oregon,F
ZX80668,Bachelor,13448,43720,117,1,Personal Auto,SUV,561,Nevada,M
OI80614,High School or Below,6689,56980,84,0,Personal Auto,Two-Door Car,599,California,M
JA44693,College,7222,0,68,0,Personal Auto,Four-Door Car,350,Oregon,F
FI61059,College,4311,0,67,1,Personal Auto,Four-Door Car,482,Oregon,M
ZF81243,Bachelor,4376,63774,111,0,Personal Auto,Four-Door Car,60,Nevada,F
XD19934,High School or Below,10506,61650,88,0,Personal Auto,Four-Door Car,117,Oregon,M
TA77711,College,8667,31354,109,0,Personal Auto,SUV,527,Oregon,M
PS92059,Doctor,5938,44190,74,0,Corporate Auto,Four-Door Car,10,California,F
TT19625,Bachelor,15277,38183,191,0,Personal Auto,Luxury,981,Nevada,F
EV95033,Master,2551,79751,63,0,Special Auto,Two-Door Car,392,Oregon,M
CS30775,High School or Below,4191,0,64,1,Personal Auto,Two-Door Car,535,California,M
CI51999,College,8161,12266,114,1,Personal Auto,SUV,732,Arizona,M
HK96298,Master,2784,61807,70,0,Personal Auto,Four-Door Car,104,California,M
UO59377,High School or Below,10083,11828,90,0,Personal Auto,Four-Door Car,571,Arizona,F
OU99581,Bachelor,19363,49945,70,0,Personal Auto,Four-Door Car,50,California,M
SN63066,Bachelor,7154,28204,182,0,Personal Auto,Luxury,532,Nevada,F
DK92504,High School or Below,8779,54726,219,0,Corporate Auto,Luxury,1051,Arizona,M
DW72437,Master,2731,43386,68,0,Personal Auto,Two-Door Car,315,Oregon,F
GE49670,High School or Below,7429,0,101,0,Personal Auto,Four-Door Car,549,Arizona,M
TK38409,College,2616,72302,66,0,Personal Auto,Two-Door Car,316,Nevada,M
OD89873,Bachelor,8044,71391,67,0,Corporate Auto,Four-Door Car,284,Arizona,M
KW41658,Bachelor,2534,21606,71,3,Personal Auto,Four-Door Car,340,Arizona,M
UZ35113,Bachelor,10014,74489,124,0,Special Auto,SUV,128,California,F
HO81102,High School or Below,4745,50549,61,0,Personal Auto,Four-Door Car,292,Washington,M
SM42781,Bachelor,14040,0,195,1,Personal Auto,Luxury,669,Arizona,F
TB40283,Bachelor,14635,0,139,0,Corporate Auto,SUV,667,California,F
CR76145,College,3885,0,105,0,Personal Auto,Four-Door Car,504,California,M
TK45392,Bachelor,5107,35625,65,1,Personal Auto,Four-Door Car,288,California,F
JN78502,High School or Below,9384,25370,116,0,Special Auto,SUV,556,Washington,F
KZ60207,College,5007,51523,62,0,Personal Auto,Four-Door Car,297,Arizona,M
BR50492,Bachelor,49423,85058,137,0,Personal Auto,SUV,595,Arizona,M
ES21306,Bachelor,8558,0,125,0,Personal Auto,SUV,615,California,M
AT29024,High School or Below,4892,27005,61,0,Corporate Auto,Four-Door Car,311,California,F
NP23146,College,5365,62808,66,0,Special Auto,Two-Door Car,211,Arizona,F
SY48471,High School or Below,5163,88692,64,0,Personal Auto,Four-Door Car,253,California,F
GJ47397,High School or Below,38055,0,115,0,Special Auto,SUV,552,Oregon,M
CE69971,Master,7403,19064,98,1,Personal Auto,Four-Door Car,136,Oregon,F
GM54859,High School or Below,6051,0,88,0,Personal Auto,Two-Door Car,633,Oregon,M
WY27579,Bachelor,7229,60345,93,0,Personal Auto,Two-Door Car,36,Oregon,M
ZT87452,Bachelor,3300,59592,84,0,Personal Auto,Four-Door Car,161,Oregon,F
JM35350,College,5505,15648,73,1,Special Auto,Two-Door Car,413,California,F
PT40521,Bachelor,4334,23904,123,3,Corporate Auto,SUV,590,California,F
TN71469,College,4349,90893,110,0,Personal Auto,SUV,700,Oregon,F
GE26813,High School or Below,4882,0,66,0,Personal Auto,Four-Door Car,475,Arizona,M
LU37653,College,10114,74001,84,0,Corporate Auto,Four-Door Car,224,Oregon,F
QW40254,College,5259,28447,67,0,Personal Auto,Four-Door Car,321,Oregon,M
MH76107,College,4013,56586,100,0,Personal Auto,Luxury,121,California,M
ZH28728,Bachelor,6285,0,172,0,Personal Auto,SUV,825,Oregon,M
SF29524,Doctor,4518,19186,62,0,Personal Auto,Four-Door Car,297,Oregon,M
WT21922,High School or Below,17738,65348,110,0,Corporate Auto,Luxury,134,Arizona,F
WZ56476,Doctor,6265,0,84,1,Personal Auto,Four-Door Car,481,California,F
PP62909,Master,12168,0,109,0,Special Auto,Luxury,30,Oregon,F
XY57950,College,3618,0,99,0,Special Auto,Four-Door Car,475,California,M
RA97108,High School or Below,6474,0,91,0,Personal Auto,Four-Door Car,436,Oregon,F
LT57545,College,5575,18892,73,0,Personal Auto,Four-Door Car,106,California,F
MM97107,High School or Below,32144,19066,103,0,Personal Auto,Two-Door Car,494,Oregon,M
PO26937,Bachelor,8223,95102,101,0,Corporate Auto,Four-Door Car,94,Oregon,M
GJ99406,College,7462,70263,93,0,Corporate Auto,Two-Door Car,7,Arizona,F
LU86185,Master,9031,0,122,0,Corporate Auto,Luxury,650,California,F
RO82935,High School or Below,7028,18120,63,4,Personal Auto,Two-Door Car,302,Nevada,F
SC47383,Bachelor,7406,38169,62,0,Corporate Auto,Four-Door Car,71,Nevada,F
LV27997,College,7582,64801,64,0,Personal Auto,Four-Door Car,268,Oregon,M
RJ32720,College,10719,86036,90,3,Personal Auto,Four-Door Car,501,Arizona,F
KR90607,College,3721,0,101,0,Personal Auto,SUV,862,Washington,F
PZ95949,Doctor,3528,31278,92,4,Personal Auto,Two-Door Car,441,Arizona,M
GI25850,High School or Below,17085,20053,62,1,Personal Auto,Four-Door Car,9,Arizona,F
QH60569,College,11955,71587,99,0,Personal Auto,Two-Door Car,133,California,F
II27516,High School or Below,6366,44368,80,0,Personal Auto,Two-Door Car,384,California,M
QI21338,High School or Below,4669,76157,116,0,Personal Auto,Two-Door Car,556,Oregon,F
HG83893,High School or Below,9100,59183,113,0,Personal Auto,SUV,542,Nevada,F
RN66346,Master,14663,91015,73,1,Personal Auto,Two-Door Car,119,California,M
RS53995,College,7529,52774,66,4,Corporate Auto,Two-Door Car,78,California,M
TD90177,College,2647,37876,69,0,Personal Auto,Four-Door Car,300,Oregon,M
FP11025,Bachelor,8072,57938,101,0,Special Auto,SUV,282,California,F
SA62385,High School or Below,7644,26526,99,0,Personal Auto,Four-Door Car,523,Oregon,F
NL68893,Bachelor,2485,76608,62,0,Personal Auto,Four-Door Car,91,California,M
LA31975,College,13144,0,194,0,Personal Auto,Luxury,931,Arizona,M
RM31359,High School or Below,3129,48056,78,0,Corporate Auto,Four-Door Car,374,Oregon,F
WM19996,Bachelor,8349,45428,109,1,Corporate Auto,SUV,487,California,M
SU32452,Bachelor,3241,89196,81,0,Personal Auto,Four-Door Car,41,Arizona,F
MZ79386,Bachelor,6925,88893,86,0,Personal Auto,Four-Door Car,72,California,F
OY15095,Bachelor,5098,0,97,4,Personal Auto,Two-Door Car,609,Oregon,M
UV99893,Bachelor,2885,92722,72,1,Corporate Auto,Two-Door Car,28,Arizona,F
LD48189,High School or Below,5979,57693,76,0,Personal Auto,Four-Door Car,547,Nevada,F
EK13316,Bachelor,5416,53249,67,0,Personal Auto,Four-Door Car,343,Arizona,F
FE82005,Bachelor,2345,26304,63,0,Personal Auto,Four-Door Car,302,Oregon,F
BL44708,High School or Below,12556,0,70,0,Personal Auto,Two-Door Car,504,California,F
PQ65328,High School or Below,2839,71460,74,5,Personal Auto,Four-Door Car,93,Oregon,M
AA56476,High School or Below,5595,74454,71,0,Corporate Auto,Four-Door Car,340,Arizona,F
BL66157,Bachelor,3979,96413,99,0,Personal Auto,Four-Door Car,560,California,F
SN26999,High School or Below,10925,98542,90,0,Personal Auto,Two-Door Car,432,Oregon,F
TS81548,Master,5669,43416,70,0,Personal Auto,Four-Door Car,336,Oregon,F
DY34902,High School or Below,5168,81182,64,0,Corporate Auto,Four-Door Car,307,Oregon,F
SX75100,Bachelor,2760,79065,69,0,Corporate Auto,Four-Door Car,290,Arizona,M
LZ98529,High School or Below,10382,11721,102,2,Personal Auto,SUV,560,Arizona,M
FM10372,College,3816,82414,95,0,Personal Auto,Four-Door Car,30,California,F
QX54666,High School or Below,11172,14533,63,0,Personal Auto,Four-Door Car,302,California,M
FR48094,High School or Below,2456,0,73,0,Personal Auto,Four-Door Car,525,Arizona,M
FH61723,Bachelor,7480,52513,65,3,Personal Auto,Two-Door Car,91,California,F
QY83498,College,2659,0,87,3,Personal Auto,Four-Door Car,420,Oregon,F
GC81619,Master,4626,79487,114,0,Personal Auto,SUV,547,Oregon,F
BD84823,High School or Below,12157,57449,103,0,Personal Auto,Four-Door Car,494,Oregon,M
EU78163,College,4792,20181,66,2,Personal Auto,Four-Door Car,316,California,F
FD34314,Bachelor,2821,73339,71,0,Corporate Auto,Four-Door Car,244,Arizona,M
HS74723,College,17441,80969,217,0,Personal Auto,Luxury,1041,Arizona,F
LX27768,Bachelor,4202,74057,105,1,Personal Auto,SUV,632,Oregon,F
YB91420,Bachelor,7851,32225,66,0,Personal Auto,Four-Door Car,316,Oregon,F
QA45054,High School or Below,8932,60909,112,0,Personal Auto,SUV,412,Arizona,F
CO53758,High School or Below,5059,70999,63,0,Corporate Auto,Four-Door Car,305,California,M
CW57656,College,11196,75457,93,0,Personal Auto,Four-Door Car,151,Oregon,F
MR22119,High School or Below,4430,24059,112,0,Personal Auto,SUV,537,Oregon,M
DI22093,College,10330,56480,87,0,Personal Auto,Four-Door Car,384,California,M
PQ35034,College,9918,37586,63,0,Corporate Auto,Two-Door Car,153,Oregon,F
XB30904,High School or Below,5876,97026,73,0,Personal Auto,Two-Door Car,97,Arizona,M
VF15321,College,2734,54010,69,0,Personal Auto,Four-Door Car,331,Washington,M
LX71137,Bachelor,3694,87485,92,0,Personal Auto,Four-Door Car,441,Arizona,F
SI35064,Bachelor,9521,74583,118,0,Personal Auto,SUV,161,Washington,F
SI26369,College,4377,0,64,0,Personal Auto,Two-Door Car,460,Oregon,M
LD69905,High School or Below,6431,21238,95,4,Personal Auto,Four-Door Car,456,Arizona,M
VY84895,High School or Below,6722,0,93,0,Personal Auto,Four-Door Car,669,Nevada,F
UA38043,High School or Below,2397,22283,65,0,Personal Auto,Four-Door Car,572,California,F
WM46083,Master,2393,58237,63,3,Personal Auto,Two-Door Car,273,Arizona,M
GQ57207,Bachelor,2359,19864,63,0,Personal Auto,Four-Door Car,352,California,F
CQ80529,College,4080,57283,106,1,Personal Auto,SUV,337,Oregon,F
LN99954,Master,26999,0,104,0,Personal Auto,Four-Door Car,622,Washington,M
UF36353,College,10914,71656,137,0,Special Auto,SUV,61,Oregon,M
IZ24763,Bachelor,3445,0,94,0,Corporate Auto,Four-Door Car,590,Nevada,F
TU27017,Bachelor,6625,41460,83,0,Personal Auto,Four-Door Car,398,California,M
WS46887,Bachelor,20067,85165,101,0,Personal Auto,Four-Door Car,384,Washington,F
GQ32356,High School or Below,3871,0,111,0,Personal Auto,Four-Door Car,799,Nevada,F
PZ81131,Bachelor,4171,36723,106,1,Personal Auto,SUV,580,California,F
ZW79814,High School or Below,6689,56980,84,0,Personal Auto,Two-Door Car,599,California,M
KV79964,Doctor,9009,32260,113,0,Personal Auto,Four-Door Car,601,Arizona,M
WE38399,Bachelor,4974,75644,65,3,Personal Auto,Two-Door Car,467,California,M
MI13678,High School or Below,2506,92056,62,0,Personal Auto,Four-Door Car,89,Oregon,M
VA63861,College,4967,28524,62,0,Personal Auto,Four-Door Car,297,California,F
EH70612,College,1918,0,61,2,Personal Auto,Two-Door Car,439,California,M
UO40726,Bachelor,3146,28089,82,1,Personal Auto,Two-Door Car,411,Oregon,F
ZY49833,Bachelor,5963,87020,74,0,Personal Auto,Four-Door Car,331,California,F
HZ47488,Doctor,2860,27907,74,1,Personal Auto,Four-Door Car,406,California,M
LP51258,Bachelor,2857,91811,70,0,Personal Auto,Four-Door Car,333,Oregon,F
VW65573,High School or Below,7630,0,111,0,Special Auto,SUV,799,California,M
LV82913,College,5715,69451,72,0,Corporate Auto,Four-Door Car,230,Oregon,M
OX53879,Bachelor,5113,92427,64,2,Personal Auto,Four-Door Car,126,Arizona,M
QV76563,Doctor,5070,0,69,0,Personal Auto,Four-Door Car,331,Arizona,F
CP27565,Bachelor,12036,44428,104,0,Special Auto,SUV,499,Oregon,M
LL56632,High School or Below,8679,55842,109,0,Personal Auto,SUV,703,Oregon,F
ZG88784,College,4911,52796,62,0,Corporate Auto,Four-Door Car,297,Oregon,M
FO78512,Master,17429,41775,109,0,Personal Auto,Luxury,104,California,M
TX13297,Bachelor,2396,0,66,2,Corporate Auto,Four-Door Car,433,California,F
RS20615,High School or Below,5671,34974,71,0,Special Auto,Four-Door Car,315,California,F
HP77890,College,14413,56457,73,0,Personal Auto,Four-Door Car,138,Washington,F
GE45663,Bachelor,5217,39854,66,0,Personal Auto,Two-Door Car,261,Arizona,F
UW90223,Bachelor,2363,27839,65,5,Personal Auto,Two-Door Car,312,California,F
LC58452,High School or Below,4655,88240,117,0,Personal Auto,SUV,561,California,M
WO25669,High School or Below,35692,0,102,0,Personal Auto,SUV,1123,Oregon,F
NG59515,College,10248,52693,129,0,Personal Auto,SUV,619,California,M
AQ52711,Bachelor,6897,65337,173,1,Personal Auto,SUV,830,Oregon,F
AU23837,Bachelor,5010,64014,63,0,Corporate Auto,Four-Door Car,295,Oregon,F
NG62780,High School or Below,4250,0,61,1,Personal Auto,Four-Door Car,292,Oregon,F
WW16329,College,10208,35482,129,0,Corporate Auto,SUV,619,Oregon,F
YN46118,High School or Below,4961,20951,65,0,Personal Auto,Four-Door Car,312,Arizona,F
CW77053,High School or Below,4476,0,62,0,Personal Auto,Four-Door Car,297,Oregon,F
LX15904,High School or Below,2755,39393,70,1,Special Auto,Four-Door Car,405,Washington,F
IN26765,College,8271,62912,69,0,Personal Auto,Two-Door Car,168,Oregon,M
WR55560,High School or Below,5927,33561,152,0,Corporate Auto,Luxury,235,California,M
JQ70222,High School or Below,8548,53055,112,2,Personal Auto,SUV,537,Washington,F
LU49168,High School or Below,21283,0,63,0,Personal Auto,Two-Door Car,302,Arizona,M
EN97874,High School or Below,6446,55037,80,1,Corporate Auto,Four-Door Car,481,Oregon,F
IP76282,High School or Below,4484,0,65,0,Personal Auto,Four-Door Car,463,Oregon,F
NM18924,High School or Below,30286,27587,103,1,Corporate Auto,Luxury,241,Oregon,F
NZ98813,High School or Below,13840,29658,119,0,Personal Auto,SUV,571,California,F
XJ65608,College,5391,63633,68,1,Corporate Auto,Two-Door Car,374,California,F
HI71466,College,3847,23459,96,0,Personal Auto,Four-Door Car,185,California,M
RO70057,High School or Below,6369,34498,83,0,Personal Auto,Two-Door Car,398,Nevada,M
LT77960,College,5316,28559,66,0,Corporate Auto,Four-Door Car,427,Arizona,F
FO13691,Doctor,5124,73740,64,0,Personal Auto,Two-Door Car,229,Oregon,M
IP87756,High School or Below,4151,0,125,0,Personal Auto,SUV,900,Washington,M
YG37894,College,2594,25925,72,3,Corporate Auto,Two-Door Car,660,California,F
SR24177,Bachelor,5763,31725,76,0,Personal Auto,Two-Door Car,177,Nevada,M
BS91742,College,18370,49659,234,0,Personal Auto,Luxury,1684,Washington,M
UJ38473,Bachelor,21923,81197,109,0,Personal Auto,Luxury,94,California,M
BP54465,Master,10546,43922,88,0,Personal Auto,Four-Door Car,108,Arizona,F
YY12812,Bachelor,8388,87123,69,0,Corporate Auto,Four-Door Car,118,Nevada,F
HW61722,Bachelor,7188,0,66,0,Personal Auto,Four-Door Car,278,Oregon,F
CE17855,Master,3238,68745,80,0,Personal Auto,Four-Door Car,473,Oregon,F
ZX50209,College,10960,29815,95,0,Personal Auto,Four-Door Car,76,California,F
CZ84042,High School or Below,2660,53333,66,0,Personal Auto,Two-Door Car,22,Oregon,F
SQ54906,College,2004,0,66,4,Personal Auto,Four-Door Car,316,Oregon,F
QE21030,High School or Below,15483,24661,196,0,Personal Auto,Luxury,1961,Washington,M
WP60679,Bachelor,8940,95351,111,0,Personal Auto,Luxury,406,Oregon,M
BZ47770,Bachelor,5083,62088,64,2,Corporate Auto,Two-Door Car,73,Washington,F
TS76653,Master,9031,0,122,0,Personal Auto,Luxury,650,Nevada,F
IJ28717,College,32098,31503,105,3,Personal Auto,SUV,504,Oregon,M
XL78013,College,22332,49078,97,0,Corporate Auto,Four-Door Car,484,Oregon,M
KN90631,High School or Below,8560,28120,112,0,Personal Auto,SUV,537,Nevada,F
KU59569,College,7714,0,106,0,Personal Auto,Luxury,763,California,F
IE71278,Bachelor,2936,44369,77,3,Personal Auto,Four-Door Car,362,California,M
VY76337,High School or Below,5112,15131,67,0,Personal Auto,Four-Door Car,321,Washington,M
YC77374,Bachelor,5119,26890,65,0,Personal Auto,Two-Door Car,312,California,F
FX78218,Doctor,2494,45855,62,1,Personal Auto,Four-Door Car,0,California,M
ZK11389,Bachelor,23594,76358,66,0,Corporate Auto,Four-Door Car,86,Oregon,M
MO82744,Bachelor,5656,45586,72,0,Personal Auto,Four-Door Car,203,California,F
GG20671,College,15673,43267,78,0,Special Auto,Four-Door Car,453,Nevada,M
YC53575,High School or Below,8509,0,82,0,Personal Auto,Four-Door Car,590,Oregon,M
ES82658,Master,6418,46648,81,0,Personal Auto,Four-Door Car,123,Oregon,M
SU44811,High School or Below,3055,42406,77,0,Corporate Auto,Four-Door Car,108,Oregon,F
AZ43057,Master,5746,50798,72,0,Personal Auto,Four-Door Car,64,California,M
XU56756,Bachelor,23594,76358,66,0,Personal Auto,Four-Door Car,86,Oregon,M
TM24806,College,6005,13528,86,0,Personal Auto,Four-Door Car,412,Oregon,M
ZH18791,Bachelor,5028,0,67,0,Personal Auto,Four-Door Car,80,Oregon,M
CE10235,Bachelor,3409,85023,85,0,Personal Auto,Four-Door Car,408,California,F
IQ96928,High School or Below,4348,0,62,0,Corporate Auto,Four-Door Car,675,Oregon,F
BM55732,High School or Below,8337,74460,69,0,Corporate Auto,Two-Door Car,331,Nevada,F
PC76141,Bachelor,2346,22932,62,0,Personal Auto,Four-Door Car,297,Nevada,M
RV98208,College,4991,54189,62,0,Personal Auto,Two-Door Car,29,Arizona,F
LJ21457,College,2879,42247,74,0,Personal Auto,Two-Door Car,355,California,M
MV86976,High School or Below,3482,0,96,0,Personal Auto,Four-Door Car,726,California,M
HS13676,High School or Below,8216,0,117,0,Personal Auto,Four-Door Car,983,California,M
OX35378,Bachelor,3155,36706,80,0,Personal Auto,Four-Door Car,488,Oregon,M
VL95438,College,5292,67899,66,1,Corporate Auto,Four-Door Car,316,Arizona,M
YU32377,College,6553,0,61,0,Corporate Auto,Two-Door Car,365,Oregon,F
QW88350,College,7618,41900,63,0,Corporate Auto,Four-Door Car,170,Washington,F
TM61357,Bachelor,24610,72786,76,0,Personal Auto,Four-Door Car,363,Nevada,M
CP99334,College,3142,60108,78,0,Personal Auto,Four-Door Car,507,Oregon,F
AO20938,High School or Below,32021,31433,100,0,Personal Auto,SUV,635,Arizona,F
OY32548,College,5096,27940,65,1,Personal Auto,Two-Door Car,27,Washington,F
XE36531,High School or Below,4889,51246,122,0,Personal Auto,SUV,817,California,F
SZ86381,Bachelor,5112,56587,65,1,Personal Auto,Four-Door Car,312,Oregon,M
YY29772,High School or Below,2725,45025,69,1,Personal Auto,Four-Door Car,452,Arizona,F
FG69718,High School or Below,9780,0,132,0,Corporate Auto,SUV,950,California,F
MI81870,Bachelor,15042,22799,190,0,Corporate Auto,SUV,912,Arizona,F
QH27767,Doctor,5308,82601,66,0,Personal Auto,Four-Door Car,186,Oregon,M
IV54766,Master,19160,22705,239,0,Personal Auto,Luxury,1294,Oregon,F
AD33653,High School or Below,3324,0,92,0,Personal Auto,Two-Door Car,441,Oregon,M
HU54636,College,3791,41212,95,0,Personal Auto,Four-Door Car,405,California,F
CD45044,High School or Below,7600,0,70,0,Personal Auto,Four-Door Car,504,Arizona,F
CB61335,High School or Below,6950,21687,88,0,Personal Auto,Four-Door Car,603,California,F
DL53457,College,4605,22571,63,0,Personal Auto,Four-Door Car,302,California,F
YG68142,High School or Below,5864,72032,72,0,Personal Auto,Four-Door Car,438,Oregon,F
UI24036,Bachelor,15374,42570,128,0,Personal Auto,SUV,587,Washington,F
LD63324,College,3230,62873,81,0,Corporate Auto,Four-Door Car,207,Arizona,M
LB29621,Bachelor,9294,21370,77,0,Corporate Auto,Four-Door Car,105,Oregon,F
XB43625,Bachelor,2504,66081,64,1,Personal Auto,Four-Door Car,42,Arizona,F
FI65786,Master,7081,93854,87,0,Corporate Auto,Two-Door Car,417,Oregon,F
ZC61874,Doctor,9560,19429,122,0,Special Auto,SUV,683,Arizona,F
QA66968,Bachelor,6756,46879,86,2,Personal Auto,Four-Door Car,324,California,F
YQ98322,Bachelor,5290,36791,68,0,Personal Auto,Four-Door Car,326,Oregon,M
EN27946,High School or Below,8391,40211,106,2,Personal Auto,Two-Door Car,710,California,M
GT18396,College,21151,48642,77,0,Personal Auto,Four-Door Car,92,Arizona,M
KL43280,College,9264,69063,115,0,Personal Auto,Two-Door Car,552,California,M
DB93245,Doctor,2853,87455,71,0,Corporate Auto,Four-Door Car,329,Arizona,F
SN53710,High School or Below,6245,80101,79,0,Personal Auto,Four-Door Car,442,Washington,M
IB82793,High School or Below,2129,0,61,1,Corporate Auto,Four-Door Car,292,California,M
CT74097,College,14789,51817,129,4,Personal Auto,SUV,712,Nevada,M
HE20556,Bachelor,5324,31561,68,0,Personal Auto,Four-Door Car,326,Arizona,F
RQ41621,Doctor,2862,64640,73,2,Personal Auto,Four-Door Car,327,Arizona,F
TB88830,Master,8614,64220,107,0,Personal Auto,SUV,48,California,F
LV94312,College,4931,33580,62,0,Corporate Auto,Four-Door Car,315,Oregon,M
PT45842,College,4642,0,64,0,Personal Auto,Two-Door Car,770,Arizona,M
CV49750,Bachelor,21423,0,65,0,Personal Auto,Two-Door Car,312,Arizona,M
RB63074,High School or Below,4858,0,67,0,Personal Auto,Four-Door Car,482,Oregon,M
XX73066,Master,5261,43318,66,0,Personal Auto,Four-Door Car,48,Arizona,M
VN22337,College,3274,83869,81,0,Personal Auto,Four-Door Car,348,California,F
BA19651,High School or Below,6134,43875,78,0,Corporate Auto,Four-Door Car,289,California,M
UX18122,Bachelor,3690,59016,92,0,Corporate Auto,Four-Door Car,441,Washington,F
HY46017,College,2776,70793,69,0,Personal Auto,Four-Door Car,62,California,F
ZI95657,Doctor,10972,24164,137,0,Personal Auto,Luxury,657,California,M
MK93363,Master,4177,29133,104,0,Personal Auto,Luxury,499,Washington,F
UM26324,High School or Below,5838,81082,73,0,Corporate Auto,Four-Door Car,281,Washington,M
ZN18884,Bachelor,6462,0,65,0,Corporate Auto,Four-Door Car,312,California,M
PN18863,College,5109,21277,66,0,Corporate Auto,Four-Door Car,316,California,M
BK76340,High School or Below,8278,16924,226,0,Personal Auto,Luxury,1084,California,M
QZ83992,College,8682,10540,115,0,Corporate Auto,SUV,552,California,M
WE23159,High School or Below,9415,0,133,0,Special Auto,Luxury,1361,Oregon,M
GA86186,College,3230,62873,81,0,Special Auto,Four-Door Car,207,Oregon,M
ZM24497,High School or Below,17019,98623,211,0,Personal Auto,Luxury,1012,California,M
EY97047,College,2647,37876,69,0,Corporate Auto,Four-Door Car,300,Oregon,M
NW14895,Bachelor,12883,77469,109,1,Personal Auto,SUV,757,Arizona,M
KS42294,College,20930,30535,66,0,Personal Auto,Four-Door Car,94,California,F
DQ50258,College,4814,0,67,0,Personal Auto,Four-Door Car,482,California,M
XK10881,Bachelor,4836,39310,61,0,Personal Auto,Four-Door Car,93,Oregon,M
LC20778,Master,18745,27229,99,0,Personal Auto,Four-Door Car,475,Nevada,F
LH87004,College,17367,41418,112,0,Personal Auto,SUV,537,Washington,M
SZ17657,College,9012,67840,112,0,Personal Auto,SUV,83,Oregon,F
RI44399,Bachelor,5871,0,80,0,Corporate Auto,Four-Door Car,871,California,F
RF73080,College,5926,23091,96,5,Personal Auto,Four-Door Car,460,Oregon,M
QA69109,Master,5453,69468,67,0,Personal Auto,Four-Door Car,302,Arizona,F
FK85203,High School or Below,9106,74143,114,0,Personal Auto,SUV,547,California,M
ET44462,High School or Below,5013,65165,126,1,Personal Auto,SUV,604,Arizona,M
SK27185,College,6672,50537,165,0,Personal Auto,SUV,60,California,F
JW87443,College,6521,72608,82,3,Personal Auto,Four-Door Car,393,Oregon,F
OM37610,High School or Below,13024,26312,110,1,Personal Auto,Four-Door Car,565,Nevada,F
TJ58873,High School or Below,2748,56900,68,0,Personal Auto,Four-Door Car,304,Oregon,M
WE97690,Bachelor,2803,60707,70,0,Corporate Auto,Four-Door Car,327,Oregon,F
HH99354,Bachelor,7231,67276,61,0,Personal Auto,Two-Door Car,181,Oregon,M
UN90060,High School or Below,8329,30865,104,0,Personal Auto,SUV,21,Oregon,F
BR76202,Master,4626,79487,114,0,Personal Auto,SUV,547,California,F
MO48960,Doctor,6265,0,84,1,Personal Auto,Four-Door Car,481,California,F
QG50480,College,4504,0,62,0,Personal Auto,Two-Door Car,135,Oregon,M
RE73564,Bachelor,11533,41098,96,0,Personal Auto,Two-Door Car,250,Oregon,F
EN32990,College,5349,89158,67,0,Personal Auto,Four-Door Car,272,Arizona,F
OO97388,Master,2855,99612,70,0,Personal Auto,Two-Door Car,336,Oregon,F
JN66901,High School or Below,6601,0,194,0,Corporate Auto,Luxury,2306,Nevada,M
UI64573,High School or Below,3470,94885,86,3,Personal Auto,Four-Door Car,170,Oregon,F
HJ64867,College,5895,78352,74,0,Personal Auto,Two-Door Car,152,Arizona,F
MT35297,High School or Below,5065,43460,63,0,Personal Auto,Four-Door Car,302,Oregon,F
VB69838,High School or Below,41787,46587,119,2,Personal Auto,Four-Door Car,571,Oregon,F
JR34589,High School or Below,4882,21236,123,0,Personal Auto,SUV,131,Nevada,F
EI85578,Bachelor,3837,0,106,0,Personal Auto,SUV,117,California,F
DH85144,College,2154,0,65,0,Personal Auto,Four-Door Car,312,Oregon,M
HC31007,High School or Below,5049,0,68,0,Personal Auto,Four-Door Car,457,California,M
MT58123,College,13869,28432,118,0,Corporate Auto,SUV,612,California,M
GQ78238,High School or Below,5213,65167,131,0,Personal Auto,SUV,628,Oregon,M
UO44449,College,4911,33700,62,0,Corporate Auto,Four-Door Car,274,Washington,F
VK98618,College,7751,0,105,0,Personal Auto,SUV,756,Arizona,F
BG30513,College,25464,13663,97,0,Personal Auto,Four-Door Car,465,California,F
KD20203,College,9472,0,131,0,Corporate Auto,SUV,628,Oregon,M
HR26088,College,5926,0,84,2,Personal Auto,Four-Door Car,403,Arizona,F
XD72019,Bachelor,8470,0,82,0,Personal Auto,Four-Door Car,479,Oregon,F
XD82117,College,8675,65933,108,0,Personal Auto,SUV,379,Arizona,F
CT47738,College,18205,0,128,0,Corporate Auto,Luxury,614,Oregon,F
NY30370,High School or Below,2618,28663,66,0,Corporate Auto,Two-Door Car,430,Washington,M
EH69733,Bachelor,3349,78092,84,0,Corporate Auto,Four-Door Car,344,Arizona,M
QV89210,High School or Below,5979,57693,76,0,Corporate Auto,Four-Door Car,547,Nevada,F
QK90365,Master,16301,19614,85,0,Personal Auto,Two-Door Car,574,Oregon,F
UR67446,High School or Below,7882,23235,99,0,Personal Auto,Four-Door Car,587,California,F
FJ76376,Bachelor,7748,79528,64,0,Personal Auto,Two-Door Car,175,California,M
ZI85739,Master,15860,0,136,0,Personal Auto,SUV,46,California,F
AM72411,High School or Below,2279,23253,61,0,Personal Auto,Two-Door Car,292,Oregon,M
IC77855,College,15272,40571,100,2,Personal Auto,SUV,361,California,M
ZM70632,Bachelor,5498,60668,138,0,Personal Auto,SUV,553,California,F
JM59803,Doctor,5743,61776,73,3,Personal Auto,Two-Door Car,343,California,M
KG84303,Master,3942,38820,99,0,Personal Auto,Four-Door Car,547,California,M
OJ37666,Bachelor,2503,47285,63,0,Personal Auto,Four-Door Car,302,California,F
VV49688,High School or Below,4558,0,62,0,Corporate Auto,Four-Door Car,446,Oregon,M
KH55886,Bachelor,67907,78310,192,1,Personal Auto,Luxury,151,Oregon,M
QZ70160,College,2396,26222,62,0,Personal Auto,Four-Door Car,297,Nevada,F
FU51754,High School or Below,5568,0,79,1,Personal Auto,Two-Door Car,407,Arizona,M
KY48450,College,7334,83926,181,0,Personal Auto,Luxury,124,Oregon,F
ZG18090,Master,7150,24124,91,0,Corporate Auto,Four-Door Car,436,California,M
UI99151,High School or Below,12023,28879,106,0,Personal Auto,Luxury,763,Nevada,M
VB59276,Bachelor,4018,0,112,0,Corporate Auto,SUV,544,Oregon,M
CJ64468,College,4770,12964,65,0,Personal Auto,Two-Door Car,362,Oregon,F
GM61951,High School or Below,29297,0,115,0,Personal Auto,SUV,1251,Nevada,F
BO15959,College,27929,88105,86,0,Personal Auto,Four-Door Car,412,Washington,F
ZK50586,College,2899,66524,74,4,Personal Auto,Two-Door Car,238,Oregon,F
DM22923,Bachelor,2331,27398,68,1,Personal Auto,Four-Door Car,326,Oregon,M
DQ58142,High School or Below,8561,37759,108,0,Corporate Auto,SUV,518,Arizona,M
YW47108,College,11280,45743,96,0,Personal Auto,Four-Door Car,673,California,M
DS62172,Bachelor,2764,54183,70,0,Personal Auto,Four-Door Car,336,Oregon,F
VL58402,College,2580,46900,66,0,Personal Auto,Four-Door Car,316,Washington,M
YV82597,Doctor,10856,59803,90,0,Corporate Auto,Two-Door Car,22,Nevada,F
FN33339,High School or Below,4150,53787,104,0,Corporate Auto,Four-Door Car,666,Oregon,F
UZ97486,Bachelor,16979,35095,73,0,Corporate Auto,Two-Door Car,525,California,M
LL92275,College,5028,0,67,0,Personal Auto,Four-Door Car,216,California,F
FB95288,High School or Below,64618,0,217,1,Personal Auto,Luxury,1562,California,M
NB30472,College,41103,30845,116,1,Personal Auto,Four-Door Car,556,Arizona,F
RX66745,Bachelor,22658,23665,67,0,Corporate Auto,Four-Door Car,404,Washington,M
II97469,High School or Below,7013,92107,88,0,Personal Auto,Four-Door Car,16,California,M
VF17463,College,8658,62464,109,0,Personal Auto,Luxury,400,Oregon,M
GW77328,Doctor,5214,69991,65,0,Personal Auto,Four-Door Car,4,Oregon,M
CF44171,Bachelor,4334,23904,123,3,Personal Auto,SUV,590,California,F
ZN65873,High School or Below,3731,0,96,0,Corporate Auto,Four-Door Car,460,California,F
EO75698,Bachelor,22242,83894,110,0,Personal Auto,Four-Door Car,82,Oregon,F
GB94407,College,12280,88340,102,0,Corporate Auto,Two-Door Car,489,California,M
KM63956,Master,13024,0,125,0,Corporate Auto,SUV,900,California,M
LM79795,High School or Below,7488,39602,64,0,Personal Auto,Two-Door Car,307,Oregon,M
XT35473,Bachelor,2300,25905,63,0,Personal Auto,Four-Door Car,302,Arizona,M
LO90163,Bachelor,30081,24626,108,0,Personal Auto,SUV,225,Nevada,F
LU65596,College,3745,59732,94,0,Corporate Auto,Four-Door Car,135,California,F
SV94314,Bachelor,13246,36898,169,1,Personal Auto,SUV,811,Arizona,M
RW86245,High School or Below,5008,92864,123,0,Personal Auto,SUV,96,Arizona,M
JG41490,Bachelor,2396,0,66,2,Corporate Auto,Four-Door Car,433,Arizona,F
FO63400,College,5146,93752,64,0,Corporate Auto,Four-Door Car,154,California,F
FE84109,Bachelor,6540,21156,89,0,Personal Auto,Two-Door Car,111,Washington,M
KG21285,College,7159,67206,90,0,Personal Auto,Four-Door Car,76,Arizona,M
TQ33359,High School or Below,6087,85654,76,0,Personal Auto,Four-Door Car,46,California,M
ZG59671,College,9772,59325,83,0,Personal Auto,Four-Door Car,81,Oregon,M
AY19539,College,6005,13528,86,0,Personal Auto,Four-Door Car,412,California,M
KU23440,Master,6811,0,63,1,Personal Auto,Four-Door Car,302,Oregon,F
IJ83011,College,16350,0,165,1,Corporate Auto,SUV,1452,California,M
KE35335,College,3580,75333,90,1,Personal Auto,Four-Door Car,289,Washington,F
FE90301,Bachelor,5821,61108,72,0,Personal Auto,Four-Door Car,23,Nevada,F
CK35310,High School or Below,2839,27083,73,1,Personal Auto,Four-Door Car,525,Nevada,F
XU97999,High School or Below,10097,68997,63,0,Personal Auto,Four-Door Car,206,California,M
RF73329,High School or Below,2674,33451,67,0,Personal Auto,Four-Door Car,337,California,F
WO12850,Bachelor,4515,21500,115,0,Corporate Auto,Four-Door Car,39,Nevada,F
AB26022,High School or Below,7998,26487,112,0,Corporate Auto,SUV,602,Oregon,M
HL91178,High School or Below,2809,74713,70,0,Personal Auto,Four-Door Car,336,California,M
HS77089,Bachelor,4748,0,70,0,Personal Auto,Four-Door Car,504,Washington,M
WK18603,Doctor,5272,85607,66,0,Personal Auto,Four-Door Car,67,California,M
XS44101,Bachelor,6712,44891,83,0,Personal Auto,Four-Door Car,74,California,F
RE93978,College,8188,89061,103,0,Personal Auto,SUV,565,Washington,M
WX19595,High School or Below,14429,0,198,0,Personal Auto,Luxury,962,Arizona,M
EA55071,Bachelor,4376,63774,111,0,Personal Auto,Four-Door Car,60,Arizona,F
HH45183,High School or Below,3713,93308,92,0,Personal Auto,Four-Door Car,441,Oregon,M
NL75739,High School or Below,7590,10375,66,0,Personal Auto,Two-Door Car,316,Arizona,M
XE96798,Master,2795,85950,69,0,Personal Auto,Four-Door Car,47,Oregon,M
UU12600,Bachelor,8640,33402,109,0,Personal Auto,SUV,71,Nevada,F
NL39999,High School or Below,2624,18129,71,0,Personal Auto,Two-Door Car,340,Washington,M
ZN45349,College,4815,0,66,0,Personal Auto,Two-Door Car,711,Oregon,M
EV34073,College,4460,0,65,1,Corporate Auto,Four-Door Car,312,California,F
HM94328,College,6047,20396,76,1,Corporate Auto,Four-Door Car,364,Arizona,M
QX64770,Master,8221,13376,108,0,Personal Auto,Four-Door Car,774,Oregon,F
IN95983,College,6798,32517,94,3,Special Auto,Four-Door Car,451,California,F
AD89594,College,12817,28651,67,0,Personal Auto,Four-Door Car,302,California,M
SQ37580,Bachelor,5219,64964,66,0,Personal Auto,Four-Door Car,286,Arizona,F
IN64985,College,6140,34112,77,0,Personal Auto,Four-Door Car,369,Nevada,F
UL96474,College,3756,0,108,3,Personal Auto,SUV,718,Arizona,F
IG89777,High School or Below,7356,81145,92,0,Corporate Auto,Two-Door Car,321,California,M
YJ14330,Master,32725,39894,134,0,Corporate Auto,SUV,411,California,F
NK20941,High School or Below,7057,52447,90,0,Personal Auto,Four-Door Car,61,California,M
XQ28930,College,11005,0,69,2,Personal Auto,Four-Door Car,496,California,M
LY73893,College,5563,35398,71,0,Personal Auto,Four-Door Car,340,California,M
II20035,High School or Below,7451,26239,65,0,Personal Auto,Four-Door Car,312,Oregon,F
OH69760,College,5181,0,70,0,Personal Auto,Four-Door Car,336,Arizona,F
WN45973,Master,12584,83013,103,0,Corporate Auto,SUV,155,Washington,M
UT21323,College,13057,0,190,0,Personal Auto,Luxury,1833,California,M
GM46746,High School or Below,17776,86205,223,0,Personal Auto,Luxury,1070,Arizona,F
GZ64473,College,2757,50414,69,0,Personal Auto,Four-Door Car,331,Nevada,M
FE93959,Doctor,7535,37496,65,0,Corporate Auto,Two-Door Car,312,California,M
YC33550,High School or Below,2826,24224,71,0,Corporate Auto,Two-Door Car,511,Oregon,F
MT91532,Bachelor,7326,62338,92,0,Corporate Auto,Four-Door Car,4,California,M
XE65072,College,6633,63483,83,0,Personal Auto,Four-Door Car,85,Oregon,M
AT72574,High School or Below,2485,0,70,0,Personal Auto,Two-Door Car,504,Arizona,M
FP10040,High School or Below,8598,38113,73,0,Personal Auto,Four-Door Car,203,Oregon,M
AQ51159,High School or Below,8586,38676,72,0,Personal Auto,Four-Door Car,146,Arizona,F
HB21182,Master,2417,20200,65,3,Personal Auto,Two-Door Car,312,Arizona,F
SM17747,College,2693,29038,69,0,Personal Auto,Four-Door Car,56,Arizona,M
YA87855,Master,7179,23179,91,0,Corporate Auto,Two-Door Car,436,Arizona,M
MR52230,Doctor,10629,56598,88,0,Personal Auto,Four-Door Car,92,Oregon,M
FR54989,College,2710,0,76,0,Corporate Auto,Two-Door Car,547,Arizona,M
RW82766,Bachelor,7724,46988,195,0,Corporate Auto,Luxury,294,Oregon,F
IX60941,College,3508,20978,98,1,Personal Auto,Four-Door Car,1176,Oregon,M
GQ26671,High School or Below,2241,0,63,0,Personal Auto,Two-Door Car,453,California,F
UH89141,High School or Below,33279,59130,117,0,Corporate Auto,Luxury,436,Oregon,F
WO30947,Bachelor,5348,31572,70,3,Personal Auto,Four-Door Car,292,Washington,M
ZN86559,Bachelor,5251,0,72,0,Personal Auto,Four-Door Car,345,California,F
NZ73268,Bachelor,4686,32646,119,0,Corporate Auto,Four-Door Car,464,California,M
YD80815,Bachelor,7148,51791,181,1,Personal Auto,Luxury,422,Arizona,F
BE54454,High School or Below,5028,70828,62,0,Personal Auto,Four-Door Car,297,Washington,M
JB76199,College,2415,40903,61,0,Corporate Auto,Four-Door Car,409,Oregon,F
PN68458,High School or Below,7545,0,106,1,Corporate Auto,SUV,631,California,F
IM55696,High School or Below,5264,24031,66,0,Personal Auto,Four-Door Car,316,California,F
UD99395,High School or Below,4474,84927,112,0,Personal Auto,SUV,537,Oregon,M
PA90653,Bachelor,21578,0,72,0,Corporate Auto,Two-Door Car,510,Oregon,F
WE64939,College,2902,23893,73,0,Personal Auto,Four-Door Car,186,California,F
KC67652,Doctor,10876,71255,138,0,Personal Auto,Luxury,138,Arizona,M
FQ33633,College,4413,37697,112,0,Personal Auto,SUV,38,Nevada,F
QS23134,College,12504,33746,106,0,Personal Auto,Two-Door Car,508,Arizona,M
EZ70589,College,7462,70263,93,0,Personal Auto,Two-Door Car,7,Washington,F
KT91115,Bachelor,4690,43367,118,0,Personal Auto,Four-Door Car,1026,Oregon,M
RS66246,High School or Below,2943,0,81,0,Personal Auto,Two-Door Car,388,California,F
YX72707,Doctor,5003,0,66,1,Personal Auto,Four-Door Car,445,Oregon,F
LJ79533,High School or Below,13466,11432,119,0,Special Auto,SUV,571,Nevada,F
JQ95021,College,3386,67249,86,0,Special Auto,Four-Door Car,33,California,M
ET88948,Bachelor,5503,76839,68,0,Personal Auto,Four-Door Car,326,California,F
GW43195,College,25807,71210,214,1,Personal Auto,Luxury,1027,Oregon,F
MQ54182,Bachelor,4739,49447,119,2,Personal Auto,Four-Door Car,762,California,F
WM39308,High School or Below,15777,98713,65,0,Personal Auto,Two-Door Car,289,Nevada,F
DK20428,Bachelor,2619,26094,67,0,Personal Auto,Two-Door Car,2,Oregon,M
IZ67803,Master,15445,26990,65,1,Personal Auto,Four-Door Car,297,California,M
VW65351,College,3355,46644,84,0,Personal Auto,Four-Door Car,150,Washington,F
SY36127,Master,2874,33462,72,0,Personal Auto,Four-Door Car,112,California,F
LA20890,Bachelor,2846,66880,71,0,Personal Auto,Four-Door Car,340,Oregon,F
EP48362,Bachelor,23813,88680,66,0,Personal Auto,Four-Door Car,201,Arizona,M
BI46495,High School or Below,5313,0,79,0,Corporate Auto,Two-Door Car,568,Oregon,M
ON91363,College,3730,75132,93,2,Personal Auto,Four-Door Car,446,Washington,M
TG95261,Master,9031,0,122,0,Personal Auto,Luxury,650,California,F
EE59791,High School or Below,5931,56617,74,0,Personal Auto,Four-Door Car,355,California,F
IV84135,College,9429,75638,83,4,Personal Auto,Four-Door Car,108,California,F
TE11374,Bachelor,7613,24982,109,4,Personal Auto,SUV,523,California,F
GH12466,High School or Below,3313,40348,83,0,Personal Auto,Four-Door Car,26,Washington,F
PC43437,College,7317,24083,63,1,Personal Auto,Four-Door Car,340,Arizona,F
PW98890,Bachelor,2665,81538,66,0,Personal Auto,Four-Door Car,272,Oregon,F
BQ94892,College,3230,62873,81,0,Personal Auto,Four-Door Car,207,Oregon,M
LA33814,High School or Below,17367,66245,145,0,Personal Auto,SUV,181,Oregon,M
WM87004,Bachelor,10595,0,102,0,Personal Auto,SUV,734,Oregon,M
OL28902,College,5999,26303,165,0,Personal Auto,SUV,956,California,M
VW88885,Bachelor,17006,58620,71,0,Corporate Auto,Four-Door Car,340,California,F
OQ51004,Bachelor,3954,18375,103,0,Personal Auto,Luxury,535,California,M
GJ88864,College,3589,30944,92,0,Personal Auto,Four-Door Car,348,Nevada,F
AF69537,College,7329,59630,185,0,Personal Auto,SUV,888,Arizona,M
TX11163,Bachelor,7380,53957,184,0,Corporate Auto,Luxury,61,Nevada,F
FG43850,High School or Below,7472,44385,97,0,Corporate Auto,Four-Door Car,465,Oregon,M
WY37677,High School or Below,8500,0,119,0,Personal Auto,Luxury,856,Oregon,M
WY80801,High School or Below,19357,25561,163,0,Corporate Auto,SUV,983,California,F
GZ90429,High School or Below,5846,85956,145,0,Corporate Auto,SUV,510,California,M
SX89429,High School or Below,2231,0,61,1,Personal Auto,Four-Door Car,311,Arizona,F
FW35631,Bachelor,4864,37406,122,1,Corporate Auto,SUV,1134,Oregon,M
HM20848,High School or Below,4594,39053,114,0,Personal Auto,Luxury,547,California,F
FO49408,High School or Below,3044,24475,84,3,Personal Auto,Four-Door Car,604,Oregon,M
LL95376,Bachelor,2759,92296,69,0,Personal Auto,Two-Door Car,331,Washington,M
UK49045,High School or Below,11064,29484,93,0,Personal Auto,Two-Door Car,446,Oregon,M
JA24437,College,7555,0,114,0,Personal Auto,Four-Door Car,820,California,M
TU77462,College,7469,48088,94,0,Personal Auto,Two-Door Car,134,Oregon,M
DA26490,Bachelor,4920,21366,63,0,Personal Auto,Two-Door Car,302,California,M
JC37131,High School or Below,12298,17101,113,0,Special Auto,SUV,542,Arizona,M
YZ77792,High School or Below,4630,0,64,0,Personal Auto,Four-Door Car,460,Washington,F
AH53588,College,4636,26802,66,1,Personal Auto,Two-Door Car,316,California,M
QV89018,High School or Below,20467,89025,64,0,Personal Auto,Four-Door Car,179,Arizona,M
SY95534,Bachelor,3792,0,104,0,Personal Auto,SUV,748,California,M
YT37186,Bachelor,17526,52228,220,1,Personal Auto,Luxury,1056,California,F
DY81347,High School or Below,4715,0,126,0,Personal Auto,SUV,694,California,F
VH45074,College,2288,0,63,0,Personal Auto,Four-Door Car,344,California,M
BF45697,College,5670,83086,71,3,Personal Auto,Four-Door Car,320,California,M
RY27018,High School or Below,7228,53214,91,0,Personal Auto,Four-Door Car,436,Washington,M
YJ16163,Bachelor,11009,51643,283,0,Special Auto,Luxury,1358,Oregon,F
QM61543,High School or Below,5639,73168,70,0,Corporate Auto,Four-Door Car,425,Arizona,M
IU83998,Bachelor,11196,0,298,0,Personal Auto,Luxury,2145,Washington,F
NE29938,College,12840,0,90,0,Personal Auto,Two-Door Car,648,California,F
VQ57815,Doctor,8828,61246,110,0,Personal Auto,Luxury,159,Oregon,M
FF93355,High School or Below,13268,32762,112,0,Corporate Auto,Four-Door Car,326,Washington,M
MG12206,College,3728,0,69,5,Personal Auto,Two-Door Car,496,California,M
NE55975,High School or Below,4983,0,133,0,Personal Auto,Luxury,957,Nevada,F
BX70848,College,13727,0,126,0,Personal Auto,SUV,604,Washington,M
NJ88229,College,8343,64127,71,0,Personal Auto,Four-Door Car,72,California,F
QW31435,High School or Below,7191,0,67,0,Personal Auto,Two-Door Car,308,Oregon,M
DJ22229,Bachelor,13759,16794,96,0,Personal Auto,Four-Door Car,460,Washington,F
MB12747,Bachelor,9788,31930,83,0,Personal Auto,Four-Door Car,37,Nevada,M
XQ50187,Master,3360,74918,85,0,Special Auto,Two-Door Car,314,Oregon,M
WU62992,Bachelor,4887,70742,124,1,Personal Auto,SUV,211,Oregon,M
CE11667,College,7582,64801,64,0,Corporate Auto,Four-Door Car,268,Oregon,M
BP53979,Bachelor,2516,48829,64,1,Personal Auto,Four-Door Car,300,California,F
DM59806,Doctor,3571,73853,89,0,Personal Auto,Four-Door Car,427,California,F
LJ88616,High School or Below,9868,0,99,0,Personal Auto,Four-Door Car,712,Arizona,M
TC82133,Bachelor,5375,66844,70,4,Personal Auto,Four-Door Car,104,Oregon,M
NW65065,High School or Below,4254,11904,61,2,Corporate Auto,Two-Door Car,292,California,F
LS17120,Bachelor,3061,56869,83,3,Personal Auto,Four-Door Car,269,California,M
ZN96843,Bachelor,2414,0,67,0,Personal Auto,Two-Door Car,482,Arizona,M
HZ98935,Bachelor,4526,0,68,1,Personal Auto,Four-Door Car,326,Washington,F
WG51330,College,5635,59325,71,0,Corporate Auto,Four-Door Car,229,Arizona,M
DS58268,High School or Below,8254,0,115,0,Corporate Auto,Luxury,552,Arizona,F
SN27401,High School or Below,7320,0,112,1,Personal Auto,Two-Door Car,806,Washington,M
AI74959,High School or Below,3933,25927,103,0,Personal Auto,SUV,674,California,M
RC16862,College,2433,0,71,0,Corporate Auto,Four-Door Car,493,Arizona,M
YP19985,Bachelor,5706,83073,71,0,Corporate Auto,Two-Door Car,10,California,M
SY29553,High School or Below,2585,0,73,2,Personal Auto,Four-Door Car,350,Oregon,F
EM78211,College,2659,0,87,3,Special Auto,Four-Door Car,420,Oregon,F
JL70559,College,5310,0,72,1,Personal Auto,Four-Door Car,345,Arizona,F
IS95117,College,5874,35301,74,0,Personal Auto,Four-Door Car,128,Arizona,F
YU66872,College,8579,21829,111,0,Personal Auto,Luxury,532,California,F
WK62379,Bachelor,8903,15142,116,0,Personal Auto,Two-Door Car,792,Washington,F
WR85740,Doctor,8149,0,71,0,Corporate Auto,Two-Door Car,340,Arizona,F
YY58769,Bachelor,2570,58498,67,3,Personal Auto,Four-Door Car,321,Arizona,M
YK83904,High School or Below,2585,64592,64,0,Personal Auto,Four-Door Car,307,Nevada,F
IE36279,Bachelor,2844,80306,71,0,Corporate Auto,Two-Door Car,340,California,M
FT61724,Bachelor,4633,29105,117,0,Personal Auto,Luxury,272,California,F
YV63603,Bachelor,6678,47137,84,0,Personal Auto,Four-Door Car,161,Arizona,F
PT52001,College,2222,0,62,0,Corporate Auto,Two-Door Car,446,Nevada,F
FM83188,Doctor,8522,0,109,0,Corporate Auto,SUV,723,Washington,F
RN96985,High School or Below,25082,0,100,0,Personal Auto,SUV,1000,Oregon,F
OA59724,College,3479,66711,86,0,Corporate Auto,Two-Door Car,366,Washington,F
LY83340,High School or Below,7851,48943,65,0,Corporate Auto,Two-Door Car,105,Oregon,F
AX99820,Bachelor,2509,0,71,0,Personal Auto,Four-Door Car,511,Arizona,F
MH13358,High School or Below,2854,34807,73,0,Personal Auto,Two-Door Car,472,Oregon,F
UQ51981,High School or Below,8879,52583,113,0,Personal Auto,SUV,528,Oregon,F
JQ60102,Master,8392,0,111,0,Corporate Auto,Luxury,617,California,M
CB52667,High School or Below,5279,92589,65,0,Personal Auto,Four-Door Car,312,Washington,F
YP29527,College,8272,96689,103,0,Personal Auto,Luxury,37,Oregon,M
GW89349,High School or Below,7662,0,73,0,Corporate Auto,Four-Door Car,525,Nevada,M
ZD72991,Doctor,4899,76594,122,1,Personal Auto,SUV,832,California,M
CS51928,Bachelor,4508,83777,112,0,Personal Auto,Luxury,377,Arizona,M
IJ18945,College,3094,20954,78,0,Special Auto,Four-Door Car,534,Washington,F
EF21564,Master,4383,84491,110,0,Personal Auto,SUV,156,Nevada,M
AY35539,Bachelor,2530,89451,63,0,Personal Auto,Four-Door Car,61,Oregon,F
XJ96507,High School or Below,8291,85132,106,5,Personal Auto,SUV,501,Arizona,F
ZG95780,College,8164,11193,114,0,Personal Auto,SUV,820,Arizona,M
GI55977,High School or Below,2337,28806,61,0,Personal Auto,Four-Door Car,292,Oregon,F
BV63942,High School or Below,9002,76184,111,0,Corporate Auto,Two-Door Car,532,Washington,M
PF81183,College,5389,66429,136,0,Corporate Auto,Luxury,57,California,M
HV16877,High School or Below,2721,43278,68,0,Personal Auto,Four-Door Car,326,California,F
XO92596,College,6005,13528,86,0,Personal Auto,Four-Door Car,412,California,M
IQ73438,Bachelor,5555,74015,72,0,Personal Auto,Four-Door Car,471,California,M
FY74419,Bachelor,5470,54507,138,0,Personal Auto,SUV,702,Nevada,F
JQ30166,Master,15610,0,119,5,Personal Auto,Four-Door Car,439,Oregon,F
WC22220,College,2616,72302,66,0,Corporate Auto,Two-Door Car,316,Arizona,M
OT66924,Bachelor,4681,14606,72,5,Personal Auto,Four-Door Car,439,Oregon,F
UC21019,Master,4890,0,68,0,Personal Auto,Four-Door Car,689,Arizona,M
YW88487,College,7457,43406,187,0,Personal Auto,Luxury,897,Arizona,F
CA45756,Master,22185,60426,62,0,Corporate Auto,Two-Door Car,133,Arizona,F
JY42899,Bachelor,5305,26334,71,0,Personal Auto,Two-Door Car,340,California,M
KM72781,College,9470,22514,80,0,Personal Auto,Four-Door Car,203,Washington,F
DV62119,Doctor,3548,76114,88,0,Personal Auto,Four-Door Car,422,Arizona,F
DO12179,Bachelor,2451,48791,62,3,Personal Auto,Two-Door Car,69,Oregon,M
ER20865,Bachelor,8652,65605,111,2,Corporate Auto,Two-Door Car,377,California,M
YQ95507,High School or Below,2535,69259,63,0,Personal Auto,Four-Door Car,362,Oregon,F
VW65691,High School or Below,4314,0,64,1,Personal Auto,Four-Door Car,460,Oregon,F
LL55780,High School or Below,6731,0,62,0,Corporate Auto,Four-Door Car,446,Oregon,F
WK29536,Bachelor,7779,90969,65,0,Personal Auto,Four-Door Car,190,Oregon,F
UX87980,College,2805,50180,77,3,Personal Auto,Four-Door Car,360,Nevada,M
TJ68521,Master,5251,41991,67,0,Personal Auto,Four-Door Car,88,Washington,M
RJ57593,Bachelor,8044,71391,67,0,Personal Auto,Four-Door Car,284,Arizona,M
YI83073,High School or Below,4250,0,61,1,Personal Auto,Four-Door Car,292,California,F
QQ18636,College,13891,70725,70,0,Corporate Auto,Four-Door Car,336,Arizona,F
JV23769,Master,2725,36650,69,1,Personal Auto,Four-Door Car,56,Oregon,F
PA19547,High School or Below,4779,54194,119,1,Personal Auto,SUV,112,Washington,M
IH91478,Bachelor,4808,23554,61,0,Personal Auto,Two-Door Car,142,Oregon,F
OR78439,College,8658,62464,109,0,Corporate Auto,Luxury,400,Arizona,M
CW15758,College,9215,71888,115,0,Personal Auto,SUV,552,Oregon,F
RY26286,College,5068,80846,65,0,Corporate Auto,Four-Door Car,227,California,M
YP71513,College,4879,0,67,0,Personal Auto,Four-Door Car,321,Oregon,M
CJ51511,High School or Below,13466,11432,119,0,Corporate Auto,SUV,571,Arizona,F
GQ11852,College,13306,39017,170,2,Personal Auto,SUV,592,Oregon,F
TC29250,Bachelor,7350,0,108,0,Personal Auto,Luxury,777,California,M
HX63408,Bachelor,4822,73769,61,0,Corporate Auto,Four-Door Car,121,Arizona,M
LJ15849,Master,3554,58557,88,0,Personal Auto,Four-Door Car,55,Arizona,F
NC40609,College,3135,0,91,0,Corporate Auto,Four-Door Car,707,Nevada,M
JZ23377,College,57520,48367,161,0,Personal Auto,SUV,772,Oregon,F
TB17648,College,2515,39718,65,2,Personal Auto,Four-Door Car,366,Arizona,M
OP68330,College,7247,0,96,1,Personal Auto,Four-Door Car,460,Oregon,F
GO53814,High School or Below,4878,43358,61,0,Corporate Auto,Two-Door Car,400,Oregon,F
VW11431,Bachelor,2971,83873,76,1,Personal Auto,Two-Door Car,218,California,F
FG96614,Doctor,11302,22361,95,0,Personal Auto,Four-Door Car,530,California,F
KQ98040,Bachelor,7996,70061,99,0,Corporate Auto,Four-Door Car,699,California,F
DP23630,High School or Below,7411,0,73,0,Personal Auto,Four-Door Car,525,California,M
No31089,Bachelor,3179,65742,79,0,Personal Auto,Four-Door Car,277,Arizona,F
TU15769,Bachelor,22658,23665,67,0,Personal Auto,Four-Door Car,404,Washington,M
DA20791,College,3774,66457,95,0,Personal Auto,Four-Door Car,456,California,M
AE89300,Bachelor,8224,82634,104,0,Personal Auto,SUV,324,Arizona,F
UE13511,High School or Below,2563,0,69,0,Corporate Auto,Four-Door Car,331,Oregon,F
MS46793,College,2393,0,70,0,Personal Auto,Four-Door Car,425,Oregon,M
ME22430,Bachelor,2453,29735,69,0,Personal Auto,Four-Door Car,331,Nevada,M
JZ28710,College,5143,61417,65,0,Personal Auto,Two-Door Car,206,California,M
HP80279,High School or Below,7378,0,105,0,Personal Auto,SUV,756,Oregon,F
EH22538,High School or Below,2574,43846,65,1,Personal Auto,Four-Door Car,125,California,M
JP87331,High School or Below,22315,0,67,0,Personal Auto,Four-Door Car,482,Arizona,M
VA89684,College,2430,33775,61,0,Personal Auto,Two-Door Car,292,Nevada,F
XS68865,College,6160,96988,77,0,Personal Auto,Two-Door Car,369,Oregon,M
IZ13533,Bachelor,7912,0,114,0,Personal Auto,Two-Door Car,820,Arizona,M
JB47784,Doctor,5534,81945,68,0,Personal Auto,Four-Door Car,47,Oregon,F
LT79371,Bachelor,2382,0,65,0,Personal Auto,Four-Door Car,27,Arizona,F
DE78840,Bachelor,6991,19019,186,0,Personal Auto,Luxury,1003,Nevada,F
PU25554,Bachelor,2885,62579,72,0,Personal Auto,Four-Door Car,326,Oregon,F
ZI47098,High School or Below,41787,46587,119,2,Personal Auto,Four-Door Car,571,California,F
CN53343,Bachelor,2848,0,81,0,Personal Auto,Four-Door Car,583,Arizona,F
IN18876,Bachelor,8123,0,78,0,Special Auto,Four-Door Car,561,Arizona,F
FV38119,High School or Below,9661,0,135,0,Corporate Auto,SUV,648,Washington,M
YD89516,High School or Below,4488,0,66,0,Corporate Auto,Four-Door Car,758,California,M
BN89470,College,4561,29327,118,0,Special Auto,Four-Door Car,627,California,M
VZ64716,Master,11546,81081,96,1,Corporate Auto,Four-Door Car,206,Oregon,M
FU17577,High School or Below,3788,0,106,0,Personal Auto,SUV,763,Oregon,F
QY37300,Master,13502,57222,112,1,Personal Auto,Luxury,297,Nevada,M
UI84849,College,8563,91147,107,0,Personal Auto,Luxury,50,Arizona,M
MN81810,High School or Below,2913,76638,73,1,Personal Auto,Four-Door Car,435,California,F
XN42396,Bachelor,7540,29697,64,0,Personal Auto,Four-Door Car,147,California,M
VZ13840,High School or Below,6950,0,61,0,Corporate Auto,Four-Door Car,301,Arizona,M
NI27358,College,7255,67352,181,1,Personal Auto,Luxury,560,Arizona,F
LO39834,Bachelor,4334,23904,123,3,Personal Auto,SUV,590,Oregon,F
WX18073,Bachelor,6307,0,88,2,Personal Auto,Four-Door Car,422,Arizona,M
PG27422,Bachelor,5904,89953,74,0,Corporate Auto,Four-Door Car,274,California,F
AX56708,High School or Below,4794,20862,68,0,Personal Auto,Four-Door Car,326,California,M
JI80257,College,9180,47663,114,0,Personal Auto,Luxury,103,Nevada,F
EK95340,Master,8355,49564,105,0,Corporate Auto,Four-Door Car,661,Washington,M
FS67856,College,13869,28432,118,0,Personal Auto,SUV,612,California,M
JX27737,College,13452,32356,117,2,Personal Auto,Two-Door Car,428,California,M
SY81273,High School or Below,16798,55269,71,0,Personal Auto,Two-Door Car,340,Oregon,M
FZ16327,College,8273,0,116,0,Personal Auto,Four-Door Car,509,California,F
XC26395,High School or Below,7408,76771,95,1,Personal Auto,Two-Door Car,91,Oregon,M
HA72996,College,4349,75648,108,0,Corporate Auto,SUV,112,Nevada,F
WP51328,Doctor,4744,20698,68,5,Personal Auto,Two-Door Car,248,Oregon,M
CP47989,High School or Below,17208,29734,63,0,Corporate Auto,Two-Door Car,649,Oregon,F
JO75190,Bachelor,8673,43963,110,0,Corporate Auto,SUV,528,Nevada,M
AP47670,High School or Below,2497,29465,63,0,Personal Auto,Four-Door Car,302,California,M
BT61680,High School or Below,32069,24851,103,0,Personal Auto,SUV,604,Arizona,F
KX23022,Bachelor,3312,0,107,2,Corporate Auto,SUV,770,Arizona,M
KB20508,College,10828,11033,97,0,Special Auto,Two-Door Car,511,California,M
HU89665,College,12128,20495,61,0,Personal Auto,Four-Door Car,292,Oregon,F
HD12841,Master,5505,95766,68,0,Personal Auto,Four-Door Car,162,California,F
AR63478,College,6715,0,65,0,Corporate Auto,Four-Door Car,655,California,M
UP90711,Bachelor,2836,61029,72,0,Personal Auto,Two-Door Car,114,Oregon,F
EK58626,Bachelor,3561,0,105,0,Personal Auto,SUV,504,Oregon,M
CA14631,High School or Below,6552,56188,86,3,Special Auto,Four-Door Car,175,California,M
AU98438,Bachelor,2833,94812,70,0,Personal Auto,Four-Door Car,121,Arizona,F
RD96782,Bachelor,5099,0,70,1,Personal Auto,Two-Door Car,336,California,F
SY66568,College,9415,55338,116,0,Corporate Auto,Two-Door Car,556,Oregon,F
WE52979,High School or Below,3644,82477,90,0,Personal Auto,Two-Door Car,432,California,F
PL56477,College,2927,20852,73,0,Personal Auto,Two-Door Car,383,Oregon,F
XK20264,High School or Below,9227,0,82,0,Personal Auto,Two-Door Car,296,Washington,F
DV57698,Doctor,3148,0,83,0,Personal Auto,Two-Door Car,544,Oregon,F
RD53171,College,3063,0,95,2,Personal Auto,Two-Door Car,456,Arizona,F
PK23339,High School or Below,3417,72460,85,0,Personal Auto,Four-Door Car,370,Arizona,F
GA74551,Bachelor,23594,76358,66,0,Personal Auto,Four-Door Car,86,Oregon,M
BS26376,High School or Below,7519,96306,95,1,Corporate Auto,Four-Door Car,185,California,M
WW74234,College,3969,49544,101,0,Personal Auto,SUV,0,Arizona,F
UA26783,High School or Below,4874,0,68,0,Personal Auto,Two-Door Car,609,Oregon,M
DV38369,Bachelor,7261,0,101,0,Corporate Auto,SUV,727,California,M
ZM42260,College,8005,63357,101,0,Personal Auto,SUV,565,Arizona,M
EB34435,High School or Below,2996,0,82,0,Corporate Auto,Four-Door Car,590,Arizona,M
QY41527,Bachelor,4175,23060,109,3,Corporate Auto,SUV,731,Arizona,M
WG61503,Master,8491,27781,71,0,Corporate Auto,Four-Door Car,340,Arizona,M
TY59969,College,2402,43246,62,0,Personal Auto,Four-Door Car,52,Arizona,M
DO20853,High School or Below,4775,14254,124,0,Corporate Auto,SUV,595,Oregon,F
CD14267,College,4235,60334,106,0,Corporate Auto,Four-Door Car,111,Nevada,M
WL40338,Bachelor,5107,35625,65,1,Personal Auto,Four-Door Car,288,California,F
GV75215,Bachelor,13167,54684,111,3,Corporate Auto,Luxury,302,Oregon,F
CN91738,Bachelor,2520,56228,65,0,Personal Auto,Two-Door Car,276,Oregon,M
UR36951,Bachelor,5189,82166,134,3,Personal Auto,SUV,643,Oregon,M
JU87932,Bachelor,2893,30406,73,0,Personal Auto,Four-Door Car,350,Oregon,F
IR50609,Bachelor,3985,75007,101,0,Personal Auto,Four-Door Car,668,Arizona,M
VI18029,Bachelor,2414,79271,62,4,Personal Auto,Four-Door Car,232,Washington,M
CC46747,High School or Below,18688,0,76,0,Personal Auto,Four-Door Car,364,Arizona,F
ZK58906,Bachelor,16589,59414,140,0,Personal Auto,SUV,65,California,M
SQ70457,Bachelor,23331,44719,66,0,Personal Auto,Four-Door Car,316,Oregon,M
ZA37110,Bachelor,4699,0,129,2,Personal Auto,SUV,291,Nevada,F
HH23204,Doctor,2395,21986,63,0,Personal Auto,Two-Door Car,333,California,F
IE29890,High School or Below,8861,58480,113,1,Personal Auto,SUV,542,Oregon,F
VO25412,Master,8936,37520,74,0,Special Auto,Two-Door Car,163,Washington,F
ME37051,Bachelor,7340,50165,62,0,Personal Auto,Two-Door Car,129,California,M
DL17162,College,26453,42961,83,0,Personal Auto,Four-Door Car,398,Arizona,M
DD27563,High School or Below,6342,86687,80,0,Personal Auto,Four-Door Car,274,Oregon,M
IA27050,High School or Below,6560,0,93,0,Personal Auto,Four-Door Car,41,Oregon,F
UQ63751,Bachelor,6687,23772,83,0,Personal Auto,Four-Door Car,100,Arizona,F
MV26494,College,3681,0,98,0,Personal Auto,Four-Door Car,354,California,M
EN89709,Doctor,2555,18241,65,0,Personal Auto,Two-Door Car,151,Arizona,F
QN68814,Bachelor,2373,0,65,0,Corporate Auto,Two-Door Car,312,Oregon,M
NE70831,High School or Below,2732,86650,69,2,Personal Auto,Two-Door Car,323,California,F
FV72595,Bachelor,4703,0,137,0,Personal Auto,SUV,1554,Arizona,M
VZ81004,Master,19259,35973,159,0,Personal Auto,Luxury,763,Oregon,F
VM89271,High School or Below,3844,26262,97,0,Personal Auto,Four-Door Car,465,Arizona,M
CL97519,College,4683,25187,121,0,Personal Auto,SUV,580,California,M
RN71166,High School or Below,5174,88081,64,0,Personal Auto,Four-Door Car,82,Oregon,F
PJ86059,High School or Below,2655,83460,66,0,Corporate Auto,Four-Door Car,443,Oregon,F
BP34620,Bachelor,5615,19949,74,1,Corporate Auto,Four-Door Car,355,California,F
HI58196,College,3161,0,92,0,Personal Auto,Two-Door Car,897,Oregon,M
OZ58610,High School or Below,7575,0,109,0,Personal Auto,SUV,784,Arizona,M
WC34456,Bachelor,3985,77739,98,0,Personal Auto,Four-Door Car,428,California,F
FC15606,College,9706,23649,122,0,Personal Auto,SUV,535,Oregon,F
UM99946,College,7736,68980,98,0,Personal Auto,Four-Door Car,464,Arizona,M
JG94795,Master,4179,60010,103,0,Special Auto,Four-Door Car,494,Oregon,F
GD93408,Bachelor,5759,30968,74,1,Corporate Auto,Two-Door Car,45,California,F
QO12561,High School or Below,4165,0,116,0,Personal Auto,Four-Door Car,556,California,M
VI12822,High School or Below,2632,99841,65,0,Personal Auto,Four-Door Car,312,Washington,F
CT84535,College,3885,0,105,0,Personal Auto,Four-Door Car,504,California,M
NT36519,College,8161,32967,105,1,Personal Auto,SUV,504,California,M
WT86597,Master,13024,0,125,0,Personal Auto,SUV,900,Oregon,M
ZJ27465,College,14137,31794,119,0,Personal Auto,SUV,571,California,F
QF75939,High School or Below,3700,36710,94,0,Personal Auto,Four-Door Car,676,Washington,F
MC73302,Bachelor,5511,36267,69,0,Personal Auto,Four-Door Car,263,Oregon,F
WE21182,High School or Below,5169,12430,73,0,Personal Auto,Four-Door Car,350,Oregon,M
TD90906,High School or Below,6044,93715,74,0,Personal Auto,Four-Door Car,532,Oregon,F
WB66665,College,4349,75648,108,0,Corporate Auto,SUV,112,Nevada,F
ZP26168,College,9688,24584,66,0,Corporate Auto,Four-Door Car,279,Washington,F
ZG56744,Bachelor,5528,36088,72,0,Personal Auto,Four-Door Car,345,California,M
BO81145,Bachelor,7894,21723,104,0,Personal Auto,SUV,748,Arizona,M
BQ28323,High School or Below,5935,63833,73,0,Personal Auto,Four-Door Car,199,Oregon,F
WD38315,College,4520,0,61,0,Personal Auto,Four-Door Car,304,California,M
IS73434,Bachelor,3219,45892,81,0,Corporate Auto,Four-Door Car,388,Arizona,F
VO94890,College,5935,90263,74,0,Personal Auto,Two-Door Car,355,Oregon,M
ZH43085,High School or Below,2322,0,63,0,Corporate Auto,Four-Door Car,453,Washington,M
HQ10502,Bachelor,11692,40548,98,0,Personal Auto,Four-Door Car,470,Oregon,M
SP46702,College,10175,0,99,0,Corporate Auto,Two-Door Car,831,Oregon,M
JB60515,High School or Below,2513,50450,63,0,Personal Auto,Four-Door Car,302,Washington,M
TK49887,College,2897,0,85,0,Personal Auto,Two-Door Car,612,California,F
EG16813,College,5515,75963,69,0,Corporate Auto,Two-Door Car,102,Arizona,F
SI13406,High School or Below,3469,32714,87,0,Personal Auto,Four-Door Car,513,Arizona,F
WC11272,Bachelor,6907,42790,87,0,Personal Auto,Two-Door Car,290,Oregon,F
TU27563,Bachelor,3647,20694,94,1,Personal Auto,Two-Door Car,451,Oregon,F
IL72707,Bachelor,3265,25820,82,0,Personal Auto,Four-Door Car,393,California,F
DZ62350,High School or Below,2514,24744,65,0,Personal Auto,Four-Door Car,312,California,M
VV82891,Bachelor,4462,0,73,3,Personal Auto,Two-Door Car,350,Washington,F
UQ41461,Bachelor,4570,27538,63,4,Personal Auto,Four-Door Car,285,Washington,F
NI58226,High School or Below,2752,81280,68,0,Personal Auto,Four-Door Car,308,Oregon,F
VA78645,College,2188,0,67,1,Personal Auto,Four-Door Car,321,California,M
UY61301,Bachelor,2710,0,73,0,Personal Auto,Four-Door Car,350,Nevada,M
XC25965,Bachelor,14754,26486,128,1,Personal Auto,SUV,614,Washington,F
EB93628,High School or Below,10759,0,97,0,Personal Auto,Two-Door Car,465,Oregon,F
PK35830,Bachelor,12357,0,182,0,Personal Auto,Luxury,1953,Oregon,M
KY98596,Bachelor,5033,68331,63,0,Personal Auto,Four-Door Car,302,Arizona,M
CI19819,High School or Below,2370,0,71,1,Personal Auto,Two-Door Car,511,Arizona,M
TN82637,College,11236,21636,64,5,Personal Auto,Two-Door Car,213,Nevada,M
FA90739,High School or Below,12476,0,121,0,Corporate Auto,SUV,871,Oregon,M
FD62224,College,14641,0,133,0,Personal Auto,SUV,1386,Oregon,F
KE45653,Bachelor,4731,0,64,0,Personal Auto,Four-Door Car,307,California,F
FC10193,College,10620,35601,69,0,Personal Auto,Four-Door Car,249,Washington,F
DO48835,High School or Below,13478,0,198,1,Corporate Auto,Luxury,1425,Oregon,M
VK44934,College,8873,28558,119,4,Personal Auto,SUV,797,California,M
XB89264,High School or Below,5260,60101,66,0,Corporate Auto,Two-Door Car,1,Nevada,F
XL49151,College,2792,22426,76,1,Corporate Auto,Four-Door Car,528,Arizona,M
FG42635,College,10018,30720,139,4,Personal Auto,SUV,778,Oregon,M
FE12805,Bachelor,7180,34161,186,3,Personal Auto,SUV,892,Oregon,F
GT17701,Bachelor,3012,42987,77,0,Personal Auto,Four-Door Car,128,Oregon,F
CH76379,Bachelor,4236,0,61,0,Personal Auto,Four-Door Car,292,Oregon,M
QT77453,High School or Below,5283,80928,132,0,Corporate Auto,SUV,538,Arizona,F
BS90503,Bachelor,5395,86640,67,0,Personal Auto,Four-Door Car,65,Washington,F
MX93376,College,6913,26714,64,1,Personal Auto,Two-Door Car,307,California,F
KT54608,Bachelor,2619,78618,66,0,Corporate Auto,Two-Door Car,225,Arizona,M
CY18875,High School or Below,8390,0,78,0,Personal Auto,Four-Door Car,732,Oregon,F
YT74573,College,13727,0,126,0,Personal Auto,SUV,604,California,M
WL46640,College,4482,62977,115,0,Corporate Auto,SUV,552,Nevada,M
CY49953,College,2827,0,79,0,Special Auto,Four-Door Car,568,Oregon,F
FD72269,High School or Below,5584,19724,72,0,Personal Auto,Four-Door Car,345,California,F
RE29039,High School or Below,7568,27558,65,0,Personal Auto,Four-Door Car,312,California,F
TA35356,College,9664,86054,239,0,Personal Auto,Luxury,115,California,F
HS88081,High School or Below,6480,42846,81,0,Corporate Auto,Four-Door Car,286,California,F
SM52948,Bachelor,8707,57107,110,3,Personal Auto,SUV,528,Nevada,F
ZL30083,High School or Below,9048,0,119,0,Personal Auto,Luxury,571,Oregon,M
MP22051,College,2615,54314,66,0,Personal Auto,Four-Door Car,282,Washington,M
OF38237,Doctor,4878,29950,61,0,Personal Auto,Two-Door Car,292,California,F
KL27677,College,10793,24195,90,0,Personal Auto,Two-Door Car,360,Nevada,F
NX58648,High School or Below,5528,0,73,0,Personal Auto,Four-Door Car,388,Oregon,F
WP19664,College,4605,47481,116,0,Personal Auto,SUV,556,Arizona,M
LB83807,Bachelor,8343,63354,106,0,Personal Auto,Two-Door Car,508,Oregon,M
EL44544,High School or Below,13009,57591,66,0,Corporate Auto,Four-Door Car,316,Oregon,F
ST99840,Bachelor,7486,0,71,0,Corporate Auto,Four-Door Car,340,Nevada,F
ZS15062,Master,9547,34919,82,1,Personal Auto,Four-Door Car,277,Oregon,M
RJ68578,High School or Below,8110,76879,101,0,Corporate Auto,Luxury,487,Oregon,M
AE74442,Bachelor,7379,61584,61,0,Corporate Auto,Four-Door Car,205,California,F
TF80571,High School or Below,6612,28792,185,3,Corporate Auto,Luxury,1166,California,M
YH31618,Bachelor,7452,0,105,0,Corporate Auto,Two-Door Car,504,Oregon,F
HZ39407,Master,2686,26713,71,0,Personal Auto,Four-Door Car,142,Washington,M
GX38439,College,4470,0,129,0,Personal Auto,SUV,928,California,F
FF65294,High School or Below,10348,34244,87,2,Personal Auto,Four-Door Car,417,Oregon,M
GC40999,College,11790,25251,66,0,Personal Auto,Four-Door Car,316,Oregon,M
BA87048,Bachelor,4566,0,68,0,Personal Auto,Four-Door Car,326,Washington,M
DE23903,Bachelor,5905,59848,73,1,Personal Auto,Two-Door Car,131,Oregon,F
UP30859,College,7492,39815,64,0,Special Auto,Four-Door Car,91,Nevada,F
PY17715,Master,3427,58840,86,0,Corporate Auto,Two-Door Car,73,California,F
NU22358,Master,5181,97131,64,0,Special Auto,Four-Door Car,307,Washington,F
BR77413,College,4686,58089,118,0,Personal Auto,SUV,566,Arizona,M
FI17798,Doctor,2710,0,71,0,Personal Auto,Four-Door Car,340,California,M
KN32615,College,4313,0,126,2,Personal Auto,SUV,656,Arizona,F
EB86696,Bachelor,4755,21808,119,0,Special Auto,SUV,571,California,M
YB14965,College,36516,89771,114,0,Personal Auto,SUV,432,Arizona,M
ZD42550,Master,7792,36776,65,0,Corporate Auto,Four-Door Car,240,Nevada,F
FI61655,Bachelor,2549,31213,65,0,Corporate Auto,Four-Door Car,312,Arizona,M
PC30692,Bachelor,7521,0,115,0,Personal Auto,SUV,987,Oregon,M
EK71077,Bachelor,11510,0,61,0,Corporate Auto,Four-Door Car,439,California,F
ED91989,College,7999,0,107,0,Personal Auto,SUV,513,Arizona,M
JH58573,College,7927,32555,68,0,Personal Auto,Two-Door Car,86,California,M
YP75411,College,21123,0,69,0,Personal Auto,Two-Door Car,496,Arizona,M
FV33188,Bachelor,2453,29735,69,0,Personal Auto,Four-Door Car,331,Washington,M
ZQ94561,College,2981,80590,74,0,Corporate Auto,Four-Door Car,97,Washington,M
JZ16164,Bachelor,5110,22565,132,0,Personal Auto,SUV,633,Oregon,F
MU63232,Master,5351,54817,137,0,Personal Auto,SUV,209,Arizona,M
CG13512,College,9015,0,62,0,Personal Auto,Two-Door Car,42,Oregon,M
ZR86524,College,5903,55393,74,1,Corporate Auto,Four-Door Car,2,Oregon,F
UG38549,High School or Below,8852,0,83,0,Personal Auto,Four-Door Car,597,California,F
HJ37943,Bachelor,13333,75634,110,0,Personal Auto,Two-Door Car,432,California,F
QA72881,College,8658,62464,109,0,Personal Auto,Luxury,400,Oregon,M
BL54814,College,4871,72648,61,0,Personal Auto,Four-Door Car,120,Arizona,M
MG72449,Bachelor,5279,77167,66,0,Personal Auto,Four-Door Car,137,Nevada,F
VR66049,High School or Below,6689,56980,84,0,Corporate Auto,Two-Door Car,599,Washington,M
KC17606,College,5244,27444,66,0,Personal Auto,Four-Door Car,313,California,F
LB12820,High School or Below,6688,57289,86,0,Corporate Auto,Two-Door Car,562,Oregon,M
ZH30674,Bachelor,8408,84091,105,0,Personal Auto,Four-Door Car,380,Oregon,M
HX96638,College,2052,0,67,2,Personal Auto,Four-Door Car,806,Arizona,M
TT20057,College,10592,59590,136,0,Personal Auto,SUV,460,Oregon,M
AM26598,College,2913,89672,72,0,Personal Auto,Four-Door Car,309,Arizona,F
AY73718,Bachelor,5243,96535,66,0,Personal Auto,Four-Door Car,271,California,F
EL11108,Doctor,14191,25575,117,0,Personal Auto,SUV,561,Oregon,F
FA15811,College,9426,38910,78,0,Personal Auto,Two-Door Car,20,Nevada,F
BA51898,Bachelor,4521,39426,114,0,Special Auto,SUV,412,Arizona,M
PP30874,High School or Below,3579,28304,91,2,Personal Auto,Four-Door Car,655,California,F
MN74944,College,6285,52210,80,0,Personal Auto,Four-Door Car,384,Arizona,M
FK94501,Bachelor,7844,0,102,0,Personal Auto,SUV,273,Nevada,F
HZ84382,Master,8283,94851,104,0,Personal Auto,Four-Door Car,190,Oregon,M
FA89548,Bachelor,2436,0,67,0,Personal Auto,Four-Door Car,399,Arizona,M
GD29440,Bachelor,2538,18608,71,0,Personal Auto,Four-Door Car,340,Washington,M
DE21910,College,7304,41025,92,0,Personal Auto,Four-Door Car,20,Oregon,F
CH50584,High School or Below,32474,71449,102,0,Personal Auto,SUV,734,Oregon,M
JV97593,Bachelor,6674,92653,83,1,Personal Auto,Four-Door Car,456,California,F
ND68993,Bachelor,33473,33190,106,0,Personal Auto,SUV,508,Nevada,F
YT46746,College,6459,24290,82,0,Personal Auto,Four-Door Car,393,Oregon,F
RF94484,College,4605,22571,63,0,Corporate Auto,Four-Door Car,302,Oregon,F
No19664,High School or Below,5686,26409,71,0,Personal Auto,Four-Door Car,475,California,F
BA97018,High School or Below,6608,21616,93,0,Personal Auto,Two-Door Car,944,Arizona,M
HY16703,College,7158,36463,92,0,Personal Auto,Four-Door Car,441,Oregon,M
MA15172,Bachelor,10179,14290,271,0,Personal Auto,Luxury,1300,California,F
WO81184,Bachelor,5052,34645,69,3,Special Auto,Two-Door Car,220,California,M
FX39582,Bachelor,5201,67001,131,0,Personal Auto,SUV,463,Washington,M
ZG23976,Bachelor,8632,96200,107,0,Personal Auto,Two-Door Car,513,California,F
WE25756,High School or Below,7350,69241,93,0,Personal Auto,Four-Door Car,111,Arizona,M
AP59947,Bachelor,7690,55843,64,0,Corporate Auto,Two-Door Car,307,California,F
JG31799,Bachelor,8259,20305,76,1,Personal Auto,Two-Door Car,496,California,F
XY28151,Bachelor,2317,0,68,0,Corporate Auto,Two-Door Car,489,Oregon,F
ZB72138,Bachelor,8929,44329,112,0,Personal Auto,SUV,537,Oregon,M
OP52966,High School or Below,4854,44279,61,0,Personal Auto,Two-Door Car,292,Arizona,M
TG67664,College,2659,0,87,3,Personal Auto,Four-Door Car,420,California,F
DH14632,College,8750,34695,113,0,Personal Auto,SUV,100,Oregon,F
QN26812,High School or Below,5054,79297,64,0,Personal Auto,Four-Door Car,72,Arizona,M
PD97837,Bachelor,2199,0,62,0,Corporate Auto,Four-Door Car,297,Arizona,M
LX67597,Bachelor,5715,84183,72,0,Personal Auto,Four-Door Car,255,Nevada,M
VH35998,Doctor,9566,53375,79,0,Personal Auto,Four-Door Car,127,California,M
UE54045,High School or Below,10094,32046,127,0,Corporate Auto,SUV,475,California,F
XA50997,High School or Below,5444,91393,67,0,Personal Auto,Two-Door Car,460,Nevada,M
GM37281,Bachelor,2582,76731,64,0,Personal Auto,Four-Door Car,201,California,F
QT84069,Master,50568,82081,249,0,Personal Auto,Luxury,753,Oregon,M
MG74662,High School or Below,3484,51337,88,0,Corporate Auto,Four-Door Car,72,Oregon,F
EP46328,Bachelor,5555,74015,72,0,Personal Auto,Four-Door Car,471,California,M
UL87052,Bachelor,4173,0,117,0,Personal Auto,SUV,842,Arizona,F
GA93544,High School or Below,2897,0,77,0,Personal Auto,Four-Door Car,554,Oregon,F
EW73206,Bachelor,8044,68849,67,0,Corporate Auto,Two-Door Car,252,California,F
MV19629,College,7716,37376,99,0,Personal Auto,Four-Door Car,65,Oregon,F
TK67721,High School or Below,2274,0,64,0,Corporate Auto,Four-Door Car,621,Oregon,F
AD38685,College,8658,62464,109,0,Personal Auto,Luxury,400,California,M
LX72964,High School or Below,11260,88304,95,0,Personal Auto,Four-Door Car,276,Arizona,F
MR37609,College,16414,0,112,0,Special Auto,SUV,682,Oregon,M
OG30514,Bachelor,20018,65900,62,0,Personal Auto,Four-Door Car,297,Nevada,F
GJ44951,Bachelor,4698,0,67,0,Personal Auto,Two-Door Car,321,Washington,F
YB19340,High School or Below,9002,61374,113,0,Corporate Auto,Two-Door Car,210,Oregon,M
BD42101,Bachelor,25030,0,110,1,Corporate Auto,SUV,528,California,M
RZ89024,Doctor,3102,31841,78,0,Personal Auto,Four-Door Car,126,Oregon,M
ZO20633,High School or Below,2587,27861,65,0,Corporate Auto,Four-Door Car,312,Oregon,F
KL39500,College,4983,0,83,3,Personal Auto,Four-Door Car,736,Arizona,M
QK24293,Doctor,6265,0,84,1,Corporate Auto,Four-Door Car,481,Oregon,F
RW71963,High School or Below,7233,94550,90,0,Personal Auto,Four-Door Car,432,Nevada,F
HR71115,College,5357,39604,68,0,Personal Auto,Four-Door Car,63,Nevada,M
UL55837,Bachelor,11130,42928,93,0,Personal Auto,Four-Door Car,651,Nevada,F
IW77519,Bachelor,2610,54737,66,0,Personal Auto,Four-Door Car,391,Washington,F
CR88883,College,7452,0,68,0,Corporate Auto,Two-Door Car,489,Arizona,M
YD58301,High School or Below,6352,80587,78,0,Personal Auto,Four-Door Car,276,California,F
RT60959,High School or Below,14585,0,194,0,Corporate Auto,Luxury,931,Oregon,F
KC67832,College,17292,80028,86,0,Corporate Auto,Four-Door Car,114,California,M
DK92014,High School or Below,4254,11904,61,2,Personal Auto,Two-Door Car,292,Arizona,F
ZA44520,High School or Below,9621,54872,121,0,Personal Auto,SUV,580,Arizona,F
AJ69060,College,14260,0,99,0,Personal Auto,Two-Door Car,204,California,M
ME35315,College,7756,0,74,0,Corporate Auto,Two-Door Car,532,Washington,M
BU61331,College,5875,46417,74,0,Corporate Auto,Four-Door Car,164,Arizona,M
XI68015,College,4946,46239,67,3,Personal Auto,Four-Door Car,6,Washington,F
HG51739,College,2660,0,73,0,Personal Auto,Four-Door Car,350,Oregon,F
FI22970,High School or Below,2372,25550,61,0,Personal Auto,Four-Door Car,439,Oregon,F
OF93412,Bachelor,15613,27514,197,0,Personal Auto,SUV,1367,Nevada,F
AH97088,High School or Below,7803,84417,98,0,Personal Auto,Two-Door Car,139,Nevada,M
BI81476,High School or Below,10346,55906,86,0,Personal Auto,Four-Door Car,58,Oregon,F
IA18854,High School or Below,4960,21638,65,0,Personal Auto,Four-Door Car,468,California,M
OO62338,Bachelor,7099,16121,65,2,Corporate Auto,Four-Door Car,312,Oregon,M
JH35547,College,24442,36261,68,0,Personal Auto,Four-Door Car,16,Oregon,M
DY34638,High School or Below,13466,11432,119,0,Personal Auto,SUV,571,Oregon,F
MT16688,Bachelor,2598,62566,65,1,Corporate Auto,Four-Door Car,48,Arizona,F
NN51066,High School or Below,2886,10312,78,0,Personal Auto,Four-Door Car,486,Oregon,F
YF73402,High School or Below,2566,67778,64,1,Personal Auto,Four-Door Car,171,Oregon,M
ZR56751,Master,6252,92895,77,0,Personal Auto,Two-Door Car,43,Washington,F
GR32910,College,5174,55290,65,0,Personal Auto,Four-Door Car,13,California,F
MZ89625,Bachelor,9263,23377,116,0,Personal Auto,Four-Door Car,556,California,F
IK51081,College,4834,38713,66,4,Personal Auto,Four-Door Car,316,California,F
VI34110,Bachelor,2361,0,66,1,Personal Auto,Four-Door Car,145,Arizona,F
VH62312,College,2674,56342,69,0,Corporate Auto,Four-Door Car,331,Nevada,M
YU39743,College,16159,29593,137,0,Personal Auto,Luxury,657,Oregon,M
RO57944,High School or Below,26197,18495,113,0,Personal Auto,SUV,542,Nevada,F
VL32622,High School or Below,2664,82887,66,1,Corporate Auto,Four-Door Car,420,California,F
NV35796,Master,15162,71366,94,0,Personal Auto,Four-Door Car,265,Oregon,F
UU32345,College,22332,49078,97,0,Corporate Auto,Four-Door Car,484,California,M
YM94448,College,4995,10787,71,0,Personal Auto,Two-Door Car,697,Arizona,F
WX46704,High School or Below,16109,0,73,0,Personal Auto,Four-Door Car,350,California,F
HY35960,High School or Below,4957,10194,65,0,Personal Auto,Two-Door Car,312,Arizona,M
PB41497,High School or Below,2866,81763,72,1,Personal Auto,Two-Door Car,518,Oregon,M
GP37412,College,8719,59763,73,0,Personal Auto,Two-Door Car,350,Arizona,F
KU62853,College,22448,0,78,0,Special Auto,Four-Door Car,561,California,F
EA87824,College,6864,96832,85,0,Personal Auto,Two-Door Car,408,Arizona,F
DM42912,College,4980,21135,130,0,Personal Auto,SUV,678,California,F
HK50871,High School or Below,2312,16143,62,1,Personal Auto,Four-Door Car,32,California,M
ZX73673,Bachelor,5555,74015,72,0,Personal Auto,Four-Door Car,471,Arizona,M
EO95783,High School or Below,26763,84178,74,0,Personal Auto,Two-Door Car,12,Arizona,M
TR18791,Bachelor,2471,0,70,0,Personal Auto,Two-Door Car,504,Arizona,M
DC83427,High School or Below,17759,0,63,0,Personal Auto,Four-Door Car,661,Oregon,F
OG31942,College,14628,63936,189,0,Personal Auto,Luxury,765,California,M
AK17025,Bachelor,5801,0,83,0,Personal Auto,Four-Door Car,597,Washington,M
RT17851,High School or Below,5209,37940,129,0,Special Auto,SUV,512,Oregon,F
UF56271,High School or Below,2814,30703,70,0,Personal Auto,Four-Door Car,336,Washington,F
BP25150,College,5417,54898,69,0,Corporate Auto,Two-Door Car,176,Arizona,F
XT34986,Bachelor,16775,89030,139,0,Personal Auto,SUV,49,Oregon,M
OI74902,College,7980,15630,115,1,Personal Auto,SUV,656,California,F
GV33313,Bachelor,5107,35625,65,1,Personal Auto,Four-Door Car,288,Arizona,F
WA54110,High School or Below,2690,48329,67,0,Corporate Auto,Four-Door Car,470,Nevada,M
IS94199,High School or Below,4254,11904,61,2,Personal Auto,Two-Door Car,292,California,F
XE22944,Bachelor,4643,12261,125,0,Personal Auto,SUV,600,Arizona,F
CK24264,High School or Below,6217,0,86,0,Personal Auto,Four-Door Car,39,Arizona,M
BF54215,Master,11373,87810,94,3,Personal Auto,Four-Door Car,225,California,F
HW85007,Bachelor,10861,64744,139,0,Personal Auto,SUV,41,Oregon,M
PA56702,Doctor,8569,0,117,0,Personal Auto,SUV,957,Arizona,M
VD87432,Bachelor,16069,60735,135,0,Personal Auto,SUV,571,Washington,M
GG57214,Bachelor,2410,0,67,0,Personal Auto,Two-Door Car,482,Washington,F
EK10022,Bachelor,14057,36261,118,0,Corporate Auto,SUV,1197,California,M
IV97881,High School or Below,4872,0,135,0,Personal Auto,Luxury,648,Nevada,M
GS85403,Master,9031,0,122,0,Corporate Auto,Luxury,650,Washington,F
UO48558,High School or Below,2993,23277,77,2,Corporate Auto,Four-Door Car,369,California,M
SX18141,High School or Below,5846,50320,73,0,Personal Auto,Four-Door Car,297,Arizona,F
KK26955,High School or Below,2589,49675,65,0,Personal Auto,Two-Door Car,312,Washington,F
PV12088,High School or Below,6558,19508,61,0,Personal Auto,Two-Door Car,292,Arizona,M
TV97612,Bachelor,8105,20815,110,0,Personal Auto,SUV,528,Oregon,M
VA95387,High School or Below,7232,46621,61,0,Corporate Auto,Four-Door Car,30,Nevada,M
XF93358,High School or Below,13599,22775,184,0,Personal Auto,Luxury,883,Arizona,F
WP64059,Bachelor,5093,91814,63,0,Personal Auto,Two-Door Car,167,California,F
YY63521,College,6047,20396,76,1,Personal Auto,Four-Door Car,364,Arizona,M
FH69597,High School or Below,7172,73836,182,3,Personal Auto,Luxury,553,California,F
UT76436,Bachelor,3438,55910,86,0,Personal Auto,Four-Door Car,324,Nevada,F
VA94160,High School or Below,5418,43054,68,0,Personal Auto,Four-Door Car,326,California,F
NJ55678,Bachelor,7824,64543,65,0,Personal Auto,Four-Door Car,200,Arizona,F
OJ60800,Bachelor,7930,75988,67,0,Personal Auto,Four-Door Car,200,Oregon,M
PG20605,College,9321,0,64,0,Personal Auto,Four-Door Car,572,Arizona,M
UT88283,College,2775,29051,73,0,Personal Auto,Two-Door Car,153,Arizona,F
AF48816,Bachelor,5792,87382,72,0,Personal Auto,Four-Door Car,345,Arizona,F
SY93381,College,3596,30694,91,1,Personal Auto,Four-Door Car,436,California,F
ZI63885,High School or Below,14713,0,85,0,Personal Auto,Four-Door Car,877,Washington,M
SD41771,High School or Below,44520,49259,144,0,Personal Auto,Luxury,820,California,M
IG80910,High School or Below,3071,47528,77,1,Personal Auto,Four-Door Car,277,Oregon,F
RA62452,Bachelor,8471,70624,106,0,Corporate Auto,SUV,49,Nevada,M
NI88122,College,7205,0,64,0,Corporate Auto,Four-Door Car,505,California,F
LG90006,Doctor,11154,31409,93,0,Personal Auto,Four-Door Car,381,Oregon,F
XZ83249,High School or Below,10168,35504,128,0,Personal Auto,SUV,404,Nevada,F
EP26605,Bachelor,5688,44833,72,0,Personal Auto,Two-Door Car,345,Washington,F
LW29130,High School or Below,5272,24423,67,0,Corporate Auto,Two-Door Car,321,Washington,F
UD61088,Bachelor,13799,0,127,0,Personal Auto,SUV,609,California,M
UY81122,College,4167,0,69,3,Personal Auto,Four-Door Car,433,Oregon,F
ED87136,High School or Below,4242,0,61,0,Personal Auto,Four-Door Car,439,Arizona,M
PK58026,Bachelor,5736,96917,71,0,Personal Auto,Two-Door Car,373,Nevada,F
OD79784,Bachelor,2679,84450,68,0,Corporate Auto,Four-Door Car,291,Arizona,M
OO79691,College,11828,0,111,0,Personal Auto,SUV,1018,Arizona,F
PE72393,High School or Below,11905,0,115,0,Corporate Auto,Four-Door Car,840,Arizona,F
QG39997,College,4212,10097,110,0,Personal Auto,Four-Door Car,218,Arizona,F
ET45138,College,5553,33255,138,0,Personal Auto,Luxury,662,California,F
WP46383,Bachelor,26538,94132,73,0,Personal Auto,Four-Door Car,350,Oregon,F
FJ12205,Master,6511,42602,85,3,Personal Auto,Two-Door Car,63,Oregon,M
KE42114,Doctor,4730,17250,62,0,Personal Auto,Four-Door Car,175,Nevada,M
CO15448,College,2908,74212,73,0,Personal Auto,Four-Door Car,188,California,M
SU31072,Bachelor,4821,85756,61,0,Personal Auto,Four-Door Car,117,Washington,M
LC87490,Bachelor,2248,24910,63,1,Personal Auto,Four-Door Car,347,Arizona,F
OT36536,Bachelor,5232,41596,66,0,Personal Auto,Four-Door Car,316,Oregon,M
DE59454,Bachelor,2557,72202,63,0,Corporate Auto,Two-Door Car,453,Nevada,M
VS63956,Bachelor,5871,33967,76,0,Personal Auto,Four-Door Car,364,California,M
TR39403,Master,3681,77951,93,3,Corporate Auto,Two-Door Car,19,California,F
AB62982,Doctor,5918,77521,73,0,Personal Auto,Two-Door Car,350,Oregon,F
QP76867,College,16152,0,109,0,Personal Auto,Luxury,852,Oregon,M
MO41014,Bachelor,4984,86305,62,0,Corporate Auto,Four-Door Car,80,Arizona,M
EK56325,High School or Below,6637,0,92,2,Personal Auto,Four-Door Car,662,Arizona,M
LB59405,High School or Below,5979,57693,76,0,Personal Auto,Four-Door Car,547,California,F
JI37927,College,7736,0,112,3,Corporate Auto,SUV,78,Oregon,F
OJ43280,Bachelor,5644,33137,74,0,Personal Auto,Two-Door Car,472,California,M
YW43854,High School or Below,6944,0,68,0,Personal Auto,Four-Door Car,489,Washington,M
AL43475,College,7373,44938,183,0,Personal Auto,Luxury,2069,California,F
XY80192,High School or Below,13979,33617,117,0,Personal Auto,Four-Door Car,761,Oregon,M
PI71828,College,2395,38460,61,0,Personal Auto,Four-Door Car,191,Arizona,M
RQ94849,College,2387,0,67,0,Personal Auto,Four-Door Car,482,California,M
JX93039,College,4883,40171,123,0,Personal Auto,SUV,576,Washington,F
KF44948,High School or Below,20496,0,64,0,Personal Auto,Four-Door Car,307,Washington,F
OK14812,Doctor,2491,36631,62,0,Personal Auto,Four-Door Car,67,Nevada,M
UV49359,Bachelor,7372,74335,187,0,Corporate Auto,Luxury,896,Nevada,F
IZ88103,Bachelor,12625,79421,104,0,Personal Auto,Four-Door Car,115,California,F
QC27179,Bachelor,5261,38466,68,0,Personal Auto,Two-Door Car,204,Oregon,M
VC47959,College,4895,54495,61,0,Personal Auto,Four-Door Car,182,Arizona,F
BN45584,College,4034,0,112,0,Special Auto,Luxury,806,Oregon,F
YP53257,Bachelor,10179,14290,271,0,Personal Auto,Luxury,1300,Oregon,F
VP84987,College,17497,0,73,0,Personal Auto,Two-Door Car,350,California,M
LK57934,Bachelor,10569,45776,89,0,Personal Auto,Four-Door Car,95,Nevada,M
AV49798,College,7842,94263,98,0,Personal Auto,Four-Door Car,112,Arizona,M
RD73104,High School or Below,7942,12181,108,0,Personal Auto,Four-Door Car,591,Washington,F
IZ17303,Bachelor,17002,97268,85,0,Personal Auto,Four-Door Car,35,California,M
PK79296,College,2602,28995,67,0,Personal Auto,Four-Door Car,321,California,F
VA82895,High School or Below,4112,25030,113,4,Personal Auto,Luxury,542,Oregon,F
WC66749,College,5213,12613,70,0,Personal Auto,Four-Door Car,336,Oregon,F
JO68735,Bachelor,2292,0,64,0,Personal Auto,Two-Door Car,460,California,F
JA55700,High School or Below,3933,25927,103,0,Personal Auto,SUV,674,California,M
IX97339,College,9234,0,134,0,Corporate Auto,SUV,643,Arizona,F
DH93540,College,4650,28215,65,0,Personal Auto,Two-Door Car,468,Oregon,M
KV56995,Bachelor,3954,18375,103,0,Personal Auto,Luxury,535,Nevada,M
PA15141,High School or Below,6953,43221,87,0,Special Auto,Four-Door Car,398,California,F
FC48492,Bachelor,2876,0,84,0,Personal Auto,Four-Door Car,849,California,M
ZJ29643,Doctor,6265,0,84,1,Personal Auto,Four-Door Car,481,Washington,F
EC22495,High School or Below,3145,52082,79,0,Personal Auto,Four-Door Car,379,Oregon,M
RO87000,High School or Below,2688,50719,68,0,Personal Auto,Four-Door Car,394,California,M
YU35148,Bachelor,4749,0,123,0,Personal Auto,SUV,590,Washington,F
BW51534,High School or Below,8364,0,110,0,Corporate Auto,SUV,528,California,F
ER50891,High School or Below,3450,39248,87,0,Personal Auto,Four-Door Car,386,California,M
LM63497,College,2935,0,82,0,Personal Auto,Four-Door Car,590,Oregon,F
DE71115,High School or Below,2772,68463,70,1,Personal Auto,Four-Door Car,336,Washington,M
AX71238,High School or Below,3963,38096,99,0,Personal Auto,Two-Door Car,475,California,M
IZ50034,College,8062,42124,101,0,Personal Auto,SUV,484,Washington,M
AR75105,College,7805,21073,106,1,Personal Auto,SUV,508,California,F
LX77880,Bachelor,4855,24149,61,0,Personal Auto,Four-Door Car,292,Oregon,F
PQ72803,High School or Below,2886,10312,78,0,Personal Auto,Four-Door Car,486,Washington,F
PV99529,Bachelor,2724,0,77,0,Personal Auto,Two-Door Car,404,Arizona,M
UW10841,Bachelor,9976,74115,63,0,Personal Auto,Four-Door Car,275,California,M
UO93347,High School or Below,3755,34624,95,0,Personal Auto,Four-Door Car,270,California,M
WK46492,Bachelor,9642,36108,128,2,Personal Auto,SUV,614,Arizona,F
DO70918,High School or Below,4573,0,127,0,Special Auto,Luxury,914,Nevada,F
KG71396,High School or Below,4017,0,118,0,Corporate Auto,Two-Door Car,959,Nevada,M
MI16758,High School or Below,12052,43184,102,0,Personal Auto,SUV,376,Nevada,F
AT98182,Doctor,2525,0,67,0,Corporate Auto,Four-Door Car,146,California,F
GP67583,College,8207,35349,102,0,Personal Auto,Four-Door Car,489,Arizona,M
DY73849,Bachelor,4569,0,124,0,Personal Auto,SUV,250,California,F
UR42360,Bachelor,16979,35095,73,0,Personal Auto,Two-Door Car,525,California,M
IK74329,High School or Below,18061,13164,70,0,Personal Auto,Two-Door Car,75,Arizona,F
WJ20394,High School or Below,5191,0,141,0,Corporate Auto,SUV,676,Nevada,M
PF26758,College,6271,94880,79,3,Special Auto,Four-Door Car,347,Oregon,F
DK81475,College,4619,95301,114,0,Personal Auto,SUV,547,Nevada,M
DK93464,Bachelor,8571,56202,107,0,Personal Auto,Two-Door Car,513,Nevada,F
XS76166,College,3245,35592,82,0,Personal Auto,Two-Door Car,496,Oregon,F
TZ76531,High School or Below,12489,0,113,0,Personal Auto,Four-Door Car,542,California,M
RC22595,College,3799,0,102,0,Personal Auto,Four-Door Car,489,Arizona,F
IA90990,High School or Below,10004,0,89,0,Corporate Auto,Two-Door Car,640,California,F
QQ69088,Doctor,5577,11097,73,0,Corporate Auto,Two-Door Car,350,Washington,M
ED59130,Bachelor,16705,74900,208,0,Personal Auto,Luxury,998,Arizona,M
SC90717,Doctor,31864,23576,89,0,Personal Auto,Four-Door Car,383,California,M
PP36346,High School or Below,3708,23393,95,0,Corporate Auto,Four-Door Car,456,Nevada,F
JU75786,Master,7203,0,95,0,Personal Auto,Two-Door Car,149,Oregon,F
TU68427,High School or Below,2649,0,73,0,Personal Auto,Two-Door Car,350,Arizona,F
YD28431,Master,6991,66346,87,1,Personal Auto,Four-Door Car,78,California,F
MY56715,Bachelor,3380,58109,86,0,Corporate Auto,Two-Door Car,412,Oregon,M
NF60680,High School or Below,20096,92766,71,0,Personal Auto,Two-Door Car,379,Arizona,F
BD70337,High School or Below,24706,26307,73,0,Personal Auto,Four-Door Car,313,California,M
DM77491,Bachelor,7416,0,69,0,Personal Auto,Four-Door Car,238,Oregon,M
EV57176,High School or Below,5605,21171,72,0,Corporate Auto,Four-Door Car,345,California,F
CQ76876,College,13749,82753,114,0,Personal Auto,Four-Door Car,264,California,F
QI89498,College,2203,0,64,0,Personal Auto,Four-Door Car,757,Oregon,F
BH43020,Bachelor,3369,39754,85,0,Personal Auto,Four-Door Car,62,California,M
EC66666,College,7296,0,67,0,Personal Auto,Two-Door Car,321,Arizona,F
EO74797,Bachelor,7840,0,76,1,Personal Auto,Four-Door Car,364,Arizona,F
IA30254,High School or Below,14837,0,70,0,Corporate Auto,Four-Door Car,712,Nevada,M
KC79907,College,7441,91915,186,0,Personal Auto,Luxury,93,Arizona,F
XW34862,Master,11981,21514,62,0,Special Auto,Two-Door Car,257,Nevada,F
RI76930,College,4163,43276,104,0,Personal Auto,SUV,499,California,F
XZ40716,High School or Below,8054,75531,102,0,Personal Auto,Four-Door Car,489,California,F
ZC75052,Bachelor,22658,23665,67,0,Personal Auto,Four-Door Car,404,California,M
DH51686,Bachelor,4048,0,118,0,Personal Auto,Four-Door Car,566,Arizona,F
HJ89045,Bachelor,10288,96337,127,0,Personal Auto,SUV,609,California,F
DJ34695,High School or Below,21920,60180,183,0,Corporate Auto,Luxury,988,California,M
KR89806,High School or Below,16468,0,63,0,Personal Auto,Four-Door Car,685,Oregon,F
OX62816,Master,5167,30376,66,0,Personal Auto,Four-Door Car,316,Washington,M
WM36886,Master,5757,88997,72,0,Corporate Auto,Four-Door Car,174,California,M
BE92692,Bachelor,2487,69236,63,1,Personal Auto,Four-Door Car,110,Oregon,M
JV79596,Bachelor,14594,27627,63,0,Special Auto,Two-Door Car,453,Oregon,F
KA49711,Bachelor,5320,77524,68,3,Corporate Auto,Four-Door Car,64,Nevada,M
YI68606,High School or Below,2442,75449,61,0,Corporate Auto,Two-Door Car,130,Oregon,F
AU11344,Bachelor,5142,35666,131,0,Personal Auto,SUV,312,Oregon,F
BG42047,College,2511,17658,65,0,Personal Auto,Four-Door Car,312,Nevada,M
CF73234,High School or Below,2629,0,71,0,Corporate Auto,Four-Door Car,340,Oregon,M
VE85103,College,2449,20567,72,4,Personal Auto,Four-Door Car,345,Nevada,M
LN99977,College,4061,30061,104,0,Special Auto,Luxury,499,California,F
CR56473,High School or Below,5252,0,74,0,Corporate Auto,Four-Door Car,532,Nevada,M
YP32443,Bachelor,4372,20354,116,0,Personal Auto,SUV,556,Oregon,M
MQ46375,Bachelor,15320,36637,192,0,Corporate Auto,Luxury,921,Oregon,M
VU30980,High School or Below,9657,0,131,0,Personal Auto,SUV,628,California,M
JX50349,College,2472,63860,62,0,Personal Auto,Four-Door Car,208,Oregon,F
DH34004,College,6191,0,199,3,Personal Auto,Luxury,955,California,M
DU66880,High School or Below,13583,58544,114,0,Personal Auto,Four-Door Car,769,Arizona,M
QH87479,High School or Below,27528,54586,76,0,Personal Auto,Two-Door Car,122,Oregon,F
MF87270,High School or Below,2952,57248,74,0,Personal Auto,Four-Door Car,355,California,F
PX99904,Bachelor,4949,0,134,0,Corporate Auto,Luxury,964,California,F
TD43065,Bachelor,8209,66037,69,0,Personal Auto,Four-Door Car,69,California,M
DU39756,Master,4170,29462,107,1,Corporate Auto,SUV,513,Nevada,F
GY65868,Bachelor,20600,64541,86,0,Personal Auto,Four-Door Car,256,California,M
NG15645,Master,2858,27382,71,0,Personal Auto,Four-Door Car,134,California,F
HH69970,Bachelor,6282,32311,79,0,Corporate Auto,Four-Door Car,207,California,F
YJ57293,College,2776,23830,76,1,Corporate Auto,Two-Door Car,364,California,M
BV22194,High School or Below,14194,88178,70,0,Personal Auto,Two-Door Car,336,Arizona,F
UH22701,Master,9726,72236,80,0,Personal Auto,Four-Door Car,518,Oregon,F
IA85970,Bachelor,8099,0,112,0,Personal Auto,SUV,438,California,F
TC18240,College,5020,67890,63,0,Personal Auto,Four-Door Car,174,Oregon,M
GE58317,College,4834,38713,66,4,Personal Auto,Four-Door Car,316,Arizona,F
GW42895,Bachelor,17625,77803,63,0,Personal Auto,Four-Door Car,217,Oregon,F
FH77504,Bachelor,11009,51643,283,0,Personal Auto,Luxury,1358,California,F
XK87182,College,4502,46402,113,0,Personal Auto,Four-Door Car,476,Oregon,F
HB17438,Bachelor,10570,92044,132,0,Personal Auto,SUV,617,Washington,M
DH18269,College,10614,16040,96,0,Personal Auto,Two-Door Car,611,Arizona,M
DP19820,College,11436,0,135,4,Personal Auto,SUV,980,Oregon,M
IK64989,Bachelor,4458,17622,65,1,Personal Auto,Four-Door Car,312,Washington,M
MP85571,Bachelor,5558,0,188,4,Personal Auto,SUV,2156,Arizona,F
VO29645,High School or Below,5169,12430,73,0,Personal Auto,Four-Door Car,350,Oregon,M
GP83239,College,7840,58414,210,2,Personal Auto,Luxury,1008,California,M
GQ21970,Bachelor,24108,17257,70,0,Personal Auto,Four-Door Car,551,Nevada,F
HP40365,College,5638,70492,70,0,Personal Auto,Two-Door Car,328,Oregon,F
UX87150,College,7680,68229,96,0,Corporate Auto,Four-Door Car,460,California,M
OZ30867,High School or Below,8409,33397,106,0,Personal Auto,SUV,508,Oregon,F
LC60153,Bachelor,12341,72503,106,0,Personal Auto,SUV,295,California,M
OX87524,Master,2611,90349,64,0,Personal Auto,Four-Door Car,435,California,F
ZY78741,High School or Below,6081,0,87,0,Corporate Auto,Four-Door Car,626,California,M
DB79306,College,4416,25480,117,3,Personal Auto,SUV,486,California,M
EM77767,College,10932,72462,68,0,Personal Auto,Two-Door Car,272,Oregon,F
PH78214,College,5427,27677,72,1,Personal Auto,Four-Door Car,345,Oregon,F
LY17996,High School or Below,6190,25743,79,0,Personal Auto,Two-Door Car,596,California,M
XV76553,High School or Below,4523,74935,112,0,Corporate Auto,SUV,192,Oregon,M
SD38003,Bachelor,2482,0,71,0,Personal Auto,Four-Door Car,511,California,M
QC30094,High School or Below,6903,15921,92,1,Corporate Auto,Four-Door Car,571,Oregon,F
KH92987,High School or Below,21740,30095,136,0,Personal Auto,SUV,652,Arizona,F
OB32671,High School or Below,37939,20587,106,0,Personal Auto,SUV,363,Oregon,F
CD26907,Bachelor,31215,0,117,0,Personal Auto,Luxury,1227,California,M
YY46839,High School or Below,8482,29628,106,0,Corporate Auto,Two-Door Car,763,Washington,F
HY36253,Bachelor,8490,28677,78,0,Personal Auto,Four-Door Car,131,California,M
KA62728,High School or Below,8886,87094,113,1,Personal Auto,Four-Door Car,64,California,M
GH98275,College,4670,0,64,0,Corporate Auto,Four-Door Car,181,California,F
DJ87316,High School or Below,10209,43736,128,0,Personal Auto,SUV,614,Oregon,M
XC85830,Bachelor,4118,69379,103,0,Corporate Auto,Two-Door Car,494,Oregon,F
VK85405,High School or Below,7409,80415,62,0,Corporate Auto,Two-Door Car,281,California,F
ZP27971,High School or Below,3803,26050,97,0,Personal Auto,Four-Door Car,465,California,M
QC95625,High School or Below,12157,57449,103,0,Personal Auto,Four-Door Car,494,California,M
DN34058,Bachelor,28119,68211,99,0,Corporate Auto,Four-Door Car,475,Washington,F
VS80344,Bachelor,8219,28445,103,0,Special Auto,Two-Door Car,427,Arizona,F
SJ24275,College,4803,37313,62,0,Personal Auto,Four-Door Car,246,Nevada,F
YB58105,High School or Below,10865,0,110,1,Corporate Auto,Four-Door Car,1066,California,M
BP35803,College,3425,29194,89,0,Personal Auto,Four-Door Car,424,California,F
CL73599,Bachelor,8609,79090,107,0,Personal Auto,SUV,289,Arizona,F
ZR22245,College,4605,22571,63,0,Personal Auto,Four-Door Car,302,Washington,F
JJ57298,College,18634,0,139,0,Corporate Auto,SUV,1066,Oregon,M
FF53048,Master,3465,48744,86,0,Personal Auto,Two-Door Car,412,Arizona,F
HD83496,Bachelor,2478,0,71,0,Corporate Auto,Four-Door Car,511,Arizona,M
DD94148,College,5792,29530,74,0,Personal Auto,Two-Door Car,222,California,M
FM52759,Bachelor,5548,67798,69,0,Personal Auto,Four-Door Car,331,Nevada,M
OI39918,Bachelor,3443,16208,93,0,Personal Auto,Two-Door Car,446,California,M
PC72443,College,4529,94757,112,0,Personal Auto,Four-Door Car,5,Oregon,F
OQ15169,High School or Below,5597,37995,139,0,Corporate Auto,SUV,667,Washington,F
ZO89996,College,2616,72302,66,0,Personal Auto,Two-Door Car,316,Oregon,M
OP70207,College,10506,37934,137,1,Personal Auto,Luxury,385,Oregon,M
ID39569,High School or Below,10758,19382,94,0,Personal Auto,Four-Door Car,676,Washington,M
RJ80405,Bachelor,5498,33191,70,0,Personal Auto,Four-Door Car,443,Arizona,M
NT21324,College,2791,72389,70,0,Personal Auto,Four-Door Car,206,Arizona,M
IY98928,Master,5176,91475,64,0,Personal Auto,Four-Door Car,73,Arizona,F
XJ81725,College,8166,0,111,0,Personal Auto,Four-Door Car,799,California,M
FE62142,Bachelor,4267,43682,107,0,Corporate Auto,SUV,148,Oregon,F
ZH55575,Bachelor,5217,39854,66,0,Corporate Auto,Two-Door Car,261,California,F
WI86229,Master,7807,52162,99,0,Personal Auto,Two-Door Car,251,Oregon,M
QR42111,High School or Below,5058,0,134,0,Special Auto,SUV,643,Arizona,F
DN71979,College,7772,74755,195,0,Personal Auto,Luxury,1404,Arizona,M
IC22580,College,11533,85339,95,0,Personal Auto,Four-Door Car,392,California,M
MX93069,Doctor,5073,57709,125,0,Personal Auto,SUV,600,Oregon,M
TG37225,College,4636,26802,66,1,Personal Auto,Two-Door Car,316,California,M
GY69750,Master,5296,0,73,0,Personal Auto,Four-Door Car,152,Oregon,M
KX99703,College,6273,18577,86,0,Personal Auto,Four-Door Car,412,Oregon,F
AA35519,College,8002,0,107,0,Personal Auto,SUV,513,Arizona,F
FE99816,Bachelor,15563,0,253,5,Personal Auto,Luxury,1214,Nevada,F
YP92773,Bachelor,4723,21546,119,1,Corporate Auto,Two-Door Car,625,Washington,F
CF26052,Bachelor,8436,49182,70,0,Personal Auto,Two-Door Car,165,Arizona,F
PR37714,Bachelor,7153,32238,91,0,Personal Auto,Four-Door Car,439,California,F
CE92675,College,6990,0,68,0,Personal Auto,Four-Door Car,326,California,F
BK47926,High School or Below,6375,98118,83,3,Personal Auto,Four-Door Car,398,California,M
BY62906,High School or Below,27990,22971,101,0,Personal Auto,SUV,562,Arizona,M
UY95661,Master,4971,49161,63,2,Personal Auto,Two-Door Car,171,California,M
OS84395,Bachelor,7611,90252,95,0,Corporate Auto,Four-Door Car,122,Nevada,M
JS53793,Doctor,2422,25036,61,1,Corporate Auto,Four-Door Car,292,Arizona,F
BV25135,Bachelor,4647,28314,121,0,Personal Auto,SUV,580,California,M
AF17671,Bachelor,7765,56337,97,0,Personal Auto,Four-Door Car,465,Washington,F
AY30324,Bachelor,6189,99074,77,1,Special Auto,Two-Door Car,208,Oregon,F
XE17270,High School or Below,3520,31708,94,1,Personal Auto,Two-Door Car,451,California,M
LS46182,Bachelor,2678,0,83,1,Personal Auto,Four-Door Car,398,Nevada,M
LH33181,Bachelor,6274,0,67,1,Personal Auto,Four-Door Car,431,Arizona,M
AT84725,College,4650,28215,65,0,Personal Auto,Two-Door Car,468,Washington,M
TP33286,High School or Below,12010,0,119,0,Corporate Auto,Four-Door Car,856,Washington,M
YB79192,Bachelor,10193,21119,128,0,Personal Auto,SUV,614,California,F
SC43870,Bachelor,15862,0,66,0,Corporate Auto,Four-Door Car,475,California,M
OO72857,Bachelor,17254,0,69,1,Personal Auto,Four-Door Car,331,Oregon,M
MO38559,Doctor,5294,0,70,0,Personal Auto,Four-Door Car,20,Arizona,F
RL65736,High School or Below,6274,13662,85,0,Personal Auto,Four-Door Car,408,Oregon,F
ID30085,High School or Below,8007,0,112,0,Personal Auto,Luxury,537,Arizona,F
CO68055,Bachelor,30966,0,109,0,Personal Auto,SUV,691,Oregon,M
NX37589,Bachelor,2666,79251,67,1,Personal Auto,Four-Door Car,321,Washington,F
BX88206,High School or Below,18572,51294,116,0,Corporate Auto,SUV,113,Nevada,F
AA30683,Bachelor,6595,0,105,2,Personal Auto,Four-Door Car,847,California,M
BD13927,High School or Below,2243,0,62,0,Personal Auto,Two-Door Car,675,California,F
SJ71233,College,7423,0,107,0,Personal Auto,SUV,513,California,F
WK52692,College,4627,29124,129,4,Personal Auto,SUV,619,Oregon,F
OG67387,College,4413,0,65,0,Personal Auto,Four-Door Car,312,California,M
XR99310,College,3163,97266,79,0,Special Auto,Two-Door Car,546,California,M
GU84478,High School or Below,4908,48207,63,2,Personal Auto,Four-Door Car,164,Oregon,M
ZX29705,College,7850,0,69,0,Corporate Auto,Four-Door Car,331,California,F
WN67367,Bachelor,3210,0,88,0,Personal Auto,Four-Door Car,325,California,F
QN67807,Bachelor,5387,97316,67,0,Personal Auto,Two-Door Car,309,Arizona,M
AU77281,College,2472,63860,62,0,Personal Auto,Four-Door Car,208,Oregon,F
DN46994,Bachelor,5403,72633,67,0,Personal Auto,Four-Door Car,155,California,F
OW97322,Bachelor,31410,28013,266,0,Personal Auto,Luxury,1276,Oregon,M
ZC97171,High School or Below,7627,60479,96,0,Personal Auto,Four-Door Car,85,Arizona,F
NG69817,Bachelor,7540,0,68,0,Personal Auto,Two-Door Car,519,California,F
BS95225,College,2617,14151,72,1,Personal Auto,Four-Door Car,345,California,M
AE93522,Bachelor,7212,75891,61,0,Corporate Auto,Two-Door Car,61,Washington,M
LP15901,Bachelor,6671,0,183,0,Personal Auto,Luxury,1317,Nevada,M
FB95495,College,5677,53078,73,0,Personal Auto,Four-Door Car,764,California,M
PE59735,High School or Below,22952,20031,86,0,Personal Auto,Four-Door Car,109,Oregon,F
WR73970,Bachelor,2960,92070,74,0,Corporate Auto,Four-Door Car,368,Arizona,M
JD15492,High School or Below,2446,44509,61,0,Personal Auto,Four-Door Car,226,Oregon,F
OF46381,High School or Below,7659,0,73,0,Personal Auto,Two-Door Car,525,California,M
GP85044,Bachelor,4533,91967,113,0,Special Auto,SUV,156,Arizona,M
OO64005,Bachelor,2355,0,63,0,Personal Auto,Four-Door Car,302,Oregon,F
VB42222,Bachelor,14316,97379,119,0,Personal Auto,Four-Door Car,354,Nevada,F
ZR79373,Bachelor,10179,14290,271,0,Personal Auto,Luxury,1300,Arizona,F
KH12081,High School or Below,8129,0,119,1,Personal Auto,SUV,729,Arizona,F
WV64743,High School or Below,13272,0,194,0,Personal Auto,Luxury,1396,Washington,M
ZT58755,High School or Below,17817,0,68,0,Personal Auto,Four-Door Car,256,Oregon,F
WX52894,College,25002,21927,71,0,Personal Auto,Four-Door Car,128,Nevada,M
EO51920,High School or Below,19955,69096,99,0,Corporate Auto,Four-Door Car,64,Oregon,F
AQ34238,Bachelor,4606,0,72,2,Corporate Auto,Four-Door Car,518,Oregon,M
EI10204,High School or Below,15114,28513,100,1,Personal Auto,SUV,480,Oregon,F
GY23881,High School or Below,4782,81687,61,0,Personal Auto,Four-Door Car,292,Oregon,M
FL59259,High School or Below,6317,13792,87,2,Personal Auto,Four-Door Car,620,Nevada,F
RN45606,High School or Below,16224,32184,136,1,Personal Auto,SUV,266,Nevada,F
OJ64812,Bachelor,9585,26432,88,3,Personal Auto,Four-Door Car,422,Washington,M
AK11669,Doctor,10130,59232,85,0,Corporate Auto,Two-Door Car,408,Arizona,F
EM53324,College,7343,0,72,3,Personal Auto,Four-Door Car,345,Oregon,F
JE99638,Bachelor,7699,23577,68,0,Personal Auto,Four-Door Car,91,Arizona,M
LR69185,College,5739,0,80,0,Personal Auto,Four-Door Car,848,Nevada,M
AS55478,Bachelor,3874,26670,98,0,Corporate Auto,Four-Door Car,541,Oregon,M
OB52091,Bachelor,8112,87403,68,0,Personal Auto,Four-Door Car,456,Washington,M
AM28777,College,2707,51455,67,0,Personal Auto,Four-Door Car,11,Oregon,F
AQ70385,High School or Below,5686,30242,72,0,Personal Auto,Four-Door Car,48,Oregon,M
FL22732,Bachelor,7381,64311,62,0,Personal Auto,Four-Door Car,157,Oregon,M
JD75068,College,2724,0,70,0,Corporate Auto,Four-Door Car,405,Oregon,F
MM70762,Master,9075,37722,116,0,Personal Auto,Luxury,158,Arizona,M
JT46803,Bachelor,2756,42336,69,0,Personal Auto,Four-Door Car,25,Oregon,F
VO25938,Bachelor,8382,25998,71,0,Personal Auto,Four-Door Car,791,Oregon,M
FP31685,Bachelor,7868,24887,68,0,Personal Auto,Four-Door Car,326,Oregon,F
LP69867,High School or Below,2851,0,82,0,Personal Auto,Four-Door Car,590,Oregon,M
BX88330,College,7615,90918,64,0,Personal Auto,Four-Door Car,163,Washington,F
QQ86648,High School or Below,5658,78834,72,2,Personal Auto,Two-Door Car,345,Oregon,M
VE80757,Bachelor,4307,0,62,0,Personal Auto,Two-Door Car,434,Oregon,M
BE69929,College,4820,27872,61,0,Personal Auto,Two-Door Car,186,Arizona,F
BM31989,College,8754,24012,112,1,Personal Auto,Four-Door Car,82,Arizona,M
HW27766,College,7259,16367,94,0,Personal Auto,Four-Door Car,515,Arizona,M
BC90645,Master,2675,55479,68,1,Personal Auto,Four-Door Car,117,California,F
GC36679,High School or Below,3305,40778,86,0,Personal Auto,Four-Door Car,412,Oregon,M
VI74176,High School or Below,8984,0,137,3,Personal Auto,SUV,1532,Arizona,M
BX24569,Bachelor,3567,0,102,0,Personal Auto,SUV,660,California,M
DR32525,College,23747,0,96,4,Personal Auto,Four-Door Car,460,Arizona,M
CP76842,College,3352,95438,83,0,Corporate Auto,Two-Door Car,99,Nevada,F
IH20118,High School or Below,5169,12430,73,0,Personal Auto,Four-Door Car,350,Oregon,M
DA20472,High School or Below,8564,95697,107,0,Personal Auto,Luxury,178,California,M
DN67273,High School or Below,8028,0,74,0,Personal Auto,Two-Door Car,532,Oregon,F
ZZ20738,High School or Below,9000,28108,114,0,Personal Auto,Luxury,547,California,F
AS18084,College,11638,25370,102,0,Personal Auto,Luxury,489,California,F
FY21364,Bachelor,7376,0,105,0,Corporate Auto,SUV,756,California,M
LL73047,High School or Below,7892,28672,71,0,Personal Auto,Four-Door Car,340,California,F
CG15505,Master,19160,22705,239,0,Personal Auto,Luxury,1294,California,F
ZZ22047,Bachelor,5548,67798,69,0,Corporate Auto,Four-Door Car,331,Washington,M
NG56399,High School or Below,8319,61367,70,0,Personal Auto,Two-Door Car,498,Arizona,M
MD45928,High School or Below,13770,59207,116,0,Personal Auto,Four-Door Car,556,Arizona,F
OV29928,College,5225,67423,65,0,Corporate Auto,Four-Door Car,293,Washington,F
OR28030,Bachelor,16979,35095,73,0,Corporate Auto,Two-Door Car,525,California,M
LO48748,Master,7485,26380,96,0,Personal Auto,Four-Door Car,177,Oregon,F
FX95323,College,2639,88731,66,0,Personal Auto,Four-Door Car,148,Oregon,M
AG85127,Bachelor,8085,61409,68,0,Special Auto,Four-Door Car,264,Oregon,M
JN33628,Bachelor,12316,0,167,0,Personal Auto,SUV,1985,California,M
QU69375,High School or Below,5568,0,79,1,Corporate Auto,Two-Door Car,407,Nevada,M
FM37864,Bachelor,3571,74931,89,0,Personal Auto,Two-Door Car,230,California,F
IL23615,College,3350,74770,86,0,Personal Auto,Four-Door Car,412,Oregon,M
FZ44411,Bachelor,2716,0,95,5,Corporate Auto,Four-Door Car,619,Arizona,M
JE32215,Bachelor,38887,44299,107,0,Personal Auto,Two-Door Car,180,California,F
FQ88964,College,2272,0,71,1,Personal Auto,Two-Door Car,390,Arizona,M
WW22291,Master,2849,63326,72,0,Personal Auto,Four-Door Car,361,California,M
EV39637,High School or Below,5328,0,73,0,Personal Auto,Four-Door Car,794,Oregon,F
TG36139,High School or Below,4679,21720,128,0,Corporate Auto,SUV,837,California,F
XN25550,College,5345,55571,135,0,Personal Auto,SUV,904,Oregon,M
NG94966,College,2437,34759,61,0,Personal Auto,Four-Door Car,302,California,M
AD28349,High School or Below,4637,0,68,0,Personal Auto,Four-Door Car,352,Arizona,M
VZ56705,Bachelor,8804,38638,74,0,Personal Auto,Four-Door Car,355,Oregon,M
TQ82322,Bachelor,2438,80927,62,0,Personal Auto,Two-Door Car,211,California,F
CB77819,High School or Below,4736,0,65,0,Personal Auto,Two-Door Car,585,California,M
VG68427,High School or Below,5608,81914,70,0,Corporate Auto,Four-Door Car,198,Arizona,M
WO42164,High School or Below,6465,0,92,0,Personal Auto,Four-Door Car,662,Oregon,M
NL87371,Bachelor,2435,0,72,0,Personal Auto,Two-Door Car,345,Oregon,M
QW24080,College,2111,0,74,4,Personal Auto,Four-Door Car,369,Oregon,F
ZL53118,High School or Below,2347,0,69,1,Personal Auto,Four-Door Car,757,Arizona,M
GT19025,Bachelor,3636,25407,98,0,Personal Auto,Four-Door Car,284,Oregon,F
VN44400,College,5692,86073,70,0,Personal Auto,Two-Door Car,291,California,F
JF45126,Bachelor,4041,23818,104,1,Personal Auto,SUV,499,Nevada,M
SW94040,College,7756,21326,99,0,Personal Auto,Four-Door Car,632,Oregon,F
XI36396,Bachelor,3151,18486,86,0,Personal Auto,Four-Door Car,412,California,M
CL38926,Bachelor,7198,10458,102,0,Corporate Auto,SUV,489,Oregon,M
CU10179,College,5263,82528,131,0,Personal Auto,Luxury,258,California,F
BK57087,College,4347,38223,112,2,Personal Auto,SUV,537,California,F
LF94282,Bachelor,2884,63438,72,0,Personal Auto,Two-Door Car,36,Nevada,M
BO46265,College,6906,13432,92,0,Personal Auto,Four-Door Car,610,Oregon,M
VJ45879,Bachelor,4450,26848,114,0,Personal Auto,Two-Door Car,100,California,M
FR12423,Bachelor,24127,14072,71,0,Personal Auto,Four-Door Car,511,Oregon,M
IY87065,Bachelor,5246,28909,66,0,Corporate Auto,Two-Door Car,456,California,F
LR49944,Doctor,2744,35159,68,0,Personal Auto,Two-Door Car,150,Nevada,F
LU40443,Master,5543,64255,70,0,Personal Auto,Four-Door Car,193,Oregon,M
HN54181,College,6013,0,84,0,Personal Auto,Four-Door Car,604,California,F
GC52187,College,3650,88842,90,0,Personal Auto,Two-Door Car,350,Nevada,F
FH22095,College,2520,39377,64,0,Corporate Auto,Two-Door Car,307,California,M
KY55245,High School or Below,5169,12430,73,0,Personal Auto,Four-Door Car,350,California,M
ST43920,Doctor,2395,21986,63,0,Personal Auto,Two-Door Car,333,Arizona,F
GG84614,High School or Below,3031,27435,76,0,Personal Auto,Two-Door Car,455,Oregon,F
JW94491,College,11790,25251,66,0,Personal Auto,Four-Door Car,316,California,M
EW51866,College,6755,29881,85,0,Personal Auto,Four-Door Car,17,Arizona,F
KU13616,Bachelor,11315,11885,101,0,Personal Auto,Four-Door Car,484,California,F
CB15842,High School or Below,8207,40420,104,0,Special Auto,SUV,499,California,M
RN66968,High School or Below,5332,74837,66,0,Personal Auto,Four-Door Car,376,California,M
IQ30108,High School or Below,3087,67591,77,0,Special Auto,Four-Door Car,198,Oregon,M
VB23257,Bachelor,4652,47590,119,0,Special Auto,SUV,121,Oregon,M
CV13878,High School or Below,2489,75474,62,0,Personal Auto,Two-Door Car,297,California,F
FD14790,Bachelor,18196,57177,92,0,Personal Auto,Four-Door Car,441,Oregon,M
VZ61940,Doctor,2668,52344,66,0,Personal Auto,Four-Door Car,182,Nevada,F
PX66705,High School or Below,8257,20072,70,0,Personal Auto,Four-Door Car,487,California,F
XG66314,College,12465,33604,105,0,Personal Auto,SUV,357,California,M
ZM40672,Master,6743,0,61,0,Corporate Auto,Two-Door Car,292,Oregon,F
VF21523,High School or Below,2883,37741,74,0,Corporate Auto,Two-Door Car,355,Nevada,F
OM50417,Bachelor,29973,48471,83,1,Personal Auto,Four-Door Car,208,Arizona,F
SO54368,College,4686,58089,118,0,Personal Auto,SUV,566,Oregon,M
XZ62430,Bachelor,6057,27681,83,0,Personal Auto,Two-Door Car,398,Arizona,M
RZ51338,Bachelor,6895,28992,74,4,Personal Auto,Four-Door Car,355,Arizona,M
NV13794,High School or Below,9549,55986,119,0,Personal Auto,SUV,388,Nevada,F
JB23570,College,10593,94042,132,0,Corporate Auto,SUV,633,California,M
MH24522,College,7735,0,101,0,Personal Auto,Luxury,563,California,M
TD78032,High School or Below,2306,0,67,0,Corporate Auto,Four-Door Car,482,Washington,M
WW41496,Bachelor,31234,70164,88,0,Personal Auto,Two-Door Car,375,Nevada,F
IF32545,Master,5096,22886,65,0,Corporate Auto,Four-Door Car,312,Nevada,F
HF72557,Bachelor,3226,19948,89,0,Personal Auto,Four-Door Car,427,Washington,M
MD41042,College,5896,39293,74,0,Personal Auto,Two-Door Car,352,Arizona,F
UP31333,College,13869,28432,118,0,Corporate Auto,SUV,612,Washington,M
UC35517,College,18532,0,70,0,Corporate Auto,Four-Door Car,504,Oregon,M
HS89788,High School or Below,7716,0,107,0,Personal Auto,Luxury,1166,Arizona,F
SG82836,High School or Below,6439,47412,81,0,Personal Auto,Two-Door Car,421,Oregon,M
VM50666,Doctor,9718,0,65,0,Special Auto,Four-Door Car,312,California,M
MD70513,College,12759,68351,107,0,Personal Auto,SUV,725,Washington,M
YX96463,Bachelor,5926,58733,74,0,Corporate Auto,Four-Door Car,355,Oregon,F
LH38387,Bachelor,11389,58187,95,0,Personal Auto,Two-Door Car,76,Nevada,F
BY59578,College,3497,63189,88,0,Personal Auto,Four-Door Car,569,California,M
RN12107,High School or Below,9476,0,254,0,Corporate Auto,Luxury,1828,Oregon,F
MZ84108,Bachelor,9853,44006,130,0,Personal Auto,Luxury,494,Arizona,M
JG68387,Bachelor,8099,60932,101,0,Corporate Auto,SUV,484,Nevada,F
AQ94108,College,8507,56704,71,0,Corporate Auto,Four-Door Car,84,Oregon,F
NE85389,High School or Below,23903,0,74,1,Personal Auto,Four-Door Car,355,Oregon,F
JQ35849,High School or Below,5360,24254,68,0,Personal Auto,Four-Door Car,326,California,M
QU93024,Bachelor,29706,0,128,0,Personal Auto,SUV,1345,California,M
EQ90867,College,5431,57125,68,0,Corporate Auto,Four-Door Car,326,Oregon,M
PG67485,High School or Below,9048,0,119,0,Personal Auto,Luxury,571,Nevada,M
OX62244,Bachelor,4359,0,64,0,Personal Auto,Four-Door Car,307,California,M
MW98508,College,2889,72075,73,2,Special Auto,Four-Door Car,22,Oregon,F
MM50888,High School or Below,3056,34317,78,2,Personal Auto,Two-Door Car,263,Arizona,F
QZ19741,College,13815,96745,179,5,Personal Auto,SUV,859,Oregon,F
ET10831,College,5116,95427,65,0,Personal Auto,Four-Door Car,442,Oregon,M
OL72669,Bachelor,10033,0,146,0,Corporate Auto,SUV,1404,Arizona,M
BM46418,College,2772,30606,71,0,Personal Auto,Two-Door Car,253,Nevada,M
VD78722,College,2647,37876,69,0,Personal Auto,Four-Door Car,300,Oregon,M
FL69981,Bachelor,4038,0,110,0,Personal Auto,SUV,528,California,F
EG10175,Master,7781,57474,97,0,Personal Auto,Two-Door Car,280,California,F
WS60888,Bachelor,16473,22828,106,0,Personal Auto,SUV,508,California,M
LM58227,High School or Below,5285,65096,67,3,Personal Auto,Four-Door Car,321,Oregon,F
IK49861,Bachelor,3107,0,88,0,Personal Auto,Two-Door Car,87,Oregon,M
RM87465,High School or Below,5780,51066,74,0,Personal Auto,Four-Door Car,787,Arizona,M
BY75330,Bachelor,26939,96866,113,1,Personal Auto,SUV,377,California,M
CF41619,College,2329,20934,61,1,Personal Auto,Four-Door Car,292,Nevada,M
ZZ54454,Master,4589,32510,119,0,Personal Auto,Two-Door Car,571,Nevada,M
CU84967,High School or Below,4428,58577,110,0,Personal Auto,SUV,303,California,F
UR56056,Bachelor,10881,73268,137,0,Personal Auto,SUV,41,Oregon,M
VN30344,College,5412,0,80,0,Personal Auto,Four-Door Car,576,California,M
YE67531,High School or Below,8382,19683,117,1,Personal Auto,Luxury,561,Oregon,M
EW67348,College,4834,38713,66,4,Personal Auto,Four-Door Car,316,Nevada,F
PD69398,College,21710,62370,94,2,Corporate Auto,Four-Door Car,32,Washington,M
YT43943,High School or Below,2430,28476,62,0,Personal Auto,Four-Door Car,297,California,F
ON74557,Bachelor,14651,74915,122,0,Personal Auto,SUV,393,California,M
JL52508,Doctor,5073,57709,125,0,Personal Auto,SUV,600,Oregon,M
UI62725,Bachelor,5520,94676,69,0,Corporate Auto,Four-Door Car,331,Oregon,M
LO75919,Bachelor,6008,43543,76,0,Personal Auto,Two-Door Car,339,Arizona,M
SM62247,High School or Below,24543,68297,212,3,Corporate Auto,Luxury,1272,Nevada,F
AF20716,Bachelor,2429,74241,61,0,Personal Auto,Two-Door Car,138,Oregon,M
LQ22609,College,3452,61385,86,0,Personal Auto,Four-Door Car,199,Arizona,F
ZP80265,Bachelor,4109,0,62,0,Personal Auto,Two-Door Car,446,Oregon,M
BO87401,College,8714,0,118,0,Personal Auto,SUV,566,Nevada,F
SX20211,College,8110,52548,101,0,Personal Auto,Four-Door Car,587,Oregon,M
EK61334,Bachelor,3669,0,95,0,Personal Auto,Four-Door Car,429,California,F
QJ49871,College,3893,26605,100,0,Personal Auto,SUV,933,Oregon,M
OO65445,Bachelor,2496,0,67,0,Personal Auto,Four-Door Car,181,Oregon,F
WP55297,Bachelor,4629,0,70,0,Personal Auto,Four-Door Car,754,Washington,M
WY12393,High School or Below,17684,82667,64,1,Special Auto,Two-Door Car,307,Washington,F
JF32940,Bachelor,15663,31789,130,0,Personal Auto,SUV,316,Oregon,F
WX84274,Bachelor,4940,0,71,0,Corporate Auto,Four-Door Car,551,Oregon,F
CW85845,High School or Below,2754,25151,69,0,Corporate Auto,Four-Door Car,318,California,F
IO57824,Bachelor,2953,0,87,2,Personal Auto,Four-Door Car,414,Arizona,M
AX86552,College,6198,24053,87,1,Personal Auto,Four-Door Car,624,California,M
LM84078,College,12176,0,117,0,Personal Auto,SUV,1373,Oregon,M
GG87344,College,4035,55407,101,1,Personal Auto,SUV,275,Oregon,F
LA35379,Master,2954,62461,73,0,Personal Auto,Four-Door Car,129,Oregon,F
EZ43738,Bachelor,5204,29406,68,0,Personal Auto,Four-Door Car,326,California,F
DF49110,Doctor,8100,89420,67,0,Personal Auto,Four-Door Car,212,Oregon,M
IL32727,High School or Below,4443,0,121,0,Personal Auto,SUV,644,California,F
QV55524,College,7503,52464,95,0,Personal Auto,Four-Door Car,515,Washington,M
EB55390,Master,2548,43731,64,2,Special Auto,Four-Door Car,162,Oregon,F
KB54415,High School or Below,2473,13449,68,0,Personal Auto,Four-Door Car,326,Arizona,M
PG14554,Bachelor,32777,0,115,0,Personal Auto,SUV,552,Arizona,M
QI63521,High School or Below,19228,0,187,0,Personal Auto,Luxury,897,Nevada,M
DC85335,College,4538,49821,61,4,Personal Auto,Four-Door Car,333,Oregon,M
SR26762,Bachelor,7663,34837,63,0,Personal Auto,Four-Door Car,72,California,F
UH86550,College,4177,44222,104,0,Personal Auto,Four-Door Car,413,Oregon,F
ON72594,Master,11776,58881,97,0,Personal Auto,Four-Door Car,354,California,F
LE28486,College,3996,46210,100,0,Personal Auto,SUV,46,Oregon,F
EJ86526,Bachelor,5490,49480,70,1,Corporate Auto,Four-Door Car,72,Oregon,F
DQ92905,Bachelor,12989,0,65,0,Personal Auto,Four-Door Car,312,Arizona,M
JL25091,Bachelor,4599,79284,117,1,Special Auto,Four-Door Car,156,California,M
HP42153,High School or Below,2351,12928,64,0,Personal Auto,Four-Door Car,307,Washington,F
OQ27893,High School or Below,2903,20510,74,0,Personal Auto,Two-Door Car,355,Oregon,M
PB31909,College,3807,0,115,0,Corporate Auto,Four-Door Car,828,California,M
AL43715,Master,8310,67541,104,0,Personal Auto,Four-Door Car,203,Nevada,M
YA70612,Bachelor,8962,97924,74,0,Personal Auto,Two-Door Car,355,Oregon,M
LO37570,High School or Below,12157,40432,77,0,Personal Auto,Four-Door Car,369,Arizona,M
XC83045,Bachelor,16460,16869,222,0,Personal Auto,Luxury,1065,Nevada,M
NC47038,High School or Below,8788,91171,110,0,Personal Auto,SUV,771,Arizona,M
DS31990,High School or Below,5093,0,71,0,Personal Auto,Two-Door Car,150,Oregon,M
CR99369,High School or Below,5377,34528,69,2,Corporate Auto,Four-Door Car,183,Arizona,M
RE68901,College,5635,20303,71,0,Corporate Auto,Four-Door Car,340,Washington,F
VQ97965,Bachelor,3514,73643,89,0,Corporate Auto,Four-Door Car,147,Oregon,F
ZK83518,College,4386,10621,67,0,Personal Auto,Four-Door Car,321,California,M
EJ77557,High School or Below,7294,76407,91,0,Personal Auto,Four-Door Car,436,California,M
QJ62033,High School or Below,2415,0,71,0,Personal Auto,Four-Door Car,511,Arizona,M
OH23652,Bachelor,4693,26607,122,0,Personal Auto,SUV,585,Oregon,F
NE51159,College,7481,61783,94,0,Personal Auto,Four-Door Car,658,Oregon,M
GU56606,Bachelor,5953,20283,77,0,Personal Auto,Two-Door Car,369,Nevada,M
HR28499,Bachelor,3890,43578,98,0,Personal Auto,Two-Door Car,105,California,M
VK92827,Bachelor,5352,93606,67,0,Personal Auto,Four-Door Car,321,California,M
DZ85842,High School or Below,8105,17920,72,0,Personal Auto,Four-Door Car,424,California,M
HX87528,College,3509,51800,92,0,Personal Auto,Four-Door Car,299,California,M
FJ57446,College,8434,27694,108,0,Personal Auto,SUV,741,Oregon,F
GU91528,High School or Below,4254,11904,61,2,Personal Auto,Two-Door Car,292,Oregon,F
LR92373,Bachelor,2839,53444,72,1,Personal Auto,Four-Door Car,315,Nevada,F
LC90366,Bachelor,16473,22828,106,0,Personal Auto,SUV,508,Nevada,M
UI36597,Bachelor,31706,50719,131,0,Personal Auto,SUV,870,Oregon,M
MD33155,College,2580,46900,66,0,Corporate Auto,Four-Door Car,316,California,M
MB20764,High School or Below,17622,0,252,0,Corporate Auto,Luxury,1814,Oregon,M
JA76884,Master,14435,60880,119,0,Personal Auto,Two-Door Car,109,California,M
BQ32117,Doctor,12731,40870,105,0,Personal Auto,SUV,504,California,M
ZM45168,College,2398,14321,65,0,Personal Auto,Four-Door Car,423,Oregon,M
BE25221,High School or Below,6182,20072,82,0,Corporate Auto,Four-Door Car,473,Arizona,M
II92123,High School or Below,9431,77365,79,0,Personal Auto,Two-Door Car,2,Oregon,M
PN35535,College,4651,98475,115,0,Personal Auto,SUV,552,California,F
EI17022,Bachelor,12168,14973,115,0,Corporate Auto,SUV,828,Washington,M
OH41318,Master,26122,83385,131,2,Personal Auto,SUV,704,Washington,M
ER52041,College,3237,0,90,0,Personal Auto,Four-Door Car,659,California,M
PY57181,College,9416,0,86,1,Personal Auto,Four-Door Car,412,Oregon,M
CY12922,College,2506,0,73,0,Personal Auto,Four-Door Car,525,Arizona,M
YV85096,Bachelor,5272,98110,65,0,Corporate Auto,Four-Door Car,176,Oregon,F
DG34434,Bachelor,5246,28909,66,0,Corporate Auto,Two-Door Car,456,California,F
DL14445,College,10611,0,96,0,Personal Auto,Four-Door Car,949,California,F
QL80621,Bachelor,2249,0,62,0,Personal Auto,Four-Door Car,297,Oregon,F
NY57065,Bachelor,2816,42937,71,0,Corporate Auto,Two-Door Car,251,California,M
EO17010,Master,4751,30887,119,0,Personal Auto,SUV,444,California,M
LC47479,College,28622,35442,239,0,Personal Auto,Luxury,1147,Oregon,M
GB92679,High School or Below,8421,95139,103,0,Personal Auto,Four-Door Car,34,Nevada,F
VQ78876,Bachelor,4660,89834,116,0,Corporate Auto,SUV,43,Oregon,F
YQ24856,Bachelor,6843,0,66,0,Corporate Auto,Two-Door Car,478,California,M
XV11038,College,9223,18814,122,0,Personal Auto,Luxury,585,California,F
MG88768,College,4938,82733,62,0,Corporate Auto,Four-Door Car,72,California,M
RN36393,High School or Below,15114,28513,100,1,Personal Auto,SUV,480,California,F
BU59722,High School or Below,5037,0,68,1,Personal Auto,Four-Door Car,326,Washington,M
JD86991,Bachelor,5097,67233,63,0,Personal Auto,Two-Door Car,246,Oregon,M
QM60216,College,8906,58718,226,0,Personal Auto,Luxury,1084,Oregon,M
NJ43658,Master,22721,21724,198,0,Corporate Auto,Luxury,1505,California,M
GL34504,High School or Below,9095,65103,115,4,Personal Auto,Four-Door Car,552,California,F
YX51934,High School or Below,4898,55071,61,0,Personal Auto,Four-Door Car,231,California,F
FO83170,Doctor,2916,85817,72,0,Personal Auto,Four-Door Car,154,California,M
JW33458,Master,5729,92254,70,0,Corporate Auto,Four-Door Car,245,California,F
JP10227,College,12280,88340,102,0,Corporate Auto,Two-Door Car,489,California,M
HX90683,College,2472,63860,62,0,Personal Auto,Four-Door Car,208,California,F
UC19334,High School or Below,4698,26411,126,1,Corporate Auto,SUV,604,California,F
ED61615,High School or Below,7950,26189,69,0,Personal Auto,Four-Door Car,331,California,M
CB78049,College,3299,66114,92,4,Personal Auto,Four-Door Car,178,California,M
OS70004,College,7506,49561,193,0,Personal Auto,SUV,926,California,M
SM67119,College,7123,16139,62,0,Personal Auto,Four-Door Car,297,California,F
RO77709,High School or Below,8008,63775,100,0,Corporate Auto,SUV,462,California,M
QT27514,Bachelor,5318,25134,67,0,Personal Auto,Four-Door Car,321,California,F
ZT53375,Bachelor,5483,87777,68,0,Personal Auto,Two-Door Car,257,California,M
LB35863,Bachelor,7244,0,103,0,Personal Auto,SUV,494,California,F
JL95389,Bachelor,15558,62922,194,0,Corporate Auto,Luxury,1121,California,F
MF30956,College,8945,83761,112,0,Corporate Auto,SUV,270,California,M
FD36230,High School or Below,8441,50801,72,3,Personal Auto,Four-Door Car,43,California,F
OE75629,College,2798,48675,71,1,Corporate Auto,Four-Door Car,340,California,M
VV97308,High School or Below,7522,55916,63,0,Personal Auto,Four-Door Car,302,California,M
LU17507,Bachelor,39033,0,180,0,Personal Auto,Luxury,864,California,F
TW11115,High School or Below,2594,30064,65,0,Personal Auto,Two-Door Car,296,California,F
ND42562,High School or Below,8991,0,127,0,Personal Auto,Luxury,1176,California,M
FZ29605,College,2332,0,67,0,Corporate Auto,Four-Door Car,482,California,M
SC30127,Doctor,9244,12081,82,0,Personal Auto,Two-Door Car,548,California,F
HI26883,Bachelor,6290,0,95,0,Personal Auto,Two-Door Car,684,California,M
EW15755,Master,9880,62326,122,0,Personal Auto,SUV,96,California,F
GH48839,College,11790,25251,66,0,Corporate Auto,Four-Door Car,316,California,M
IX46908,College,5477,21289,71,0,Corporate Auto,Four-Door Car,340,California,F
OO89057,Master,4014,54054,99,0,Personal Auto,Four-Door Car,5,California,F
LX95134,College,3674,84814,90,0,Corporate Auto,Four-Door Car,512,California,F
CX89767,High School or Below,4714,46097,61,4,Personal Auto,Four-Door Car,197,California,F
DI45039,College,2754,58705,69,0,Personal Auto,Two-Door Car,48,California,F
AI14767,High School or Below,40688,37455,114,0,Personal Auto,SUV,547,California,F
OJ38536,Doctor,4563,62010,112,0,Personal Auto,SUV,537,California,F
TI90592,College,7430,61568,93,0,Corporate Auto,Four-Door Car,240,California,M
UN63889,Bachelor,2644,90443,66,0,Personal Auto,Two-Door Car,235,California,M
FZ94690,High School or Below,26220,24743,84,0,Personal Auto,Four-Door Car,1008,California,M
TL60066,High School or Below,2397,22283,65,0,Personal Auto,Four-Door Car,572,California,F
OL61964,Bachelor,5207,74627,65,0,Corporate Auto,Four-Door Car,176,California,M
DN77617,College,5907,47306,74,0,Corporate Auto,Four-Door Car,97,California,F
BV12771,College,27420,0,112,0,Personal Auto,SUV,537,California,M
NA14154,Bachelor,5044,59292,64,0,Corporate Auto,Two-Door Car,218,California,M
ZO54248,High School or Below,3090,23970,77,0,Personal Auto,Four-Door Car,43,California,F
CW13886,College,8514,48428,72,1,Personal Auto,Four-Door Car,223,California,M
TT63451,High School or Below,20925,44342,74,0,Personal Auto,Four-Door Car,355,California,F
OW54561,College,3515,0,103,2,Personal Auto,Luxury,741,California,M
EE34821,Bachelor,17666,0,74,0,Corporate Auto,Two-Door Car,355,California,F
ZB85648,College,30313,67117,85,0,Personal Auto,Two-Door Car,329,California,F
IE57921,Bachelor,4726,13037,124,0,Personal Auto,SUV,839,California,F
OY47486,College,5284,71960,67,0,Personal Auto,Two-Door Car,151,California,M
LV51815,High School or Below,2990,73137,74,1,Corporate Auto,Four-Door Car,227,California,F
VU99672,College,3548,0,96,0,Corporate Auto,Four-Door Car,446,California,M
SN69015,College,6371,23797,81,0,Personal Auto,Four-Door Car,388,California,M
UO54843,Bachelor,5372,70286,67,0,Corporate Auto,Four-Door Car,130,California,M
ES34753,Master,5165,12904,132,0,Personal Auto,SUV,633,California,F
KE91683,High School or Below,8264,42045,103,0,Personal Auto,SUV,40,California,F
YU23754,Master,5193,24948,65,0,Personal Auto,Four-Door Car,280,California,F
AS77287,College,8099,25452,107,0,Personal Auto,Luxury,954,California,M
PD36660,High School or Below,8845,95850,109,0,Corporate Auto,Luxury,328,California,F
BQ20851,Master,8295,73556,104,0,Personal Auto,SUV,497,California,M
PW91494,High School or Below,9344,0,64,1,Personal Auto,Two-Door Car,307,California,F
NZ83890,High School or Below,5081,0,69,0,Personal Auto,Two-Door Car,93,California,F
QV24282,Bachelor,5363,43879,69,0,Corporate Auto,Four-Door Car,242,California,F
YF67162,High School or Below,2429,23941,61,0,Corporate Auto,Four-Door Car,292,California,F
YE20366,Bachelor,7183,14390,65,0,Personal Auto,Four-Door Car,402,California,M
PN77420,College,5376,30039,70,0,Corporate Auto,Four-Door Car,498,California,M
CF26207,College,7019,26806,63,0,Personal Auto,Four-Door Car,302,California,M
WH24638,College,7079,24450,90,0,Personal Auto,Four-Door Car,250,California,F
YQ16427,High School or Below,2415,0,64,0,Personal Auto,Four-Door Car,360,California,F
AZ90068,College,8193,89219,73,4,Personal Auto,Four-Door Car,350,California,M
PL59209,College,6952,0,73,3,Corporate Auto,Four-Door Car,525,California,F
VK93542,High School or Below,7465,0,109,0,Personal Auto,SUV,784,California,M
NE70589,College,13220,29504,117,0,Personal Auto,SUV,809,California,M
AT52647,High School or Below,4014,0,113,0,Personal Auto,SUV,1305,California,F
CW38361,Bachelor,8744,61706,110,0,Corporate Auto,SUV,223,California,M
BZ92811,High School or Below,5948,88122,148,0,Corporate Auto,SUV,840,California,F
ON68006,Bachelor,5520,26129,70,0,Personal Auto,Four-Door Car,419,California,F
VG58889,Bachelor,5040,22350,66,0,Corporate Auto,Two-Door Car,316,California,F
MI42935,Bachelor,5654,0,83,0,Personal Auto,Four-Door Car,597,California,F
OS21957,High School or Below,8896,26201,112,0,Personal Auto,SUV,168,California,F
JG21385,Bachelor,8715,0,84,0,Personal Auto,Four-Door Car,604,California,M
CT62892,Bachelor,7868,0,107,0,Personal Auto,SUV,513,California,F
IE97795,High School or Below,6878,39020,87,0,Corporate Auto,Four-Door Car,485,California,M
DM59629,Bachelor,6411,47606,81,0,Personal Auto,Two-Door Car,388,California,F
SH48087,College,10144,27231,88,0,Personal Auto,Four-Door Car,422,California,F
WG93963,College,8575,39946,218,0,Personal Auto,Luxury,1046,California,F
OQ88395,College,4510,84300,111,0,Corporate Auto,SUV,202,California,M
XH46220,College,3746,41479,94,1,Corporate Auto,Two-Door Car,19,California,F
BK61065,Master,5479,56005,68,1,Personal Auto,Four-Door Car,326,California,M
UD87700,High School or Below,7164,0,108,0,Corporate Auto,SUV,1260,California,M
CO19402,Bachelor,13265,99617,109,0,Personal Auto,SUV,74,California,F
KJ29915,Bachelor,5246,28909,66,0,Personal Auto,Two-Door Car,456,California,F
JX52708,Bachelor,4556,25617,63,0,Personal Auto,Two-Door Car,302,California,M
OT42923,High School or Below,2751,86788,70,0,Personal Auto,Four-Door Car,336,California,M
DL34364,High School or Below,2914,28523,77,0,Corporate Auto,Four-Door Car,369,California,M
WX16610,Bachelor,5824,38492,72,0,Personal Auto,Four-Door Car,207,California,F
NH76558,High School or Below,5755,97657,71,0,Personal Auto,Two-Door Car,107,California,F
SQ14756,Master,2424,49008,61,1,Personal Auto,Four-Door Car,292,California,M
EP64069,Bachelor,5138,72264,64,0,Corporate Auto,Four-Door Car,272,California,F
IS63817,College,6047,20396,76,1,Corporate Auto,Four-Door Car,364,California,M
UC83161,High School or Below,6106,60234,152,0,Personal Auto,SUV,136,California,F
DL45122,Bachelor,3329,75556,84,0,Corporate Auto,Four-Door Car,498,California,M
KB90953,Bachelor,40132,98710,123,0,Personal Auto,Luxury,587,California,F
EX72956,Bachelor,5095,69461,64,0,Personal Auto,Two-Door Car,101,California,F
YN15016,High School or Below,4471,0,68,2,Personal Auto,Four-Door Car,489,California,M
GW56797,High School or Below,8773,0,87,0,Personal Auto,Four-Door Car,626,California,M
QR57842,College,10351,73895,129,0,Corporate Auto,SUV,825,California,F
TB53616,High School or Below,10408,20228,101,1,Personal Auto,SUV,523,California,M
JN10602,Master,8201,81785,67,0,Personal Auto,Four-Door Car,321,California,F
VI94769,Bachelor,2248,24910,63,1,Personal Auto,Four-Door Car,347,California,F
BQ60673,Bachelor,5205,32946,66,0,Corporate Auto,Two-Door Car,316,California,M
JK68578,High School or Below,15306,83868,189,0,Corporate Auto,Luxury,134,California,F
OI39449,College,8002,0,107,0,Personal Auto,SUV,513,California,F
NJ29981,High School or Below,4553,0,124,0,Corporate Auto,SUV,714,California,M
ZO16199,High School or Below,5354,17099,69,0,Personal Auto,Four-Door Car,331,California,F
HB12866,High School or Below,7449,0,206,0,Personal Auto,Luxury,1483,California,F
DQ19344,College,3112,33046,79,0,Personal Auto,Four-Door Car,181,California,M
GH35369,College,4386,10621,67,0,Personal Auto,Four-Door Car,321,California,M
QR26617,Bachelor,4865,21498,63,0,Corporate Auto,Four-Door Car,302,California,M
QZ34525,Bachelor,6993,0,66,0,Personal Auto,Four-Door Car,439,California,M
IU62399,Bachelor,5860,36889,74,1,Personal Auto,Four-Door Car,192,California,F
OH23893,Bachelor,9115,69588,114,0,Personal Auto,SUV,173,California,F
ZX83542,Master,5300,26585,69,0,Corporate Auto,Four-Door Car,308,California,M
CO16841,Bachelor,3630,0,101,0,Corporate Auto,SUV,727,California,F
MV81355,High School or Below,8819,99845,110,1,Personal Auto,SUV,528,California,M
HU22390,College,5389,66429,136,0,Corporate Auto,Luxury,57,California,M
YS74016,Bachelor,3123,0,101,4,Personal Auto,SUV,960,California,M
PU33703,College,2435,43721,61,0,Personal Auto,Four-Door Car,292,California,F
PJ59176,High School or Below,8754,51209,109,0,Personal Auto,SUV,39,California,M
ML68781,College,2628,84498,65,0,Personal Auto,Four-Door Car,255,California,F
JI93499,High School or Below,6669,0,65,1,Corporate Auto,Four-Door Car,312,California,M
NY90858,College,6765,59034,85,0,Personal Auto,Four-Door Car,378,California,M
IZ76711,Bachelor,10013,0,135,0,Personal Auto,Luxury,773,California,F
BT78461,College,11288,96399,70,0,Personal Auto,Four-Door Car,307,California,F
PS68884,College,4686,58089,118,0,Corporate Auto,SUV,566,California,M
EY71439,High School or Below,7131,0,103,0,Corporate Auto,Luxury,741,California,M
TO84268,Master,9051,60964,113,0,Personal Auto,Four-Door Car,327,California,M
UH93563,College,5306,42871,67,0,Corporate Auto,Four-Door Car,321,California,M
GD57363,College,5133,38795,65,0,Personal Auto,Four-Door Car,98,California,M
LU36517,Bachelor,11124,0,112,0,Personal Auto,Two-Door Car,806,California,M
DO93657,Master,7285,57134,91,1,Personal Auto,Two-Door Car,436,California,M
EF41225,College,14627,40711,121,0,Personal Auto,SUV,580,California,F
CY97519,College,17086,26334,63,2,Corporate Auto,Two-Door Car,453,California,M
FO36473,Bachelor,4298,31414,116,4,Personal Auto,SUV,556,California,F
OD66412,Doctor,5018,74423,62,0,Personal Auto,Four-Door Car,50,California,F
IW54903,College,7200,0,66,0,Personal Auto,Four-Door Car,316,California,F
RF64040,Bachelor,9591,0,128,0,Corporate Auto,SUV,150,California,F
CB17191,High School or Below,3240,30646,81,0,Corporate Auto,Four-Door Car,128,California,F
OI39301,High School or Below,8906,0,118,0,Personal Auto,SUV,566,California,F
VY90611,Master,2499,28264,63,0,Corporate Auto,Two-Door Car,364,California,F
KF96171,High School or Below,8167,0,117,0,Personal Auto,Two-Door Car,842,California,F
IJ36435,College,5811,0,79,0,Personal Auto,Four-Door Car,304,California,F
GX40957,College,18732,70187,117,0,Personal Auto,Luxury,632,California,F
RT36566,Bachelor,5260,31006,67,0,Personal Auto,Four-Door Car,321,California,F
ML38237,High School or Below,8869,0,119,0,Corporate Auto,SUV,571,California,F
RR74547,High School or Below,2878,0,85,0,Personal Auto,Four-Door Car,612,California,M
PK26805,High School or Below,2810,20371,71,1,Personal Auto,Four-Door Car,340,California,M
KS36311,College,2701,39141,68,0,Personal Auto,Four-Door Car,402,California,F
ZZ69693,High School or Below,2449,0,69,0,Corporate Auto,Four-Door Car,496,California,M
FS70572,College,9445,76837,78,0,Corporate Auto,Four-Door Car,23,California,M
LN87823,High School or Below,4414,0,61,0,Personal Auto,Four-Door Car,643,California,F
XL81489,Bachelor,6785,0,197,0,Corporate Auto,Luxury,1439,California,F
NQ32487,High School or Below,3600,25147,101,0,Personal Auto,SUV,694,California,F
XF60649,Bachelor,7452,0,106,0,Personal Auto,SUV,763,California,F
VA95584,Master,12723,34665,64,0,Personal Auto,Two-Door Car,450,California,M
FN80010,Master,4312,25404,112,0,Personal Auto,SUV,578,California,F
QX22025,High School or Below,12148,37025,101,0,Corporate Auto,SUV,427,California,F
ZU63258,Bachelor,3549,0,100,1,Personal Auto,SUV,480,California,M
IC74050,High School or Below,6153,23939,160,1,Personal Auto,SUV,768,California,F
JX80723,College,6272,76673,80,1,Personal Auto,Four-Door Car,56,California,M
CT50487,High School or Below,2851,55274,71,0,Corporate Auto,Two-Door Car,484,California,F
VT16570,College,6781,30324,86,0,Corporate Auto,Four-Door Car,143,California,F
YW94562,College,4985,31702,63,1,Personal Auto,Four-Door Car,302,California,F
JG83075,College,6725,0,95,0,Corporate Auto,Four-Door Car,684,California,F
SZ61563,Bachelor,36632,70908,132,1,Personal Auto,SUV,521,California,M
JO60130,High School or Below,5838,81082,73,0,Personal Auto,Four-Door Car,281,California,M
BG55927,College,12206,17705,108,1,Personal Auto,Two-Door Car,668,California,F
BS53322,High School or Below,14196,77738,118,0,Personal Auto,SUV,463,California,F
FZ13256,Bachelor,2670,0,72,0,Corporate Auto,Four-Door Car,366,California,F
CM38959,College,8033,70311,66,0,Personal Auto,Two-Door Car,341,California,F
FS38926,Bachelor,9685,66022,239,0,Personal Auto,Luxury,538,California,F
EN31802,High School or Below,36168,74140,101,2,Personal Auto,SUV,484,California,M
TO18404,Bachelor,10453,73604,88,0,Corporate Auto,Two-Door Car,398,California,F
VQ53427,College,5406,21855,74,1,Corporate Auto,Four-Door Car,355,California,M
OT50011,Master,2671,23305,68,0,Personal Auto,Four-Door Car,127,California,F
OO96627,High School or Below,3531,0,98,0,Corporate Auto,Two-Door Car,958,California,M
BN77676,High School or Below,4835,0,71,0,Personal Auto,Four-Door Car,511,California,M
JT64945,College,13422,65024,67,0,Personal Auto,Four-Door Car,189,California,F
BO58202,Bachelor,2424,22590,67,0,Personal Auto,Two-Door Car,85,California,F
UR71715,College,2983,0,91,0,Personal Auto,Four-Door Car,436,California,M
GM84292,Master,14723,38401,92,0,Corporate Auto,Four-Door Car,441,California,F
DW20514,College,8438,25539,112,0,Personal Auto,SUV,585,California,M
WZ45123,Master,14435,60880,119,0,Personal Auto,Two-Door Car,109,California,M
LW11571,Bachelor,2690,87313,67,0,Personal Auto,Four-Door Car,321,California,M
TI48450,College,7948,23916,68,0,Corporate Auto,Two-Door Car,481,California,M
CZ62883,Bachelor,11378,34854,95,0,Corporate Auto,Four-Door Car,456,California,F
BY88565,College,5219,48203,66,0,Personal Auto,Four-Door Car,413,California,F
EB61889,High School or Below,9486,25322,126,0,Corporate Auto,Luxury,886,California,M
GX22027,Bachelor,4762,16656,63,1,Personal Auto,Two-Door Car,302,California,F
BN91755,Master,4975,44723,124,0,Personal Auto,SUV,341,California,F
OZ89964,High School or Below,4422,35979,116,2,Personal Auto,Luxury,556,California,M
PV62467,College,4849,36413,61,0,Personal Auto,Four-Door Car,153,California,F
QZ71100,Bachelor,19237,0,196,0,Corporate Auto,Luxury,2092,California,M
UA63517,Doctor,8518,0,112,1,Personal Auto,Luxury,537,California,F
BD69478,College,5194,51883,66,0,Personal Auto,Two-Door Car,623,California,M
GV41938,High School or Below,46302,0,151,1,Personal Auto,SUV,1087,California,F
UA73107,Bachelor,2538,18608,71,0,Corporate Auto,Four-Door Car,340,California,M
XU43725,College,14070,0,127,0,Corporate Auto,SUV,677,California,F
MT78037,High School or Below,2748,55964,69,0,Personal Auto,Four-Door Car,496,California,M
FH81263,High School or Below,6006,85510,74,0,Corporate Auto,Four-Door Car,355,California,M
SZ94413,High School or Below,3286,30706,84,0,Personal Auto,Four-Door Car,225,California,M
HI48554,High School or Below,2648,29587,69,0,Personal Auto,Two-Door Car,331,California,F
YR30159,College,20936,20309,181,0,Personal Auto,Luxury,1579,California,M
EV15014,Bachelor,7194,0,71,0,Personal Auto,Four-Door Car,599,California,M
BM16805,College,11435,12470,103,1,Corporate Auto,SUV,618,California,F
IB60476,Master,4064,0,107,0,Personal Auto,Luxury,513,California,M
YC63458,Bachelor,5893,86498,74,1,Personal Auto,Two-Door Car,8,California,F
VS42598,Bachelor,8256,62902,69,0,Personal Auto,Two-Door Car,159,California,F
BB65725,College,8061,57293,102,0,Corporate Auto,Luxury,347,California,M
UZ86963,High School or Below,9333,0,129,0,Corporate Auto,Luxury,928,California,F
RR39300,High School or Below,34243,51255,122,0,Personal Auto,SUV,421,California,F
IU25994,College,31516,0,125,0,Corporate Auto,SUV,626,California,M
IO81315,College,2460,69241,61,0,Personal Auto,Four-Door Car,47,California,F
JC93010,Bachelor,4929,25632,63,0,Personal Auto,Two-Door Car,351,California,M
XO56170,High School or Below,2866,87428,72,0,Personal Auto,Four-Door Car,224,California,F
QS65968,Master,8429,98796,104,0,Personal Auto,SUV,499,California,M
PT42203,College,8052,78617,101,0,Corporate Auto,Four-Door Car,233,California,M
SX87181,Bachelor,4916,0,65,0,Personal Auto,Two-Door Car,312,California,F
RE85409,High School or Below,5386,93893,67,0,Personal Auto,Four-Door Car,98,California,M
YW95322,Bachelor,3508,23629,88,0,Personal Auto,Four-Door Car,633,California,M
TL39187,Bachelor,6511,0,91,0,Corporate Auto,Two-Door Car,655,California,M
XP41644,High School or Below,4335,30574,114,1,Corporate Auto,Luxury,396,California,M
FZ89300,Bachelor,3673,69555,92,0,Personal Auto,Four-Door Car,255,California,F
ED80746,Bachelor,7426,19634,98,0,Corporate Auto,Two-Door Car,470,California,M
BD35524,Bachelor,2640,15776,69,0,Personal Auto,Two-Door Car,337,California,M
EW68125,Bachelor,4889,46819,62,0,Personal Auto,Four-Door Car,157,California,F
TT86956,Master,10537,47950,65,0,Personal Auto,Four-Door Car,301,California,F
KA67497,High School or Below,6385,0,63,1,Personal Auto,Two-Door Car,302,California,F
TM68292,Master,4564,12626,69,4,Personal Auto,Four-Door Car,331,California,F
SC23927,High School or Below,4772,20993,133,0,Personal Auto,SUV,638,California,M
BO92934,High School or Below,10387,24392,93,0,Personal Auto,Four-Door Car,446,California,M
XR82418,Bachelor,4984,86305,62,0,Personal Auto,Four-Door Car,80,California,M
XS56253,Bachelor,6600,0,110,3,Personal Auto,Luxury,1011,California,M
UC34044,College,2591,56701,65,0,Personal Auto,Four-Door Car,333,California,F
MU64306,College,8355,57074,105,0,Personal Auto,SUV,80,California,M
UI33675,Bachelor,5142,0,72,0,Personal Auto,Two-Door Car,345,California,M
UX24010,Bachelor,5205,53614,65,1,Personal Auto,Four-Door Car,725,California,F
GC69429,Master,14816,0,135,0,Personal Auto,SUV,648,California,M
XA27299,Bachelor,12812,0,128,0,Personal Auto,SUV,789,California,M
MT39460,Master,2472,76441,62,0,Personal Auto,Four-Door Car,294,California,M
NM33351,Bachelor,35186,86134,98,0,Corporate Auto,Two-Door Car,3,California,F
IR29181,High School or Below,9336,45262,117,0,Corporate Auto,Four-Door Car,842,California,M
TE79454,Bachelor,14980,0,222,0,Personal Auto,Luxury,1123,California,F
US34108,Bachelor,4773,27725,63,4,Personal Auto,Four-Door Car,302,California,F
LG45849,Doctor,4698,27985,117,0,Personal Auto,Two-Door Car,561,California,M
FI25204,Master,3491,29673,92,2,Corporate Auto,Two-Door Car,328,California,F
YM24620,Master,4505,24790,113,0,Personal Auto,SUV,767,California,M
UG49494,High School or Below,5765,57846,73,1,Personal Auto,Four-Door Car,481,California,F
VM77872,High School or Below,7685,0,111,0,Corporate Auto,Four-Door Car,799,California,M
EY49684,Bachelor,2309,0,61,0,Personal Auto,Four-Door Car,32,California,F
XB70333,High School or Below,6582,10738,109,4,Personal Auto,Four-Door Car,852,California,M
BC75105,College,2860,45587,81,5,Personal Auto,Four-Door Car,380,California,M
BR22486,College,5039,82940,63,0,Personal Auto,Four-Door Car,332,California,F
JT27173,College,3979,42633,101,0,Corporate Auto,SUV,285,California,M
AT31367,College,6273,18577,86,0,Corporate Auto,Four-Door Car,412,California,F
EW17514,Master,14435,60880,119,0,Personal Auto,Two-Door Car,109,California,M
QJ31447,Master,19339,22582,61,0,Personal Auto,Four-Door Car,292,California,M
BC85847,Bachelor,6872,0,64,0,Corporate Auto,Four-Door Car,585,California,F
FP53421,High School or Below,7613,25944,70,0,Personal Auto,Four-Door Car,336,California,M
ZF54421,High School or Below,6369,34498,83,0,Personal Auto,Two-Door Car,398,California,M
EG81847,High School or Below,14255,31027,124,1,Personal Auto,SUV,597,California,F
SE21603,Bachelor,2469,0,71,0,Corporate Auto,Four-Door Car,484,California,M
RA47157,High School or Below,3451,45609,87,0,Corporate Auto,Two-Door Car,246,California,M
ZA45956,Master,13736,16181,181,0,Personal Auto,SUV,1261,California,F
PB93081,High School or Below,6360,41195,160,0,Corporate Auto,SUV,323,California,M
ZE49470,Master,4770,76194,119,0,Personal Auto,SUV,388,California,F
QW72605,Bachelor,10296,0,138,0,Personal Auto,SUV,666,California,F
MG53211,College,3237,60097,82,0,Personal Auto,Four-Door Car,278,California,F
YB49540,College,5254,95017,65,0,Personal Auto,Four-Door Car,324,California,F
FY77803,High School or Below,10129,0,68,0,Corporate Auto,Four-Door Car,326,California,F
KX64629,College,2228,0,64,0,Personal Auto,Four-Door Car,744,California,F
IN28584,Bachelor,16501,83547,137,1,Personal Auto,SUV,75,California,F
FP66891,Bachelor,2178,0,65,0,Personal Auto,Four-Door Car,319,California,M
TT97465,College,14642,57561,62,1,Corporate Auto,Four-Door Car,298,California,M
AM88377,Bachelor,5049,10180,65,0,Corporate Auto,Two-Door Car,455,California,F
JA47688,Master,3544,40658,90,0,Personal Auto,Two-Door Car,502,California,M
GP87031,College,3210,23554,86,0,Corporate Auto,Four-Door Car,412,California,F
ZV43350,Bachelor,4531,0,119,0,Personal Auto,Four-Door Car,571,California,F
TG37259,Master,3373,28989,85,0,Personal Auto,Four-Door Car,408,California,M
KM22467,Bachelor,5451,55898,69,0,Personal Auto,Two-Door Car,441,California,M
JB32090,High School or Below,3045,53441,76,0,Personal Auto,Two-Door Car,364,California,F
EY78874,Doctor,2715,20848,71,0,Corporate Auto,Four-Door Car,350,California,M
ZT60177,High School or Below,3802,0,108,0,Personal Auto,Luxury,932,California,F
RV92809,College,5498,22520,73,0,Personal Auto,Four-Door Car,350,California,M
VI69768,Bachelor,23990,69781,119,0,Personal Auto,SUV,849,California,M
NP40205,Bachelor,7901,99711,98,0,Corporate Auto,Four-Door Car,11,California,M
LZ56963,College,8596,25785,112,1,Corporate Auto,SUV,537,California,F
CO56168,High School or Below,3964,62638,100,0,Personal Auto,SUV,441,California,M
HJ64239,College,8262,0,113,0,Corporate Auto,SUV,813,California,F
WX80471,High School or Below,6676,56875,84,0,Personal Auto,Two-Door Car,145,California,M
EH51056,High School or Below,2750,93102,68,0,Personal Auto,Two-Door Car,578,California,M
DK19711,College,5495,25564,71,0,Personal Auto,Four-Door Car,228,California,M
ZJ71004,Bachelor,2471,29918,62,0,Personal Auto,Four-Door Car,108,California,F
CE68841,Bachelor,4128,95891,102,0,Corporate Auto,SUV,34,California,F
HX41374,High School or Below,15234,72988,127,0,Personal Auto,SUV,276,California,M
QE13586,High School or Below,6366,44368,80,0,Personal Auto,Two-Door Car,384,California,M
PA20570,Bachelor,6575,84146,82,0,Personal Auto,Four-Door Car,464,California,M
MB91424,College,7425,36259,63,0,Corporate Auto,Four-Door Car,302,California,M
QW98193,College,3924,56480,101,0,Corporate Auto,SUV,617,California,M
TS53731,College,8660,79674,107,0,Personal Auto,SUV,9,California,F
WK55963,College,8130,61036,68,0,Corporate Auto,Two-Door Car,413,California,M
CE71123,Bachelor,12751,33235,110,0,Personal Auto,SUV,113,California,F
KK38827,Master,4170,29462,107,1,Personal Auto,SUV,513,California,F
YH81239,High School or Below,6405,48131,82,0,Personal Auto,Four-Door Car,393,California,M
MD32702,Bachelor,3573,0,109,1,Personal Auto,SUV,523,California,F
UK79109,College,9095,37937,116,0,Corporate Auto,SUV,556,California,M
TV37646,College,4794,70012,119,0,Personal Auto,SUV,755,California,F
QS35019,Master,14435,60880,119,0,Personal Auto,Two-Door Car,109,California,M
RJ62038,High School or Below,8166,0,82,0,Personal Auto,Four-Door Car,590,California,M
VX94337,High School or Below,8807,59762,113,0,Corporate Auto,SUV,542,California,M
GM54723,Bachelor,9061,0,65,0,Corporate Auto,Four-Door Car,413,California,M
ET39822,Bachelor,8256,62902,69,0,Personal Auto,Two-Door Car,159,California,F
WA94988,Bachelor,19327,57245,124,0,Corporate Auto,Luxury,681,California,F
WZ23060,Bachelor,7050,39040,174,0,Personal Auto,SUV,835,California,F
HK84372,High School or Below,2409,0,70,0,Personal Auto,Four-Door Car,504,California,M
WG28563,Doctor,5519,70914,68,0,Personal Auto,Four-Door Car,77,California,F
KE70943,College,10090,97238,126,0,Personal Auto,SUV,604,California,F
LD76400,Bachelor,31316,42522,132,0,Corporate Auto,SUV,909,California,F
DR54244,High School or Below,2590,0,67,0,Personal Auto,Four-Door Car,321,California,F
FV63234,Bachelor,4957,0,67,0,Personal Auto,Four-Door Car,321,California,F
IV60781,Doctor,4014,37384,99,0,Personal Auto,Four-Door Car,475,California,F
AK59340,High School or Below,5601,42360,71,0,Corporate Auto,Four-Door Car,99,California,M
NF78904,Bachelor,7370,67871,61,0,Corporate Auto,Four-Door Car,10,California,F
IS55638,College,15503,29932,64,0,Personal Auto,Two-Door Car,319,California,F
RD40721,High School or Below,5384,0,78,0,Corporate Auto,Four-Door Car,748,California,M
ZF70768,High School or Below,4050,82758,101,0,Personal Auto,Two-Door Car,179,California,M
FH68849,Bachelor,12765,0,117,0,Personal Auto,SUV,842,California,F
ZO42514,Bachelor,9159,96331,114,0,Personal Auto,Two-Door Car,491,California,F
FR66336,High School or Below,5325,0,73,0,Personal Auto,Two-Door Car,496,California,M
MQ84363,Bachelor,11072,58971,94,1,Corporate Auto,Four-Door Car,318,California,M
UC75204,High School or Below,12851,0,186,0,Personal Auto,Luxury,1339,California,F
WN56695,College,8607,0,118,0,Personal Auto,Four-Door Car,566,California,M
MF59279,Bachelor,4222,0,63,0,Personal Auto,Two-Door Car,302,California,M
US30122,College,61134,0,198,0,Corporate Auto,Luxury,2275,California,M
IM15403,College,9368,44980,81,0,Corporate Auto,Two-Door Car,333,California,M
IH18704,Master,4365,23566,112,0,Personal Auto,SUV,537,California,M
FP27229,College,3384,54603,86,0,Corporate Auto,Four-Door Car,412,California,F
ZA60820,High School or Below,2409,0,67,0,Personal Auto,Two-Door Car,482,California,M
WT65970,High School or Below,7209,0,99,0,Personal Auto,Four-Door Car,715,California,F
IX10511,College,3875,0,117,0,Personal Auto,Luxury,842,California,M
XB71208,College,2735,96314,69,0,Personal Auto,Four-Door Car,296,California,F
QI99143,Bachelor,3092,31168,78,0,Corporate Auto,Four-Door Car,289,California,F
XQ19310,High School or Below,5006,0,71,0,Personal Auto,Two-Door Car,358,California,F
HK40573,College,14382,52174,121,0,Personal Auto,SUV,403,California,M
NN65590,College,2762,72335,69,0,Personal Auto,Four-Door Car,331,California,F
NG15940,High School or Below,3997,0,62,1,Corporate Auto,Four-Door Car,552,California,M
UE96503,Doctor,5599,0,73,0,Corporate Auto,Four-Door Car,350,California,M
AE90216,Bachelor,4974,75644,65,3,Personal Auto,Two-Door Car,467,California,M
LJ20215,High School or Below,3435,0,95,0,Corporate Auto,Four-Door Car,679,California,F
PF78020,College,5574,20075,71,0,Personal Auto,Four-Door Car,371,California,M
IU71285,Bachelor,6889,33786,89,1,Personal Auto,Two-Door Car,75,California,F
RM93459,College,17497,0,73,0,Personal Auto,Two-Door Car,350,California,M
XV53963,High School or Below,10986,96721,138,1,Personal Auto,SUV,662,California,M
ZK71157,Bachelor,5358,40833,69,0,Corporate Auto,Four-Door Car,294,California,F
FS31523,High School or Below,8532,0,122,2,Personal Auto,SUV,585,California,F
NH99355,High School or Below,4634,0,62,0,Personal Auto,Four-Door Car,297,California,M
EZ11341,College,8080,85210,68,0,Personal Auto,Two-Door Car,32,California,M
QE52050,Bachelor,5678,0,76,0,Corporate Auto,Four-Door Car,364,California,F
YT92071,Master,5243,44851,66,0,Corporate Auto,Four-Door Car,439,California,F
LO14234,High School or Below,12263,0,174,0,Personal Auto,SUV,1724,California,M
HH49378,Master,30859,69872,111,2,Corporate Auto,Luxury,218,California,M
JY66887,High School or Below,16320,0,247,3,Personal Auto,Luxury,1778,California,F
HZ39601,College,13447,26708,122,0,Personal Auto,SUV,585,California,F
TV35668,College,2722,17576,71,0,Personal Auto,Four-Door Car,398,California,F
BK83393,Bachelor,32317,55475,116,0,Personal Auto,SUV,412,California,F
ZN98560,College,7896,0,111,0,Corporate Auto,SUV,190,California,M
ZR81759,Master,2820,35855,70,0,Personal Auto,Two-Door Car,278,California,M
SV46904,High School or Below,6904,0,98,0,Personal Auto,Four-Door Car,1032,California,F
YN69214,Bachelor,7689,0,73,0,Personal Auto,Four-Door Car,617,California,M
ZI69514,College,4821,63391,64,4,Corporate Auto,Four-Door Car,119,California,M
NL33789,Bachelor,4077,53093,103,0,Corporate Auto,SUV,98,California,F
LU53495,College,2888,65412,73,1,Personal Auto,Four-Door Car,101,California,M
HN89408,College,3653,0,107,0,Corporate Auto,Four-Door Car,770,California,M
PF71940,Bachelor,4836,0,136,0,Personal Auto,SUV,979,California,F
VJ49806,College,13009,0,61,0,Personal Auto,Two-Door Car,380,California,M
GY40926,College,2612,37073,66,0,Personal Auto,Four-Door Car,316,California,M
II32272,High School or Below,25390,19359,129,0,Personal Auto,Luxury,928,California,F
NG68910,High School or Below,8901,46814,113,0,Corporate Auto,SUV,542,California,M
XK43825,College,4704,0,68,1,Personal Auto,Two-Door Car,326,California,M
LA29810,College,6240,68332,79,3,Personal Auto,Four-Door Car,379,California,F
BU71528,College,8053,17301,105,0,Personal Auto,Four-Door Car,638,California,M
OM73267,High School or Below,5229,69545,65,0,Corporate Auto,Four-Door Car,312,California,F
IW72280,Doctor,5035,37405,63,3,Corporate Auto,Four-Door Car,287,California,F
PH47195,Bachelor,5492,74271,136,0,Personal Auto,Luxury,174,California,M
KU85991,High School or Below,2592,72421,65,0,Corporate Auto,Four-Door Car,312,California,M
LK49091,Bachelor,3657,62650,92,0,Personal Auto,Four-Door Car,148,California,F
OK96130,High School or Below,5319,37331,134,0,Personal Auto,SUV,898,California,M
MN83273,High School or Below,41787,46587,119,2,Personal Auto,Four-Door Car,571,California,F
NY89701,Bachelor,5977,25320,76,1,Personal Auto,Four-Door Car,269,California,F
FL30667,College,9298,22094,79,1,Corporate Auto,Four-Door Car,460,California,F
AW27717,High School or Below,20531,12503,92,0,Personal Auto,Four-Door Car,120,California,F
OL28568,Bachelor,8725,69772,112,0,Personal Auto,Four-Door Car,537,California,M
EA52579,Bachelor,7687,0,109,0,Personal Auto,SUV,523,California,F
WZ96432,Master,9150,32370,115,0,Corporate Auto,SUV,552,California,F
HC90344,Bachelor,20370,0,73,1,Corporate Auto,Four-Door Car,525,California,F
SG59507,College,2775,38222,71,0,Personal Auto,Four-Door Car,166,California,F
HE85298,High School or Below,4384,32272,110,0,Corporate Auto,SUV,6,California,F
CR83581,College,7712,27816,118,5,Personal Auto,SUV,566,California,M
MB15338,College,11472,62134,73,0,Personal Auto,Two-Door Car,25,California,M
YR10848,Bachelor,4118,69379,103,0,Personal Auto,Two-Door Car,494,California,F
KA69047,Bachelor,3450,68082,88,0,Personal Auto,Four-Door Car,39,California,M
XE72624,High School or Below,2536,34653,64,0,Corporate Auto,Four-Door Car,307,California,F
UN77671,College,7330,26906,92,0,Personal Auto,Two-Door Car,106,California,F
RN72721,High School or Below,8886,20903,117,0,Personal Auto,SUV,561,California,F
LO94085,College,3193,80580,81,2,Personal Auto,Two-Door Car,41,California,F
JR89623,High School or Below,2698,76025,67,0,Corporate Auto,Four-Door Car,151,California,F
VF65535,College,42937,64937,122,0,Corporate Auto,SUV,328,California,F
CF95802,College,8151,0,114,0,Personal Auto,SUV,820,California,M
XX88364,Bachelor,8622,97361,73,0,Corporate Auto,Four-Door Car,350,California,M
CK15380,High School or Below,2784,20814,72,0,Personal Auto,Four-Door Car,288,California,F
HS97983,High School or Below,30647,0,105,0,Personal Auto,Four-Door Car,1212,California,F
CC92362,Bachelor,8936,18141,116,0,Personal Auto,Four-Door Car,722,California,M
JW21133,Bachelor,6480,18820,95,4,Personal Auto,Two-Door Car,456,California,M
YP72749,Bachelor,2449,44662,63,1,Corporate Auto,Four-Door Car,165,California,F
KW99972,High School or Below,10524,40332,132,2,Personal Auto,Luxury,463,California,F
NW62233,Master,5314,66467,66,0,Personal Auto,Two-Door Car,294,California,M
HJ62427,College,3522,90804,87,0,Personal Auto,Four-Door Car,169,California,F
TA31436,Bachelor,8132,36737,102,0,Corporate Auto,Luxury,512,California,F
ZK67670,Master,31758,44207,99,0,Corporate Auto,Four-Door Car,407,California,F
QK82654,College,19849,0,286,0,Personal Auto,Luxury,2059,California,M
GY43856,College,4349,75648,108,0,Corporate Auto,SUV,112,California,F
BA87216,College,20878,50555,88,0,Personal Auto,Four-Door Car,422,California,M
OH83983,Doctor,3528,31278,92,4,Personal Auto,Two-Door Car,441,California,M
ZU83252,Master,8703,61897,72,0,Personal Auto,Four-Door Car,3,California,F
DN92191,Master,8383,68717,70,0,Personal Auto,Four-Door Car,810,California,M
XR74007,Bachelor,3540,62863,88,0,Corporate Auto,Four-Door Car,94,California,F
GB32334,College,5379,24702,68,0,Personal Auto,Four-Door Car,214,California,F
QW59726,Master,2944,87274,73,1,Personal Auto,Four-Door Car,350,California,F
XO43812,Master,8028,56482,199,0,Personal Auto,Luxury,955,California,M
UI75273,High School or Below,7522,47727,94,0,Corporate Auto,Two-Door Car,451,California,F
MR76405,College,9470,46530,80,1,Corporate Auto,Four-Door Car,118,California,F
VF65251,College,6674,0,189,0,Personal Auto,Luxury,1737,California,M
GH31245,High School or Below,12694,73274,105,0,Corporate Auto,SUV,284,California,F
UW20734,College,3590,82918,89,0,Personal Auto,Two-Door Car,29,California,F
KK61203,High School or Below,3934,20920,103,0,Personal Auto,Four-Door Car,494,California,M
UQ54273,College,11790,25251,66,0,Personal Auto,Four-Door Car,316,California,M
PV48046,Master,5267,39722,133,0,Personal Auto,SUV,638,California,M
QW21219,High School or Below,16468,0,63,0,Corporate Auto,Four-Door Car,685,California,F
PR80703,Bachelor,5745,51335,71,0,Personal Auto,Four-Door Car,171,California,F
OI44122,Bachelor,8845,45600,113,0,Personal Auto,SUV,617,California,M
YM44855,Master,6570,52951,167,1,Personal Auto,SUV,289,California,F
CS35098,College,10212,93920,84,0,Corporate Auto,Four-Door Car,213,California,M
VV57998,Bachelor,2556,0,71,0,Corporate Auto,Four-Door Car,340,California,M
ZC17826,Bachelor,15552,0,64,0,Personal Auto,Four-Door Car,307,California,M
WD85096,Master,4904,27593,63,0,Corporate Auto,Two-Door Car,241,California,F
LZ57827,Bachelor,13931,37695,118,0,Personal Auto,SUV,352,California,M
CV70978,Bachelor,7756,97592,65,0,Personal Auto,Four-Door Car,312,California,M
GQ42004,College,11232,0,74,0,Personal Auto,Four-Door Car,355,California,M
AV93209,High School or Below,12487,31283,104,0,Personal Auto,Four-Door Car,499,California,F
BV27017,College,17602,0,161,1,Corporate Auto,SUV,772,California,F
VU71619,Bachelor,13277,96402,110,0,Personal Auto,SUV,379,California,M
FM12425,College,19337,26488,247,0,Personal Auto,Luxury,1321,California,M
DY27031,High School or Below,4448,0,70,3,Personal Auto,Four-Door Car,432,California,M
UE75424,Doctor,10732,75728,133,0,Corporate Auto,SUV,44,California,M
MU67498,College,7200,0,66,0,Corporate Auto,Four-Door Car,316,California,F
IX32007,Bachelor,2864,0,109,4,Personal Auto,SUV,1145,California,M
DF86803,High School or Below,5308,0,73,0,Corporate Auto,Four-Door Car,525,California,M
JS10224,College,18321,76726,65,0,Personal Auto,Four-Door Car,10,California,F
HA93483,Bachelor,4319,11811,110,0,Personal Auto,Luxury,808,California,F
WW80551,High School or Below,6556,0,63,0,Personal Auto,Four-Door Car,453,California,M
WI89701,College,5705,0,74,0,Personal Auto,Two-Door Car,432,California,F
JQ81164,College,6656,26628,85,0,Corporate Auto,Two-Door Car,408,California,F
KA25468,Master,4905,46177,61,0,Personal Auto,Four-Door Car,379,California,M
IW31117,Doctor,5620,21142,71,0,Personal Auto,Two-Door Car,79,California,M
MI91352,Bachelor,8382,25998,71,0,Personal Auto,Four-Door Car,791,California,M
CP93345,Bachelor,2857,85300,73,2,Corporate Auto,Four-Door Car,319,California,F
CZ20440,High School or Below,4291,0,62,1,Corporate Auto,Four-Door Car,403,California,F
KZ35883,College,33288,91541,118,0,Personal Auto,Four-Door Car,51,California,F
SJ30138,High School or Below,4145,0,118,0,Corporate Auto,SUV,566,California,M
AO77635,College,4005,28987,102,0,Personal Auto,SUV,245,California,F
PJ36160,Bachelor,16272,83589,103,0,Personal Auto,SUV,366,California,M
XT41916,High School or Below,5143,0,72,0,Personal Auto,Four-Door Car,375,California,F
EA61783,Bachelor,26232,35868,110,0,Personal Auto,SUV,528,California,F
IS12075,High School or Below,5100,0,71,1,Corporate Auto,Four-Door Car,653,California,F
QV14053,High School or Below,2708,53807,68,0,Personal Auto,Two-Door Car,63,California,M
ZZ68210,High School or Below,30745,0,110,0,Personal Auto,Four-Door Car,1004,California,M
BT57285,High School or Below,4563,0,124,0,Personal Auto,SUV,595,California,M
UF88512,Bachelor,7442,57517,96,0,Corporate Auto,Four-Door Car,460,California,M
RI76399,High School or Below,17636,37109,63,0,Corporate Auto,Two-Door Car,302,California,F
OY95386,Bachelor,8418,0,115,0,Personal Auto,SUV,552,California,F
BJ58596,High School or Below,2486,0,72,0,Corporate Auto,Two-Door Car,518,California,F
HV75193,Master,2866,26924,73,0,Personal Auto,Four-Door Car,262,California,F
LI81655,Master,6638,21586,167,1,Personal Auto,Luxury,801,California,M
XP61922,Bachelor,2530,89451,63,0,Personal Auto,Four-Door Car,61,California,F
JA12512,Bachelor,5556,97424,68,0,Personal Auto,Two-Door Car,230,California,F
FP20500,Bachelor,6264,0,89,0,Corporate Auto,Two-Door Car,850,California,M
MS88882,College,5639,24636,77,0,Personal Auto,Two-Door Car,480,California,M
QH52104,Master,3903,0,104,0,Personal Auto,Four-Door Car,499,California,M
BM92346,High School or Below,3919,66676,97,0,Personal Auto,Four-Door Car,558,California,F
NS23754,High School or Below,2566,21375,65,0,Corporate Auto,Four-Door Car,312,California,F
ZG54759,College,2837,41408,73,1,Corporate Auto,Four-Door Car,268,California,F
LI31082,Bachelor,12741,73054,106,1,Personal Auto,SUV,419,California,F
UY51200,College,8888,77104,112,1,Corporate Auto,SUV,436,California,M
UV44323,College,4903,0,133,0,Personal Auto,SUV,638,California,F
TO55166,Bachelor,2600,72766,65,0,Personal Auto,Two-Door Car,91,California,M
TZ28073,Bachelor,4341,23352,112,0,Personal Auto,SUV,537,California,M
UF31027,College,4298,76778,107,1,Personal Auto,SUV,500,California,F
UV48386,Master,2698,40154,67,0,Corporate Auto,Four-Door Car,360,California,M
HO74982,Bachelor,5382,74888,68,3,Personal Auto,Two-Door Car,335,California,F
BD12981,College,5732,39337,74,1,Personal Auto,Four-Door Car,277,California,F
JC18314,Bachelor,7089,28121,90,0,Personal Auto,Two-Door Car,432,California,M
BP90016,Master,8302,78032,103,0,Corporate Auto,SUV,323,California,M
PS23376,High School or Below,5671,69668,70,0,Corporate Auto,Two-Door Car,64,California,F
LX30483,College,3371,0,102,3,Personal Auto,SUV,489,California,F
FQ93665,High School or Below,18939,21911,67,0,Corporate Auto,Four-Door Car,705,California,F
LG73224,High School or Below,2670,52572,68,0,Personal Auto,Four-Door Car,379,California,M
WJ92113,Bachelor,14031,91061,116,0,Personal Auto,Four-Door Car,556,California,F
ZT26848,High School or Below,8314,40447,105,0,Personal Auto,SUV,377,California,M
SO42230,Master,7126,22490,90,0,Personal Auto,Two-Door Car,88,California,F
VB65967,Bachelor,27430,49331,138,0,Personal Auto,SUV,386,California,M
ED82243,College,7019,26806,63,0,Personal Auto,Four-Door Car,302,California,M
AU62013,Doctor,24826,67572,102,0,Personal Auto,Luxury,296,California,F
TT68630,Bachelor,3351,90213,83,0,Personal Auto,Two-Door Car,398,California,F
RV82726,High School or Below,4437,22768,112,0,Personal Auto,Four-Door Car,537,California,M
VC11777,High School or Below,5187,80521,65,2,Personal Auto,Four-Door Car,342,California,F
HZ68892,College,4584,85245,115,0,Personal Auto,Luxury,556,California,M
RY44243,College,5945,65602,73,0,Personal Auto,Four-Door Car,61,California,F
DR77989,College,4785,0,68,0,Personal Auto,Four-Door Car,199,California,M
PU25344,Bachelor,7275,0,106,0,Personal Auto,SUV,1247,California,M
NC80854,College,4940,0,71,0,Personal Auto,Four-Door Car,511,California,F
PG90331,College,18635,11656,70,0,Personal Auto,Two-Door Car,336,California,M
TI14001,College,7507,60920,64,0,Corporate Auto,Two-Door Car,231,California,M
FP51143,College,2130,0,62,0,Corporate Auto,Two-Door Car,446,California,M
LK19630,High School or Below,2907,52216,72,1,Personal Auto,Four-Door Car,362,California,F
JK16503,High School or Below,4916,0,67,0,Personal Auto,Two-Door Car,321,California,M
WG29557,Master,5067,74919,63,0,Personal Auto,Four-Door Car,206,California,M
EQ96084,Bachelor,7822,33963,99,0,Corporate Auto,Four-Door Car,222,California,F
WH28633,College,2897,75041,74,0,Personal Auto,Four-Door Car,56,California,M
KN50049,College,18882,24054,176,0,Personal Auto,SUV,1133,California,M
RN48574,College,6273,18577,86,0,Corporate Auto,Four-Door Car,412,California,F
PD11073,College,7614,35045,96,0,Personal Auto,Four-Door Car,420,California,F
FS86064,Bachelor,2117,0,64,0,Personal Auto,Four-Door Car,426,California,M
JU47573,Bachelor,2290,0,64,0,Personal Auto,Four-Door Car,482,California,F
VN59368,College,6521,72608,82,3,Personal Auto,Four-Door Car,393,California,F
UI19516,College,16909,65620,213,0,Corporate Auto,Luxury,766,California,M
ZV55368,High School or Below,5709,75650,71,0,Corporate Auto,Four-Door Car,104,California,M
OS54451,Bachelor,2627,31964,67,0,Personal Auto,Four-Door Car,120,California,M
IP93821,High School or Below,3600,25147,101,0,Personal Auto,SUV,694,California,F
AR17553,Master,6111,22944,80,0,Corporate Auto,Four-Door Car,488,California,M
SM10031,Master,2933,0,78,0,Personal Auto,Four-Door Car,398,California,M
CK14803,College,4325,94242,107,0,Personal Auto,SUV,52,California,M
CJ35075,High School or Below,4665,0,68,1,Personal Auto,Four-Door Car,326,California,F
NA56063,College,43019,0,132,0,Corporate Auto,SUV,904,California,M
CA62597,Bachelor,7482,0,101,0,Corporate Auto,SUV,978,California,F
ZO23305,Bachelor,4929,25632,63,0,Personal Auto,Two-Door Car,351,California,M
UD20999,Master,2537,0,68,0,Corporate Auto,Four-Door Car,326,California,M
FQ66351,Bachelor,5322,33681,138,1,Personal Auto,SUV,873,California,F
AB69140,Master,25093,36007,70,0,Personal Auto,Four-Door Car,336,California,M
CT53265,College,2656,18834,69,0,Personal Auto,Two-Door Car,453,California,F
WN91223,Master,11073,82807,92,0,Personal Auto,Four-Door Car,302,California,M
MP48946,High School or Below,2499,72021,62,0,Corporate Auto,Two-Door Car,50,California,F
NE79174,Bachelor,5386,41228,70,3,Personal Auto,Two-Door Car,336,California,M
UI77960,High School or Below,6656,39834,83,0,Personal Auto,Four-Door Car,398,California,F
VD69291,College,2702,22415,69,0,Personal Auto,Four-Door Car,352,California,M
XD54132,High School or Below,2567,61900,64,0,Corporate Auto,Four-Door Car,307,California,F
AT33529,Doctor,2776,30893,70,0,Corporate Auto,Four-Door Car,85,California,F
AT79008,Bachelor,9065,40006,114,1,Personal Auto,Two-Door Car,132,California,F
UZ14076,High School or Below,32104,89546,266,1,Corporate Auto,Luxury,2452,California,F
EP10645,College,18677,0,86,0,Personal Auto,Four-Door Car,538,California,M
PW78930,Bachelor,2982,79523,74,0,Personal Auto,Four-Door Car,132,California,M
ZC97968,College,2736,17533,73,0,Personal Auto,Two-Door Car,350,California,M
SF30642,High School or Below,8996,49706,113,0,Personal Auto,SUV,617,California,M
AH22694,Doctor,5850,24317,73,1,Corporate Auto,Four-Door Car,350,California,M
SM87252,College,5843,77498,74,0,Personal Auto,Two-Door Car,249,California,M
MA60552,Bachelor,4015,28088,102,0,Personal Auto,SUV,489,California,M
PE51299,High School or Below,10781,73026,67,0,Personal Auto,Four-Door Car,321,California,M
JR22900,College,18484,36153,117,1,Corporate Auto,Luxury,323,California,F
DP19210,Master,9191,23823,115,0,Corporate Auto,Luxury,567,California,F
XP76338,Bachelor,4711,24843,61,2,Personal Auto,Four-Door Car,331,California,M
MW46400,High School or Below,7634,0,106,0,Corporate Auto,Four-Door Car,763,California,F
FB71914,College,30205,0,89,0,Personal Auto,Four-Door Car,469,California,M
OH15780,College,12280,88340,102,0,Personal Auto,Two-Door Car,489,California,M
QO56615,College,2980,13535,80,1,Personal Auto,Four-Door Car,384,California,F
EL67979,College,17223,22346,64,0,Personal Auto,Four-Door Car,307,California,M
OW68478,High School or Below,12298,17101,113,0,Corporate Auto,SUV,542,California,M
SF13677,High School or Below,2843,0,81,0,Personal Auto,Four-Door Car,583,California,M
MP80287,College,9498,0,90,0,Personal Auto,Two-Door Car,432,California,F
UK45178,Bachelor,2224,0,67,1,Personal Auto,Two-Door Car,482,California,F
JC29850,Bachelor,7506,0,67,1,Corporate Auto,Two-Door Car,321,California,M
IK44574,Bachelor,5608,28483,72,0,Corporate Auto,Four-Door Car,345,California,M
KE98143,Master,2700,89362,67,0,Personal Auto,Four-Door Car,116,California,F
XN28388,College,4130,0,66,2,Corporate Auto,Four-Door Car,523,California,F
AX38728,College,2966,0,81,0,Personal Auto,Two-Door Car,388,California,M
IX18485,High School or Below,9594,27443,86,2,Personal Auto,Four-Door Car,685,California,F
KB42322,Bachelor,6761,70829,85,0,Personal Auto,Four-Door Car,553,California,F
RW54189,Bachelor,5747,23504,73,0,Personal Auto,Four-Door Car,350,California,M
FV70604,Bachelor,5048,0,142,0,Corporate Auto,SUV,880,California,F
PC23709,Bachelor,5714,74905,72,0,Personal Auto,Four-Door Car,167,California,F
RB75458,High School or Below,2230,0,65,0,Personal Auto,Four-Door Car,712,California,M
RX14132,High School or Below,7228,25926,61,0,Personal Auto,Two-Door Car,292,California,M
AF36894,Bachelor,4392,33640,113,0,Corporate Auto,SUV,542,California,M
UY32623,College,3593,18213,96,1,Corporate Auto,Four-Door Car,460,California,F
AL95338,High School or Below,6679,0,91,0,Personal Auto,Four-Door Car,655,California,F
WL28610,High School or Below,4146,0,116,1,Corporate Auto,SUV,556,California,F
AC73173,Bachelor,3694,0,102,0,Personal Auto,SUV,610,California,M
GV76798,Master,4781,30361,119,1,Personal Auto,Four-Door Car,373,California,F
SP29219,College,3885,0,105,0,Personal Auto,Four-Door Car,504,California,M
CI30899,College,4737,0,68,0,Personal Auto,Two-Door Car,326,California,F
MI49191,Bachelor,9410,96060,117,0,Corporate Auto,Four-Door Car,561,California,M
YP16210,College,5878,25398,74,0,Personal Auto,Four-Door Car,465,California,F
CO91673,Bachelor,4547,29031,61,2,Personal Auto,Four-Door Car,292,California,F
CC93587,College,5926,92949,74,0,Personal Auto,Two-Door Car,337,California,M
MX48796,Bachelor,4873,0,68,0,Corporate Auto,Four-Door Car,356,California,F
IC80537,College,2580,46900,66,0,Corporate Auto,Four-Door Car,316,California,M
AA93585,College,7083,97024,177,0,Personal Auto,SUV,686,California,M
SR41132,High School or Below,30104,0,94,0,Corporate Auto,Two-Door Car,848,California,F
IT11766,Bachelor,4148,61896,104,0,Personal Auto,SUV,461,California,F
QO68842,Doctor,2518,39317,64,0,Personal Auto,Four-Door Car,77,California,F
RY47606,Bachelor,3843,43987,96,0,Personal Auto,Four-Door Car,460,California,M
CX22458,Master,9075,37722,116,0,Personal Auto,Luxury,158,California,M
TL44525,Bachelor,2619,78618,66,0,Corporate Auto,Two-Door Car,225,California,M
CZ57208,Bachelor,15245,30205,195,0,Personal Auto,Luxury,1329,California,F
LM97847,College,2615,57023,67,0,Personal Auto,Four-Door Car,250,California,M
IK96366,College,5551,36918,76,3,Personal Auto,Two-Door Car,364,California,M
SJ86522,High School or Below,6827,0,102,0,Corporate Auto,SUV,956,California,M
UU42868,High School or Below,5619,0,153,0,Corporate Auto,SUV,1027,California,M
GX11087,High School or Below,3907,0,109,0,Personal Auto,SUV,666,California,F
JR41742,College,3622,0,108,0,Corporate Auto,SUV,1254,California,M
RA89822,High School or Below,34611,20090,109,0,Personal Auto,Luxury,523,California,F
IJ25462,Bachelor,2845,86631,73,1,Personal Auto,Four-Door Car,400,California,M
ZP86347,College,5500,44019,138,0,Personal Auto,SUV,165,California,F
HO82823,Bachelor,3358,59367,84,0,Personal Auto,Four-Door Car,6,California,F
EA54906,High School or Below,7501,38874,94,0,Corporate Auto,Four-Door Car,331,California,F
BC64697,College,11663,0,107,0,Personal Auto,Four-Door Car,513,California,F
VV68726,High School or Below,5133,28647,69,0,Personal Auto,Four-Door Car,331,California,F
QR91631,High School or Below,8732,51205,72,0,Personal Auto,Two-Door Car,185,California,F
OT56964,Master,9424,46897,118,0,Corporate Auto,SUV,322,California,M
YX35990,Master,5479,56005,68,1,Corporate Auto,Four-Door Car,326,California,M
RN61682,Bachelor,2114,0,72,5,Personal Auto,Four-Door Car,518,California,F
BB10681,College,4140,0,123,2,Corporate Auto,SUV,590,California,F
FH43628,College,25464,13663,97,0,Personal Auto,Four-Door Car,465,California,F
WZ45103,Bachelor,5678,0,76,0,Personal Auto,Four-Door Car,364,California,F
CB59349,Master,16261,60646,134,0,Personal Auto,SUV,643,California,M
RX91025,High School or Below,19872,0,185,0,Personal Auto,SUV,1950,California,M
AC13887,Bachelor,4628,0,67,0,Corporate Auto,Two-Door Car,482,California,M
TF56202,College,5032,66367,64,0,Personal Auto,Two-Door Car,307,California,M
YM19146,College,4100,47761,104,0,Personal Auto,Four-Door Car,541,California,F
LA72316,Bachelor,23405,71941,73,0,Personal Auto,Four-Door Car,198,California,M
PK87824,College,3096,21604,79,0,Corporate Auto,Four-Door Car,379,California,F
TD14365,Bachelor,8163,0,85,3,Corporate Auto,Four-Door Car,790,California,M
UP19263,College,7524,21941,96,0,Personal Auto,Four-Door Car,691,California,M
Y167826,College,2611,0,77,0,Corporate Auto,Two-Door Car,369,California,M
